**********************************************************************
*                                                                    *
*                        This is flow 2026.04                        *
*                                                                    *
* Flow is a simulator for fully implicit three-phase black-oil flow, *
*             including solvent and polymer capabilities.            *
*          For more information, see https://opm-project.org         *
*                                                                    *
**********************************************************************

Using 1 MPI processes with 2 OMP threads on each 

Reading deck file '/deck/Model_Z.data'
    0 Reading RUNSPEC  in /deck/Model_Z.data line 6
    1 Reading UNIFOUT  in /deck/Model_Z.data line 8
    2 Reading START    in /deck/Model_Z.data line 15
    3 Reading OIL      in /deck/Model_Z.data line 19
    4 Reading WATER    in /deck/Model_Z.data line 22
    5 Reading GAS      in /deck/Model_Z.data line 25
    6 Reading DISGAS   in /deck/Model_Z.data line 28
    7 Reading METRIC   in /deck/Model_Z.data line 31
    8 Reading ENDSCALE in /deck/Model_Z.data line 34
    9 Reading DIMENS   in /deck/Model_Z.data line 38
   10 Reading TABDIMS  in /deck/Model_Z.data line 42
   11 Reading REGDIMS  in /deck/Model_Z.data line 46
   12 Reading WELLDIMS in /deck/Model_Z.data line 50
   13 Reading EQLDIMS  in /deck/Model_Z.data line 53
   14 Reading AQUDIMS  in /deck/Model_Z.data line 57
   15 Reading GRIDOPTS in /deck/Model_Z.data line 61
   16 Reading GRID     in /deck/Model_Z.data line 71
   17 Reading INIT     in /deck/Model_Z_grid.inc line 1
   18 Reading MINPV    in /deck/Model_Z_grid.inc line 3
   19 Reading COORD    in /deck/Model_Z_grid.inc line 6
   20 Reading ZCORN    in /deck/Model_Z_grid.inc line 9485
   21 Reading ACTNUM   in /deck/Model_Z_grid.inc line 557125
   22 Reading PORO     in /deck/Model_Z_grid.inc line 558558
   23 Reading NTG      in /deck/Model_Z_grid.inc line 589077
   24 Reading PERMX    in /deck/Model_Z_grid.inc line 590510
   25 Reading PERMY    in /deck/Model_Z_grid.inc line 621038
   26 Reading PERMZ    in /deck/Model_Z_grid.inc line 651547
   27 Reading PINCHREG in /deck/Model_Z_grid.inc line 682052
   28 Reading EDIT     in /deck/Model_Z.data line 80
   29 Reading PORV     in /deck/Model_Z_edit.inc line 2
   30 Reading MULTZ    in /deck/Model_Z_edit.inc line 30502
   31 Reading PROPS    in /deck/Model_Z.data line 89
   32 Reading PVTO     in /deck/Model_Z_props.inc line 6
   33 Reading PVDG     in /deck/Model_Z_props.inc line 355
   34 Reading PVTW     in /deck/Model_Z_props.inc line 364
   35 Reading DENSITY  in /deck/Model_Z_props.inc line 370
   36 Reading RTEMP    in /deck/Model_Z_props.inc line 376
   37 Reading ROCK     in /deck/Model_Z_props.inc line 381
   38 Reading STCOND   in /deck/Model_Z_props.inc line 387
   39 Reading SCALECRS in /deck/Model_Z_props.inc line 392
   40 Reading SWOF     in /deck/Model_Z_props.inc line 398
   41 Reading SGOF     in /deck/Model_Z_props.inc line 502
   42 Reading REGIONS  in /deck/Model_Z.data line 98
   43 Reading SATNUM   in /deck/Model_Z_regs.inc line 2
   44 Reading PVTNUM   in /deck/Model_Z_regs.inc line 1435
   45 Reading EQLNUM   in /deck/Model_Z_regs.inc line 2868
   46 Reading FIP_C1   in /deck/Model_Z_regs.inc line 4475
   47 Reading FIP_ZONE in /deck/Model_Z_regs.inc line 5908
   48 Reading SOLUTION in /deck/Model_Z.data line 107
   49 Reading EQUIL    in /deck/Model_Z_init.inc line 6
   50 Reading RSVD     in /deck/Model_Z_init.inc line 25
   51 Reading SUMMARY  in /deck/Model_Z.data line 116
   52 Reading WLPT     in /deck/Model_Z_summary.inc line 4
   53 Reading WWIT     in /deck/Model_Z_summary.inc line 110
   54 Reading WLPR     in /deck/Model_Z_summary.inc line 216
   55 Reading WWIR     in /deck/Model_Z_summary.inc line 322
   56 Reading WTHP     in /deck/Model_Z_summary.inc line 428
   57 Reading WBHP     in /deck/Model_Z_summary.inc line 534
   58 Reading WEFF     in /deck/Model_Z_summary.inc line 640
   59 Reading WMCTL    in /deck/Model_Z_summary.inc line 746
   60 Reading COPT     in /deck/Model_Z_summary.inc line 852
   61 Reading COPR     in /deck/Model_Z_summary.inc line 2223
   62 Reading SCHEDULE in /deck/Model_Z.data line 125
   63 Reading RPTSCHED in /deck/Model_Z_sch.inc line 1
   64 Reading WELSPECS in /deck/Model_Z_sch.inc line 5
   65 Reading DATES    in /deck/Model_Z_sch.inc line 111
   66 Reading COMPDAT  in /deck/Model_Z_sch.inc line 115
   67 Reading WCONPROD in /deck/Model_Z_sch.inc line 137
   68 Reading DATES    in /deck/Model_Z_sch.inc line 145
   69 Reading COMPDAT  in /deck/Model_Z_sch.inc line 149
   70 Reading WCONPROD in /deck/Model_Z_sch.inc line 156
   71 Reading DATES    in /deck/Model_Z_sch.inc line 165
   72 Reading COMPDAT  in /deck/Model_Z_sch.inc line 169
   73 Reading WCONPROD in /deck/Model_Z_sch.inc line 176
   74 Reading DATES    in /deck/Model_Z_sch.inc line 186
   75 Reading COMPDAT  in /deck/Model_Z_sch.inc line 190
   76 Reading WCONPROD in /deck/Model_Z_sch.inc line 216
   77 Reading DATES    in /deck/Model_Z_sch.inc line 232
   78 Reading WCONPROD in /deck/Model_Z_sch.inc line 236
   79 Reading DATES    in /deck/Model_Z_sch.inc line 252
   80 Reading WCONPROD in /deck/Model_Z_sch.inc line 256
   81 Reading DATES    in /deck/Model_Z_sch.inc line 272
   82 Reading COMPDAT  in /deck/Model_Z_sch.inc line 276
   83 Reading WCONPROD in /deck/Model_Z_sch.inc line 285
   84 Reading DATES    in /deck/Model_Z_sch.inc line 303
   85 Reading COMPDAT  in /deck/Model_Z_sch.inc line 307
   86 Reading WCONPROD in /deck/Model_Z_sch.inc line 337
   87 Reading DATES    in /deck/Model_Z_sch.inc line 362
   88 Reading COMPDAT  in /deck/Model_Z_sch.inc line 366
   89 Reading WCONPROD in /deck/Model_Z_sch.inc line 394
   90 Reading DATES    in /deck/Model_Z_sch.inc line 427
   91 Reading COMPDAT  in /deck/Model_Z_sch.inc line 431
   92 Reading WCONPROD in /deck/Model_Z_sch.inc line 441
   93 Reading DATES    in /deck/Model_Z_sch.inc line 478
   94 Reading WCONPROD in /deck/Model_Z_sch.inc line 482
   95 Reading DATES    in /deck/Model_Z_sch.inc line 519
   96 Reading WCONPROD in /deck/Model_Z_sch.inc line 523
   97 Reading DATES    in /deck/Model_Z_sch.inc line 560
   98 Reading WCONPROD in /deck/Model_Z_sch.inc line 564
   99 Reading DATES    in /deck/Model_Z_sch.inc line 601
  100 Reading WCONPROD in /deck/Model_Z_sch.inc line 605
  101 Reading DATES    in /deck/Model_Z_sch.inc line 642
  102 Reading WCONPROD in /deck/Model_Z_sch.inc line 646
  103 Reading DATES    in /deck/Model_Z_sch.inc line 683
  104 Reading WCONPROD in /deck/Model_Z_sch.inc line 687
  105 Reading DATES    in /deck/Model_Z_sch.inc line 724
  106 Reading WCONPROD in /deck/Model_Z_sch.inc line 728
  107 Reading DATES    in /deck/Model_Z_sch.inc line 765
  108 Reading COMPDAT  in /deck/Model_Z_sch.inc line 769
  109 Reading WCONPROD in /deck/Model_Z_sch.inc line 797
  110 Reading DATES    in /deck/Model_Z_sch.inc line 841
  111 Reading WCONPROD in /deck/Model_Z_sch.inc line 845
  112 Reading DATES    in /deck/Model_Z_sch.inc line 889
  113 Reading WCONPROD in /deck/Model_Z_sch.inc line 893
  114 Reading DATES    in /deck/Model_Z_sch.inc line 937
  115 Reading COMPDAT  in /deck/Model_Z_sch.inc line 941
  116 Reading WCONPROD in /deck/Model_Z_sch.inc line 949
  117 Reading DATES    in /deck/Model_Z_sch.inc line 994
  118 Reading COMPDAT  in /deck/Model_Z_sch.inc line 998
  119 Reading WCONPROD in /deck/Model_Z_sch.inc line 1011
  120 Reading DATES    in /deck/Model_Z_sch.inc line 1059
  121 Reading WCONPROD in /deck/Model_Z_sch.inc line 1063
  122 Reading DATES    in /deck/Model_Z_sch.inc line 1111
  123 Reading COMPDAT  in /deck/Model_Z_sch.inc line 1115
  124 Reading WCONPROD in /deck/Model_Z_sch.inc line 1129
  125 Reading DATES    in /deck/Model_Z_sch.inc line 1179
  126 Reading COMPDAT  in /deck/Model_Z_sch.inc line 1183
  127 Reading WCONPROD in /deck/Model_Z_sch.inc line 1193
  128 Reading DATES    in /deck/Model_Z_sch.inc line 1245
  129 Reading WCONPROD in /deck/Model_Z_sch.inc line 1249
  130 Reading DATES    in /deck/Model_Z_sch.inc line 1301
  131 Reading WCONPROD in /deck/Model_Z_sch.inc line 1305
  132 Reading DATES    in /deck/Model_Z_sch.inc line 1357
  133 Reading WCONPROD in /deck/Model_Z_sch.inc line 1361
  134 Reading DATES    in /deck/Model_Z_sch.inc line 1413
  135 Reading WCONPROD in /deck/Model_Z_sch.inc line 1417
  136 Reading DATES    in /deck/Model_Z_sch.inc line 1469
  137 Reading WCONPROD in /deck/Model_Z_sch.inc line 1473
  138 Reading DATES    in /deck/Model_Z_sch.inc line 1525
  139 Reading WCONPROD in /deck/Model_Z_sch.inc line 1529
  140 Reading DATES    in /deck/Model_Z_sch.inc line 1581
  141 Reading COMPDAT  in /deck/Model_Z_sch.inc line 1585
  142 Reading WCONPROD in /deck/Model_Z_sch.inc line 1595
  143 Reading DATES    in /deck/Model_Z_sch.inc line 1649
  144 Reading COMPDAT  in /deck/Model_Z_sch.inc line 1653
  145 Reading WCONPROD in /deck/Model_Z_sch.inc line 1672
  146 Reading WCONINJE in /deck/Model_Z_sch.inc line 1726
  147 Reading DATES    in /deck/Model_Z_sch.inc line 1732
  148 Reading COMPDAT  in /deck/Model_Z_sch.inc line 1736
  149 Reading WCONPROD in /deck/Model_Z_sch.inc line 1747
  150 Reading WCONINJE in /deck/Model_Z_sch.inc line 1801
  151 Reading DATES    in /deck/Model_Z_sch.inc line 1807
  152 Reading COMPDAT  in /deck/Model_Z_sch.inc line 1811
  153 Reading WCONPROD in /deck/Model_Z_sch.inc line 1825
  154 Reading WCONINJE in /deck/Model_Z_sch.inc line 1882
  155 Reading DATES    in /deck/Model_Z_sch.inc line 1888
  156 Reading WCONPROD in /deck/Model_Z_sch.inc line 1892
  157 Reading WCONINJE in /deck/Model_Z_sch.inc line 1949
  158 Reading DATES    in /deck/Model_Z_sch.inc line 1955
  159 Reading WCONPROD in /deck/Model_Z_sch.inc line 1959
  160 Reading WCONINJE in /deck/Model_Z_sch.inc line 2016
  161 Reading DATES    in /deck/Model_Z_sch.inc line 2022
  162 Reading COMPDAT  in /deck/Model_Z_sch.inc line 2026
  163 Reading WCONPROD in /deck/Model_Z_sch.inc line 2043
  164 Reading WCONINJE in /deck/Model_Z_sch.inc line 2104
  165 Reading DATES    in /deck/Model_Z_sch.inc line 2110
  166 Reading WCONPROD in /deck/Model_Z_sch.inc line 2114
  167 Reading WCONINJE in /deck/Model_Z_sch.inc line 2175
  168 Reading DATES    in /deck/Model_Z_sch.inc line 2181
  169 Reading WCONPROD in /deck/Model_Z_sch.inc line 2185
  170 Reading WCONINJE in /deck/Model_Z_sch.inc line 2246
  171 Reading DATES    in /deck/Model_Z_sch.inc line 2252
  172 Reading WCONPROD in /deck/Model_Z_sch.inc line 2256
  173 Reading WCONINJE in /deck/Model_Z_sch.inc line 2317
  174 Reading DATES    in /deck/Model_Z_sch.inc line 2323
  175 Reading WCONPROD in /deck/Model_Z_sch.inc line 2327
  176 Reading WCONINJE in /deck/Model_Z_sch.inc line 2388
  177 Reading DATES    in /deck/Model_Z_sch.inc line 2394
  178 Reading WCONPROD in /deck/Model_Z_sch.inc line 2398
  179 Reading WCONINJE in /deck/Model_Z_sch.inc line 2459
  180 Reading DATES    in /deck/Model_Z_sch.inc line 2465
  181 Reading WCONPROD in /deck/Model_Z_sch.inc line 2469
  182 Reading WCONINJE in /deck/Model_Z_sch.inc line 2530
  183 Reading DATES    in /deck/Model_Z_sch.inc line 2536
  184 Reading COMPDAT  in /deck/Model_Z_sch.inc line 2540
  185 Reading WCONPROD in /deck/Model_Z_sch.inc line 2567
  186 Reading WCONINJE in /deck/Model_Z_sch.inc line 2634
  187 Reading DATES    in /deck/Model_Z_sch.inc line 2640
  188 Reading WCONPROD in /deck/Model_Z_sch.inc line 2644
  189 Reading WCONINJE in /deck/Model_Z_sch.inc line 2711
  190 Reading DATES    in /deck/Model_Z_sch.inc line 2717
  191 Reading WCONPROD in /deck/Model_Z_sch.inc line 2721
  192 Reading WCONINJE in /deck/Model_Z_sch.inc line 2788
  193 Reading DATES    in /deck/Model_Z_sch.inc line 2794
  194 Reading WCONPROD in /deck/Model_Z_sch.inc line 2798
  195 Reading WCONINJE in /deck/Model_Z_sch.inc line 2865
  196 Reading DATES    in /deck/Model_Z_sch.inc line 2871
  197 Reading WCONPROD in /deck/Model_Z_sch.inc line 2875
  198 Reading WCONINJE in /deck/Model_Z_sch.inc line 2942
  199 Reading DATES    in /deck/Model_Z_sch.inc line 2948
  200 Reading COMPDAT  in /deck/Model_Z_sch.inc line 2952
  201 Reading WCONPROD in /deck/Model_Z_sch.inc line 2969
  202 Reading WCONINJE in /deck/Model_Z_sch.inc line 3040
  203 Reading DATES    in /deck/Model_Z_sch.inc line 3046
  204 Reading WCONPROD in /deck/Model_Z_sch.inc line 3050
  205 Reading WCONINJE in /deck/Model_Z_sch.inc line 3121
  206 Reading DATES    in /deck/Model_Z_sch.inc line 3127
  207 Reading WCONPROD in /deck/Model_Z_sch.inc line 3131
  208 Reading WCONINJE in /deck/Model_Z_sch.inc line 3202
  209 Reading DATES    in /deck/Model_Z_sch.inc line 3208
  210 Reading WCONPROD in /deck/Model_Z_sch.inc line 3212
  211 Reading WCONINJE in /deck/Model_Z_sch.inc line 3283
  212 Reading DATES    in /deck/Model_Z_sch.inc line 3289
  213 Reading WCONPROD in /deck/Model_Z_sch.inc line 3293
  214 Reading WCONINJE in /deck/Model_Z_sch.inc line 3364
  215 Reading DATES    in /deck/Model_Z_sch.inc line 3370
  216 Reading WCONPROD in /deck/Model_Z_sch.inc line 3374
  217 Reading WCONINJE in /deck/Model_Z_sch.inc line 3445
  218 Reading DATES    in /deck/Model_Z_sch.inc line 3451
  219 Reading WCONPROD in /deck/Model_Z_sch.inc line 3455
  220 Reading WCONINJE in /deck/Model_Z_sch.inc line 3526
  221 Reading DATES    in /deck/Model_Z_sch.inc line 3532
  222 Reading COMPDAT  in /deck/Model_Z_sch.inc line 3536
  223 Reading WCONPROD in /deck/Model_Z_sch.inc line 3543
  224 Reading WCONINJE in /deck/Model_Z_sch.inc line 3616
  225 Reading DATES    in /deck/Model_Z_sch.inc line 3622
  226 Reading WCONPROD in /deck/Model_Z_sch.inc line 3626
  227 Reading WCONINJE in /deck/Model_Z_sch.inc line 3699
  228 Reading DATES    in /deck/Model_Z_sch.inc line 3705
  229 Reading WCONPROD in /deck/Model_Z_sch.inc line 3709
  230 Reading WCONINJE in /deck/Model_Z_sch.inc line 3782
  231 Reading DATES    in /deck/Model_Z_sch.inc line 3788
  232 Reading COMPDAT  in /deck/Model_Z_sch.inc line 3792
  233 Reading WCONPROD in /deck/Model_Z_sch.inc line 3799
  234 Reading WCONINJE in /deck/Model_Z_sch.inc line 3873
  235 Reading DATES    in /deck/Model_Z_sch.inc line 3879
  236 Reading WCONPROD in /deck/Model_Z_sch.inc line 3883
  237 Reading WCONINJE in /deck/Model_Z_sch.inc line 3957
  238 Reading DATES    in /deck/Model_Z_sch.inc line 3963
  239 Reading WCONPROD in /deck/Model_Z_sch.inc line 3967
  240 Reading WCONINJE in /deck/Model_Z_sch.inc line 4041
  241 Reading DATES    in /deck/Model_Z_sch.inc line 4047
  242 Reading WCONPROD in /deck/Model_Z_sch.inc line 4051
  243 Reading WCONINJE in /deck/Model_Z_sch.inc line 4125
  244 Reading DATES    in /deck/Model_Z_sch.inc line 4131
  245 Reading WCONPROD in /deck/Model_Z_sch.inc line 4135
  246 Reading WCONINJE in /deck/Model_Z_sch.inc line 4209
  247 Reading DATES    in /deck/Model_Z_sch.inc line 4215
  248 Reading WCONPROD in /deck/Model_Z_sch.inc line 4219
  249 Reading WCONINJE in /deck/Model_Z_sch.inc line 4293
  250 Reading DATES    in /deck/Model_Z_sch.inc line 4299
  251 Reading WCONPROD in /deck/Model_Z_sch.inc line 4303
  252 Reading WCONINJE in /deck/Model_Z_sch.inc line 4377
  253 Reading DATES    in /deck/Model_Z_sch.inc line 4383
  254 Reading COMPDAT  in /deck/Model_Z_sch.inc line 4387
  255 Reading WCONPROD in /deck/Model_Z_sch.inc line 4393
  256 Reading WCONINJE in /deck/Model_Z_sch.inc line 4467
  257 Reading DATES    in /deck/Model_Z_sch.inc line 4474
  258 Reading COMPDAT  in /deck/Model_Z_sch.inc line 4478
  259 Reading WCONPROD in /deck/Model_Z_sch.inc line 4488
  260 Reading WCONINJE in /deck/Model_Z_sch.inc line 4561
  261 Reading DATES    in /deck/Model_Z_sch.inc line 4569
  262 Reading COMPDAT  in /deck/Model_Z_sch.inc line 4573
  263 Reading WCONPROD in /deck/Model_Z_sch.inc line 4581
  264 Reading WCONINJE in /deck/Model_Z_sch.inc line 4656
  265 Reading DATES    in /deck/Model_Z_sch.inc line 4664
  266 Reading WCONPROD in /deck/Model_Z_sch.inc line 4668
  267 Reading WCONINJE in /deck/Model_Z_sch.inc line 4743
  268 Reading DATES    in /deck/Model_Z_sch.inc line 4751
  269 Reading WCONPROD in /deck/Model_Z_sch.inc line 4755
  270 Reading WCONINJE in /deck/Model_Z_sch.inc line 4830
  271 Reading DATES    in /deck/Model_Z_sch.inc line 4838
  272 Reading WCONPROD in /deck/Model_Z_sch.inc line 4842
  273 Reading WCONINJE in /deck/Model_Z_sch.inc line 4917
  274 Reading DATES    in /deck/Model_Z_sch.inc line 4925
  275 Reading WCONPROD in /deck/Model_Z_sch.inc line 4929
  276 Reading WCONINJE in /deck/Model_Z_sch.inc line 5004
  277 Reading DATES    in /deck/Model_Z_sch.inc line 5012
  278 Reading WCONPROD in /deck/Model_Z_sch.inc line 5016
  279 Reading WCONINJE in /deck/Model_Z_sch.inc line 5091
  280 Reading DATES    in /deck/Model_Z_sch.inc line 5099
  281 Reading WCONPROD in /deck/Model_Z_sch.inc line 5103
  282 Reading WCONINJE in /deck/Model_Z_sch.inc line 5178
  283 Reading DATES    in /deck/Model_Z_sch.inc line 5186
  284 Reading WCONPROD in /deck/Model_Z_sch.inc line 5190
  285 Reading WCONINJE in /deck/Model_Z_sch.inc line 5265
  286 Reading DATES    in /deck/Model_Z_sch.inc line 5273
  287 Reading WCONPROD in /deck/Model_Z_sch.inc line 5277
  288 Reading WCONINJE in /deck/Model_Z_sch.inc line 5352
  289 Reading DATES    in /deck/Model_Z_sch.inc line 5360
  290 Reading WCONPROD in /deck/Model_Z_sch.inc line 5364
  291 Reading WCONINJE in /deck/Model_Z_sch.inc line 5439
  292 Reading DATES    in /deck/Model_Z_sch.inc line 5447
  293 Reading WCONPROD in /deck/Model_Z_sch.inc line 5451
  294 Reading WCONINJE in /deck/Model_Z_sch.inc line 5526
  295 Reading DATES    in /deck/Model_Z_sch.inc line 5534
  296 Reading WCONPROD in /deck/Model_Z_sch.inc line 5538
  297 Reading WCONINJE in /deck/Model_Z_sch.inc line 5613
  298 Reading DATES    in /deck/Model_Z_sch.inc line 5621
  299 Reading WCONPROD in /deck/Model_Z_sch.inc line 5625
  300 Reading WCONINJE in /deck/Model_Z_sch.inc line 5700
  301 Reading DATES    in /deck/Model_Z_sch.inc line 5708
  302 Reading WCONPROD in /deck/Model_Z_sch.inc line 5712
  303 Reading WCONINJE in /deck/Model_Z_sch.inc line 5787
  304 Reading DATES    in /deck/Model_Z_sch.inc line 5795
  305 Reading WCONPROD in /deck/Model_Z_sch.inc line 5799
  306 Reading WCONINJE in /deck/Model_Z_sch.inc line 5874
  307 Reading DATES    in /deck/Model_Z_sch.inc line 5882
  308 Reading COMPDAT  in /deck/Model_Z_sch.inc line 5886
  309 Reading WCONPROD in /deck/Model_Z_sch.inc line 5893
  310 Reading WCONINJE in /deck/Model_Z_sch.inc line 5969
  311 Reading DATES    in /deck/Model_Z_sch.inc line 5977
  312 Reading WCONPROD in /deck/Model_Z_sch.inc line 5981
  313 Reading WCONINJE in /deck/Model_Z_sch.inc line 6057
  314 Reading DATES    in /deck/Model_Z_sch.inc line 6065
  315 Reading WCONPROD in /deck/Model_Z_sch.inc line 6069
  316 Reading WCONINJE in /deck/Model_Z_sch.inc line 6145
  317 Reading DATES    in /deck/Model_Z_sch.inc line 6153
  318 Reading WCONPROD in /deck/Model_Z_sch.inc line 6157
  319 Reading WCONINJE in /deck/Model_Z_sch.inc line 6233
  320 Reading DATES    in /deck/Model_Z_sch.inc line 6241
  321 Reading WCONPROD in /deck/Model_Z_sch.inc line 6245
  322 Reading WCONINJE in /deck/Model_Z_sch.inc line 6321
  323 Reading DATES    in /deck/Model_Z_sch.inc line 6329
  324 Reading COMPDAT  in /deck/Model_Z_sch.inc line 6333
  325 Reading WCONPROD in /deck/Model_Z_sch.inc line 6340
  326 Reading WCONINJE in /deck/Model_Z_sch.inc line 6417
  327 Reading DATES    in /deck/Model_Z_sch.inc line 6425
  328 Reading WCONPROD in /deck/Model_Z_sch.inc line 6429
  329 Reading WCONINJE in /deck/Model_Z_sch.inc line 6506
  330 Reading DATES    in /deck/Model_Z_sch.inc line 6514
  331 Reading COMPDAT  in /deck/Model_Z_sch.inc line 6518
  332 Reading WCONPROD in /deck/Model_Z_sch.inc line 6527
  333 Reading WCONINJE in /deck/Model_Z_sch.inc line 6604
  334 Reading DATES    in /deck/Model_Z_sch.inc line 6613
  335 Reading WCONPROD in /deck/Model_Z_sch.inc line 6617
  336 Reading WCONINJE in /deck/Model_Z_sch.inc line 6693
  337 Reading DATES    in /deck/Model_Z_sch.inc line 6702
  338 Reading WCONPROD in /deck/Model_Z_sch.inc line 6706
  339 Reading WCONINJE in /deck/Model_Z_sch.inc line 6782
  340 Reading DATES    in /deck/Model_Z_sch.inc line 6791
  341 Reading WCONPROD in /deck/Model_Z_sch.inc line 6795
  342 Reading WCONINJE in /deck/Model_Z_sch.inc line 6871
  343 Reading DATES    in /deck/Model_Z_sch.inc line 6880
  344 Reading WCONPROD in /deck/Model_Z_sch.inc line 6884
  345 Reading WCONINJE in /deck/Model_Z_sch.inc line 6960
  346 Reading DATES    in /deck/Model_Z_sch.inc line 6969
  347 Reading WCONPROD in /deck/Model_Z_sch.inc line 6973
  348 Reading WCONINJE in /deck/Model_Z_sch.inc line 7049
  349 Reading DATES    in /deck/Model_Z_sch.inc line 7058
  350 Reading WCONPROD in /deck/Model_Z_sch.inc line 7062
  351 Reading WCONINJE in /deck/Model_Z_sch.inc line 7138
  352 Reading DATES    in /deck/Model_Z_sch.inc line 7147
  353 Reading WCONPROD in /deck/Model_Z_sch.inc line 7151
  354 Reading WCONINJE in /deck/Model_Z_sch.inc line 7227
  355 Reading DATES    in /deck/Model_Z_sch.inc line 7236
  356 Reading COMPDAT  in /deck/Model_Z_sch.inc line 7240
  357 Reading WCONPROD in /deck/Model_Z_sch.inc line 7277
  358 Reading WCONINJE in /deck/Model_Z_sch.inc line 7353
  359 Reading DATES    in /deck/Model_Z_sch.inc line 7370
  360 Reading WCONPROD in /deck/Model_Z_sch.inc line 7374
  361 Reading WCONINJE in /deck/Model_Z_sch.inc line 7444
  362 Reading DATES    in /deck/Model_Z_sch.inc line 7461
  363 Reading WCONPROD in /deck/Model_Z_sch.inc line 7465
  364 Reading WCONINJE in /deck/Model_Z_sch.inc line 7535
  365 Reading DATES    in /deck/Model_Z_sch.inc line 7552
  366 Reading WCONPROD in /deck/Model_Z_sch.inc line 7556
  367 Reading WCONINJE in /deck/Model_Z_sch.inc line 7626
  368 Reading DATES    in /deck/Model_Z_sch.inc line 7643
  369 Reading WCONPROD in /deck/Model_Z_sch.inc line 7647
  370 Reading WCONINJE in /deck/Model_Z_sch.inc line 7717
  371 Reading DATES    in /deck/Model_Z_sch.inc line 7734
  372 Reading WCONPROD in /deck/Model_Z_sch.inc line 7738
  373 Reading WCONINJE in /deck/Model_Z_sch.inc line 7808
  374 Reading DATES    in /deck/Model_Z_sch.inc line 7825
  375 Reading COMPDAT  in /deck/Model_Z_sch.inc line 7829
  376 Reading WCONPROD in /deck/Model_Z_sch.inc line 7838
  377 Reading WCONINJE in /deck/Model_Z_sch.inc line 7908
  378 Reading DATES    in /deck/Model_Z_sch.inc line 7926
  379 Reading COMPDAT  in /deck/Model_Z_sch.inc line 7930
  380 Reading WCONPROD in /deck/Model_Z_sch.inc line 7939
  381 Reading WCONINJE in /deck/Model_Z_sch.inc line 8008
  382 Reading DATES    in /deck/Model_Z_sch.inc line 8027
  383 Reading COMPDAT  in /deck/Model_Z_sch.inc line 8031
  384 Reading WCONPROD in /deck/Model_Z_sch.inc line 8042
  385 Reading WCONINJE in /deck/Model_Z_sch.inc line 8110
  386 Reading DATES    in /deck/Model_Z_sch.inc line 8130
  387 Reading WCONPROD in /deck/Model_Z_sch.inc line 8134
  388 Reading WCONINJE in /deck/Model_Z_sch.inc line 8201
  389 Reading DATES    in /deck/Model_Z_sch.inc line 8221
  390 Reading COMPDAT  in /deck/Model_Z_sch.inc line 8225
  391 Reading WCONPROD in /deck/Model_Z_sch.inc line 8235
  392 Reading WCONINJE in /deck/Model_Z_sch.inc line 8302
  393 Reading DATES    in /deck/Model_Z_sch.inc line 8323
  394 Reading WCONPROD in /deck/Model_Z_sch.inc line 8327
  395 Reading WCONINJE in /deck/Model_Z_sch.inc line 8393
  396 Reading DATES    in /deck/Model_Z_sch.inc line 8414
  397 Reading WCONPROD in /deck/Model_Z_sch.inc line 8418
  398 Reading WCONINJE in /deck/Model_Z_sch.inc line 8484
  399 Reading DATES    in /deck/Model_Z_sch.inc line 8505
  400 Reading WCONPROD in /deck/Model_Z_sch.inc line 8509
  401 Reading WCONINJE in /deck/Model_Z_sch.inc line 8575
  402 Reading DATES    in /deck/Model_Z_sch.inc line 8596
  403 Reading WCONPROD in /deck/Model_Z_sch.inc line 8600
  404 Reading WCONINJE in /deck/Model_Z_sch.inc line 8666
  405 Reading DATES    in /deck/Model_Z_sch.inc line 8687
  406 Reading WCONPROD in /deck/Model_Z_sch.inc line 8691
  407 Reading WCONINJE in /deck/Model_Z_sch.inc line 8757
  408 Reading DATES    in /deck/Model_Z_sch.inc line 8778
  409 Reading WCONPROD in /deck/Model_Z_sch.inc line 8782
  410 Reading WCONINJE in /deck/Model_Z_sch.inc line 8848
  411 Reading DATES    in /deck/Model_Z_sch.inc line 8869
  412 Reading WCONPROD in /deck/Model_Z_sch.inc line 8873
  413 Reading WCONINJE in /deck/Model_Z_sch.inc line 8939
  414 Reading DATES    in /deck/Model_Z_sch.inc line 8960
  415 Reading WCONPROD in /deck/Model_Z_sch.inc line 8964
  416 Reading WCONINJE in /deck/Model_Z_sch.inc line 9030
  417 Reading DATES    in /deck/Model_Z_sch.inc line 9051
  418 Reading WCONPROD in /deck/Model_Z_sch.inc line 9055
  419 Reading WCONINJE in /deck/Model_Z_sch.inc line 9121
  420 Reading DATES    in /deck/Model_Z_sch.inc line 9142
  421 Reading WCONPROD in /deck/Model_Z_sch.inc line 9146
  422 Reading WCONINJE in /deck/Model_Z_sch.inc line 9212
  423 Reading DATES    in /deck/Model_Z_sch.inc line 9233
  424 Reading WCONPROD in /deck/Model_Z_sch.inc line 9237
  425 Reading WCONINJE in /deck/Model_Z_sch.inc line 9303
  426 Reading DATES    in /deck/Model_Z_sch.inc line 9324
  427 Reading WCONPROD in /deck/Model_Z_sch.inc line 9328
  428 Reading WCONINJE in /deck/Model_Z_sch.inc line 9394
  429 Reading DATES    in /deck/Model_Z_sch.inc line 9415
  430 Reading WCONPROD in /deck/Model_Z_sch.inc line 9419
  431 Reading WCONINJE in /deck/Model_Z_sch.inc line 9485
  432 Reading DATES    in /deck/Model_Z_sch.inc line 9506
  433 Reading WCONPROD in /deck/Model_Z_sch.inc line 9510
  434 Reading WCONINJE in /deck/Model_Z_sch.inc line 9576
  435 Reading DATES    in /deck/Model_Z_sch.inc line 9597
  436 Reading WCONPROD in /deck/Model_Z_sch.inc line 9601
  437 Reading WCONINJE in /deck/Model_Z_sch.inc line 9667
  438 Reading DATES    in /deck/Model_Z_sch.inc line 9688
  439 Reading WCONPROD in /deck/Model_Z_sch.inc line 9692
  440 Reading WCONINJE in /deck/Model_Z_sch.inc line 9758
  441 Reading DATES    in /deck/Model_Z_sch.inc line 9779
  442 Reading WCONPROD in /deck/Model_Z_sch.inc line 9783
  443 Reading WCONINJE in /deck/Model_Z_sch.inc line 9849
  444 Reading DATES    in /deck/Model_Z_sch.inc line 9870
  445 Reading WCONPROD in /deck/Model_Z_sch.inc line 9874
  446 Reading WCONINJE in /deck/Model_Z_sch.inc line 9940
  447 Reading DATES    in /deck/Model_Z_sch.inc line 9961
  448 Reading WCONPROD in /deck/Model_Z_sch.inc line 9965
  449 Reading WCONINJE in /deck/Model_Z_sch.inc line 10031
  450 Reading DATES    in /deck/Model_Z_sch.inc line 10052
  451 Reading WCONPROD in /deck/Model_Z_sch.inc line 10056
  452 Reading WCONINJE in /deck/Model_Z_sch.inc line 10122
  453 Reading DATES    in /deck/Model_Z_sch.inc line 10143
  454 Reading WCONPROD in /deck/Model_Z_sch.inc line 10147
  455 Reading WCONINJE in /deck/Model_Z_sch.inc line 10213
  456 Reading DATES    in /deck/Model_Z_sch.inc line 10234
  457 Reading WCONPROD in /deck/Model_Z_sch.inc line 10238
  458 Reading WCONINJE in /deck/Model_Z_sch.inc line 10304
  459 Reading DATES    in /deck/Model_Z_sch.inc line 10325
  460 Reading WCONPROD in /deck/Model_Z_sch.inc line 10329
  461 Reading WCONINJE in /deck/Model_Z_sch.inc line 10395
  462 Reading DATES    in /deck/Model_Z_sch.inc line 10416
  463 Reading WCONPROD in /deck/Model_Z_sch.inc line 10420
  464 Reading WCONINJE in /deck/Model_Z_sch.inc line 10486
  465 Reading DATES    in /deck/Model_Z_sch.inc line 10507
  466 Reading WCONPROD in /deck/Model_Z_sch.inc line 10511
  467 Reading WCONINJE in /deck/Model_Z_sch.inc line 10577
  468 Reading DATES    in /deck/Model_Z_sch.inc line 10598
  469 Reading WCONPROD in /deck/Model_Z_sch.inc line 10602
  470 Reading WCONINJE in /deck/Model_Z_sch.inc line 10668
  471 Reading DATES    in /deck/Model_Z_sch.inc line 10689
  472 Reading WCONPROD in /deck/Model_Z_sch.inc line 10693
  473 Reading WCONINJE in /deck/Model_Z_sch.inc line 10759
  474 Reading DATES    in /deck/Model_Z_sch.inc line 10780
  475 Reading COMPDAT  in /deck/Model_Z_sch.inc line 10784
  476 Reading WCONPROD in /deck/Model_Z_sch.inc line 10798
  477 Reading WCONINJE in /deck/Model_Z_sch.inc line 10864
  478 Reading DATES    in /deck/Model_Z_sch.inc line 10887
  479 Reading WCONPROD in /deck/Model_Z_sch.inc line 10891
  480 Reading WCONINJE in /deck/Model_Z_sch.inc line 10955
  481 Reading DATES    in /deck/Model_Z_sch.inc line 10978
  482 Reading WCONPROD in /deck/Model_Z_sch.inc line 10982
  483 Reading WCONINJE in /deck/Model_Z_sch.inc line 11046
  484 Reading DATES    in /deck/Model_Z_sch.inc line 11069
  485 Reading WCONPROD in /deck/Model_Z_sch.inc line 11073
  486 Reading WCONINJE in /deck/Model_Z_sch.inc line 11137
  487 Reading DATES    in /deck/Model_Z_sch.inc line 11160
  488 Reading COMPDAT  in /deck/Model_Z_sch.inc line 11164
  489 Reading WCONPROD in /deck/Model_Z_sch.inc line 11180
  490 Reading WCONINJE in /deck/Model_Z_sch.inc line 11244
  491 Reading DATES    in /deck/Model_Z_sch.inc line 11270
  492 Reading WCONPROD in /deck/Model_Z_sch.inc line 11274
  493 Reading WCONINJE in /deck/Model_Z_sch.inc line 11335
  494 Reading DATES    in /deck/Model_Z_sch.inc line 11361
  495 Reading WCONPROD in /deck/Model_Z_sch.inc line 11365
  496 Reading WCONINJE in /deck/Model_Z_sch.inc line 11426
  497 Reading DATES    in /deck/Model_Z_sch.inc line 11452
  498 Reading WCONPROD in /deck/Model_Z_sch.inc line 11456
  499 Reading WCONINJE in /deck/Model_Z_sch.inc line 11517
  500 Reading DATES    in /deck/Model_Z_sch.inc line 11543
  501 Reading WCONPROD in /deck/Model_Z_sch.inc line 11547
  502 Reading WCONINJE in /deck/Model_Z_sch.inc line 11608
  503 Reading DATES    in /deck/Model_Z_sch.inc line 11634
  504 Reading WCONPROD in /deck/Model_Z_sch.inc line 11638
  505 Reading WCONINJE in /deck/Model_Z_sch.inc line 11699
  506 Reading DATES    in /deck/Model_Z_sch.inc line 11725
  507 Reading COMPDAT  in /deck/Model_Z_sch.inc line 11729
  508 Reading WCONINJE in /deck/Model_Z_sch.inc line 11750
  509 Reading WCONPROD in /deck/Model_Z_sch.inc line 11756
  510 Reading WCONINJE in /deck/Model_Z_sch.inc line 11816
  511 Reading DATES    in /deck/Model_Z_sch.inc line 11842
  512 Reading WCONPROD in /deck/Model_Z_sch.inc line 11849
  513 Reading WCONINJE in /deck/Model_Z_sch.inc line 11909
  514 Reading DATES    in /deck/Model_Z_sch.inc line 11938
  515 Reading WCONPROD in /deck/Model_Z_sch.inc line 11945
  516 Reading WCONINJE in /deck/Model_Z_sch.inc line 12005
  517 Reading DATES    in /deck/Model_Z_sch.inc line 12034
  518 Reading WCONPROD in /deck/Model_Z_sch.inc line 12041
  519 Reading WCONINJE in /deck/Model_Z_sch.inc line 12101
  520 Reading DATES    in /deck/Model_Z_sch.inc line 12130
  521 Reading COMPDAT  in /deck/Model_Z_sch.inc line 12134
  522 Reading WCONPROD in /deck/Model_Z_sch.inc line 12146
  523 Reading WCONINJE in /deck/Model_Z_sch.inc line 12205
  524 Reading DATES    in /deck/Model_Z_sch.inc line 12235
  525 Reading WCONPROD in /deck/Model_Z_sch.inc line 12242
  526 Reading WCONINJE in /deck/Model_Z_sch.inc line 12301
  527 Reading DATES    in /deck/Model_Z_sch.inc line 12331
  528 Reading WCONPROD in /deck/Model_Z_sch.inc line 12338
  529 Reading WCONINJE in /deck/Model_Z_sch.inc line 12397
  530 Reading DATES    in /deck/Model_Z_sch.inc line 12427
  531 Reading WCONPROD in /deck/Model_Z_sch.inc line 12434
  532 Reading WCONINJE in /deck/Model_Z_sch.inc line 12493
  533 Reading DATES    in /deck/Model_Z_sch.inc line 12523
  534 Reading WCONPROD in /deck/Model_Z_sch.inc line 12530
  535 Reading WCONINJE in /deck/Model_Z_sch.inc line 12589
  536 Reading DATES    in /deck/Model_Z_sch.inc line 12619
  537 Reading WCONPROD in /deck/Model_Z_sch.inc line 12626
  538 Reading WCONINJE in /deck/Model_Z_sch.inc line 12685
  539 Reading DATES    in /deck/Model_Z_sch.inc line 12715
  540 Reading WCONPROD in /deck/Model_Z_sch.inc line 12722
  541 Reading WCONINJE in /deck/Model_Z_sch.inc line 12781
  542 Reading DATES    in /deck/Model_Z_sch.inc line 12811
  543 Reading WCONPROD in /deck/Model_Z_sch.inc line 12818
  544 Reading WCONINJE in /deck/Model_Z_sch.inc line 12877
  545 Reading DATES    in /deck/Model_Z_sch.inc line 12907
  546 Reading COMPDAT  in /deck/Model_Z_sch.inc line 12911
  547 Reading WCONPROD in /deck/Model_Z_sch.inc line 12927
  548 Reading WCONINJE in /deck/Model_Z_sch.inc line 12985
  549 Reading DATES    in /deck/Model_Z_sch.inc line 13016
  550 Reading WCONPROD in /deck/Model_Z_sch.inc line 13023
  551 Reading WCONINJE in /deck/Model_Z_sch.inc line 13081
  552 Reading DATES    in /deck/Model_Z_sch.inc line 13112
  553 Reading COMPDAT  in /deck/Model_Z_sch.inc line 13116
  554 Reading WCONPROD in /deck/Model_Z_sch.inc line 13132
  555 Reading WCONPROD in /deck/Model_Z_sch.inc line 13137
  556 Reading WCONINJE in /deck/Model_Z_sch.inc line 13195
  557 Reading DATES    in /deck/Model_Z_sch.inc line 13226
  558 Reading COMPDAT  in /deck/Model_Z_sch.inc line 13230
  559 Reading WCONPROD in /deck/Model_Z_sch.inc line 13241
  560 Reading WCONPROD in /deck/Model_Z_sch.inc line 13245
  561 Reading WCONINJE in /deck/Model_Z_sch.inc line 13305
  562 Reading DATES    in /deck/Model_Z_sch.inc line 13336
  563 Reading WCONPROD in /deck/Model_Z_sch.inc line 13343
  564 Reading WCONINJE in /deck/Model_Z_sch.inc line 13404
  565 Reading DATES    in /deck/Model_Z_sch.inc line 13435
  566 Reading WCONPROD in /deck/Model_Z_sch.inc line 13442
  567 Reading WCONINJE in /deck/Model_Z_sch.inc line 13503
  568 Reading DATES    in /deck/Model_Z_sch.inc line 13534
  569 Reading WCONPROD in /deck/Model_Z_sch.inc line 13541
  570 Reading WCONINJE in /deck/Model_Z_sch.inc line 13602
  571 Reading DATES    in /deck/Model_Z_sch.inc line 13633
  572 Reading WCONPROD in /deck/Model_Z_sch.inc line 13640
  573 Reading WCONINJE in /deck/Model_Z_sch.inc line 13701
  574 Reading DATES    in /deck/Model_Z_sch.inc line 13732
  575 Reading WCONPROD in /deck/Model_Z_sch.inc line 13739
  576 Reading WCONINJE in /deck/Model_Z_sch.inc line 13800
  577 Reading DATES    in /deck/Model_Z_sch.inc line 13831
  578 Reading WCONPROD in /deck/Model_Z_sch.inc line 13838
  579 Reading WCONINJE in /deck/Model_Z_sch.inc line 13899
  580 Reading DATES    in /deck/Model_Z_sch.inc line 13930
  581 Reading COMPDAT  in /deck/Model_Z_sch.inc line 13934
  582 Reading WCONPROD in /deck/Model_Z_sch.inc line 13945
  583 Reading WCONPROD in /deck/Model_Z_sch.inc line 13949
  584 Reading WCONINJE in /deck/Model_Z_sch.inc line 14010
  585 Reading DATES    in /deck/Model_Z_sch.inc line 14041
  586 Reading WCONPROD in /deck/Model_Z_sch.inc line 14048
  587 Reading WCONINJE in /deck/Model_Z_sch.inc line 14110
  588 Reading DATES    in /deck/Model_Z_sch.inc line 14141
  589 Reading WCONPROD in /deck/Model_Z_sch.inc line 14148
  590 Reading WCONINJE in /deck/Model_Z_sch.inc line 14210
  591 Reading DATES    in /deck/Model_Z_sch.inc line 14241
  592 Reading WCONPROD in /deck/Model_Z_sch.inc line 14248
  593 Reading WCONINJE in /deck/Model_Z_sch.inc line 14310
  594 Reading DATES    in /deck/Model_Z_sch.inc line 14341
  595 Reading WCONPROD in /deck/Model_Z_sch.inc line 14348
  596 Reading WCONINJE in /deck/Model_Z_sch.inc line 14410
  597 Reading DATES    in /deck/Model_Z_sch.inc line 14441
  598 Reading WCONPROD in /deck/Model_Z_sch.inc line 14448
  599 Reading WCONINJE in /deck/Model_Z_sch.inc line 14510
  600 Reading DATES    in /deck/Model_Z_sch.inc line 14541
  601 Reading WCONPROD in /deck/Model_Z_sch.inc line 14548
  602 Reading WCONINJE in /deck/Model_Z_sch.inc line 14610
  603 Reading DATES    in /deck/Model_Z_sch.inc line 14641
  604 Reading WCONPROD in /deck/Model_Z_sch.inc line 14648
  605 Reading WCONINJE in /deck/Model_Z_sch.inc line 14710
  606 Reading DATES    in /deck/Model_Z_sch.inc line 14741
  607 Reading WCONPROD in /deck/Model_Z_sch.inc line 14748
  608 Reading WCONINJE in /deck/Model_Z_sch.inc line 14810
  609 Reading DATES    in /deck/Model_Z_sch.inc line 14841
  610 Reading WCONPROD in /deck/Model_Z_sch.inc line 14848
  611 Reading WCONINJE in /deck/Model_Z_sch.inc line 14910
  612 Reading DATES    in /deck/Model_Z_sch.inc line 14941
  613 Reading WCONPROD in /deck/Model_Z_sch.inc line 14948
  614 Reading WCONINJE in /deck/Model_Z_sch.inc line 15010
  615 Reading DATES    in /deck/Model_Z_sch.inc line 15041
  616 Reading WCONPROD in /deck/Model_Z_sch.inc line 15048
  617 Reading WCONINJE in /deck/Model_Z_sch.inc line 15110
  618 Reading DATES    in /deck/Model_Z_sch.inc line 15141
  619 Reading WCONPROD in /deck/Model_Z_sch.inc line 15148
  620 Reading WCONINJE in /deck/Model_Z_sch.inc line 15210
  621 Reading DATES    in /deck/Model_Z_sch.inc line 15241
  622 Reading WCONPROD in /deck/Model_Z_sch.inc line 15248
  623 Reading WCONINJE in /deck/Model_Z_sch.inc line 15310
  624 Reading DATES    in /deck/Model_Z_sch.inc line 15341
  625 Reading WCONPROD in /deck/Model_Z_sch.inc line 15348
  626 Reading WCONINJE in /deck/Model_Z_sch.inc line 15410
  627 Reading DATES    in /deck/Model_Z_sch.inc line 15441
  628 Reading WCONPROD in /deck/Model_Z_sch.inc line 15448
  629 Reading WCONINJE in /deck/Model_Z_sch.inc line 15510
  630 Reading DATES    in /deck/Model_Z_sch.inc line 15541
  631 Reading WCONPROD in /deck/Model_Z_sch.inc line 15548
  632 Reading WCONINJE in /deck/Model_Z_sch.inc line 15610
  633 Reading DATES    in /deck/Model_Z_sch.inc line 15641
  634 Reading WCONPROD in /deck/Model_Z_sch.inc line 15648
  635 Reading WCONINJE in /deck/Model_Z_sch.inc line 15710
  636 Reading DATES    in /deck/Model_Z_sch.inc line 15741
  637 Reading WCONPROD in /deck/Model_Z_sch.inc line 15748
  638 Reading WCONINJE in /deck/Model_Z_sch.inc line 15810
  639 Reading DATES    in /deck/Model_Z_sch.inc line 15841
  640 Reading WCONPROD in /deck/Model_Z_sch.inc line 15848
  641 Reading WCONINJE in /deck/Model_Z_sch.inc line 15910
  642 Reading DATES    in /deck/Model_Z_sch.inc line 15941
  643 Reading WCONPROD in /deck/Model_Z_sch.inc line 15948
  644 Reading WCONINJE in /deck/Model_Z_sch.inc line 16010
  645 Reading DATES    in /deck/Model_Z_sch.inc line 16041
  646 Reading WCONPROD in /deck/Model_Z_sch.inc line 16048
  647 Reading WCONINJE in /deck/Model_Z_sch.inc line 16110
  648 Reading DATES    in /deck/Model_Z_sch.inc line 16141
  649 Reading COMPDAT  in /deck/Model_Z_sch.inc line 16145
  650 Reading WCONPROD in /deck/Model_Z_sch.inc line 16156
  651 Reading WCONINJE in /deck/Model_Z_sch.inc line 16217
  652 Reading DATES    in /deck/Model_Z_sch.inc line 16249
  653 Reading WCONPROD in /deck/Model_Z_sch.inc line 16256
  654 Reading WCONINJE in /deck/Model_Z_sch.inc line 16317
  655 Reading DATES    in /deck/Model_Z_sch.inc line 16349
  656 Reading COMPDAT  in /deck/Model_Z_sch.inc line 16353
  657 Reading WCONPROD in /deck/Model_Z_sch.inc line 16363
  658 Reading WCONPROD in /deck/Model_Z_sch.inc line 16367
  659 Reading WCONINJE in /deck/Model_Z_sch.inc line 16428
  660 Reading DATES    in /deck/Model_Z_sch.inc line 16460
  661 Reading COMPDAT  in /deck/Model_Z_sch.inc line 16464
  662 Reading WCONINJE in /deck/Model_Z_sch.inc line 16473
  663 Reading WCONPROD in /deck/Model_Z_sch.inc line 16477
  664 Reading WCONINJE in /deck/Model_Z_sch.inc line 16539
  665 Reading DATES    in /deck/Model_Z_sch.inc line 16571
  666 Reading WCONPROD in /deck/Model_Z_sch.inc line 16578
  667 Reading WCONINJE in /deck/Model_Z_sch.inc line 16640
  668 Reading DATES    in /deck/Model_Z_sch.inc line 16673
  669 Reading WCONPROD in /deck/Model_Z_sch.inc line 16680
  670 Reading WCONINJE in /deck/Model_Z_sch.inc line 16742
  671 Reading DATES    in /deck/Model_Z_sch.inc line 16775
  672 Reading WCONPROD in /deck/Model_Z_sch.inc line 16782
  673 Reading WCONINJE in /deck/Model_Z_sch.inc line 16844
  674 Reading DATES    in /deck/Model_Z_sch.inc line 16877
  675 Reading WCONPROD in /deck/Model_Z_sch.inc line 16884
  676 Reading WCONINJE in /deck/Model_Z_sch.inc line 16946
  677 Reading DATES    in /deck/Model_Z_sch.inc line 16979
  678 Reading WCONPROD in /deck/Model_Z_sch.inc line 16986
  679 Reading WCONINJE in /deck/Model_Z_sch.inc line 17048
  680 Reading DATES    in /deck/Model_Z_sch.inc line 17081
  681 Reading WCONPROD in /deck/Model_Z_sch.inc line 17088
  682 Reading WCONINJE in /deck/Model_Z_sch.inc line 17150
  683 Reading DATES    in /deck/Model_Z_sch.inc line 17183
  684 Reading WCONPROD in /deck/Model_Z_sch.inc line 17190
  685 Reading WCONINJE in /deck/Model_Z_sch.inc line 17252
  686 Reading DATES    in /deck/Model_Z_sch.inc line 17285
  687 Reading WCONPROD in /deck/Model_Z_sch.inc line 17292
  688 Reading WCONINJE in /deck/Model_Z_sch.inc line 17354
  689 Reading DATES    in /deck/Model_Z_sch.inc line 17387
  690 Reading COMPDAT  in /deck/Model_Z_sch.inc line 17391
  691 Reading WCONPROD in /deck/Model_Z_sch.inc line 17403
  692 Reading WCONINJE in /deck/Model_Z_sch.inc line 17464
  693 Reading DATES    in /deck/Model_Z_sch.inc line 17498
  694 Reading WCONPROD in /deck/Model_Z_sch.inc line 17505
  695 Reading WCONINJE in /deck/Model_Z_sch.inc line 17566
  696 Reading DATES    in /deck/Model_Z_sch.inc line 17600
  697 Reading COMPDAT  in /deck/Model_Z_sch.inc line 17604
  698 Reading WCONINJE in /deck/Model_Z_sch.inc line 17613
  699 Reading WCONPROD in /deck/Model_Z_sch.inc line 17617
  700 Reading WCONINJE in /deck/Model_Z_sch.inc line 17678
  701 Reading DATES    in /deck/Model_Z_sch.inc line 17712
  702 Reading COMPDAT  in /deck/Model_Z_sch.inc line 17716
  703 Reading WCONINJE in /deck/Model_Z_sch.inc line 17725
  704 Reading WCONPROD in /deck/Model_Z_sch.inc line 17729
  705 Reading WCONINJE in /deck/Model_Z_sch.inc line 17790
  706 Reading DATES    in /deck/Model_Z_sch.inc line 17825
  707 Reading COMPDAT  in /deck/Model_Z_sch.inc line 17829
  708 Reading WCONPROD in /deck/Model_Z_sch.inc line 17842
  709 Reading WCONINJE in /deck/Model_Z_sch.inc line 17901
  710 Reading DATES    in /deck/Model_Z_sch.inc line 17939
  711 Reading WCONPROD in /deck/Model_Z_sch.inc line 17946
  712 Reading WCONINJE in /deck/Model_Z_sch.inc line 18005
  713 Reading DATES    in /deck/Model_Z_sch.inc line 18043
  714 Reading WCONPROD in /deck/Model_Z_sch.inc line 18050
  715 Reading WCONINJE in /deck/Model_Z_sch.inc line 18109
  716 Reading DATES    in /deck/Model_Z_sch.inc line 18147
  717 Reading WCONPROD in /deck/Model_Z_sch.inc line 18154
  718 Reading WCONINJE in /deck/Model_Z_sch.inc line 18213
  719 Reading DATES    in /deck/Model_Z_sch.inc line 18251
  720 Reading WCONPROD in /deck/Model_Z_sch.inc line 18258
  721 Reading WCONINJE in /deck/Model_Z_sch.inc line 18317
  722 Reading DATES    in /deck/Model_Z_sch.inc line 18355
  723 Reading WCONPROD in /deck/Model_Z_sch.inc line 18362
  724 Reading WCONINJE in /deck/Model_Z_sch.inc line 18421
  725 Reading DATES    in /deck/Model_Z_sch.inc line 18459
  726 Reading WCONPROD in /deck/Model_Z_sch.inc line 18466
  727 Reading WCONINJE in /deck/Model_Z_sch.inc line 18525
  728 Reading DATES    in /deck/Model_Z_sch.inc line 18563
  729 Reading WCONPROD in /deck/Model_Z_sch.inc line 18570
  730 Reading WCONINJE in /deck/Model_Z_sch.inc line 18629
  731 Reading DATES    in /deck/Model_Z_sch.inc line 18667
  732 Reading COMPDAT  in /deck/Model_Z_sch.inc line 18671
  733 Reading WCONPROD in /deck/Model_Z_sch.inc line 18683
  734 Reading WCONINJE in /deck/Model_Z_sch.inc line 18741
  735 Reading DATES    in /deck/Model_Z_sch.inc line 18780
  736 Reading WCONPROD in /deck/Model_Z_sch.inc line 18787
  737 Reading WCONINJE in /deck/Model_Z_sch.inc line 18845
  738 Reading DATES    in /deck/Model_Z_sch.inc line 18884
  739 Reading WCONPROD in /deck/Model_Z_sch.inc line 18891
  740 Reading WCONINJE in /deck/Model_Z_sch.inc line 18949
  741 Reading DATES    in /deck/Model_Z_sch.inc line 18988
  742 Reading WCONPROD in /deck/Model_Z_sch.inc line 18995
  743 Reading WCONINJE in /deck/Model_Z_sch.inc line 19053
  744 Reading DATES    in /deck/Model_Z_sch.inc line 19092
  745 Reading COMPDAT  in /deck/Model_Z_sch.inc line 19096
  746 Reading WCONPROD in /deck/Model_Z_sch.inc line 19108
  747 Reading WCONINJE in /deck/Model_Z_sch.inc line 19165
  748 Reading DATES    in /deck/Model_Z_sch.inc line 19205
  749 Reading COMPDAT  in /deck/Model_Z_sch.inc line 19209
  750 Reading WCONPROD in /deck/Model_Z_sch.inc line 19220
  751 Reading WCONPROD in /deck/Model_Z_sch.inc line 19224
  752 Reading WCONINJE in /deck/Model_Z_sch.inc line 19281
  753 Reading DATES    in /deck/Model_Z_sch.inc line 19321
  754 Reading WCONPROD in /deck/Model_Z_sch.inc line 19328
  755 Reading WCONINJE in /deck/Model_Z_sch.inc line 19386
  756 Reading DATES    in /deck/Model_Z_sch.inc line 19426
  757 Reading WCONPROD in /deck/Model_Z_sch.inc line 19433
  758 Reading WCONINJE in /deck/Model_Z_sch.inc line 19491
  759 Reading DATES    in /deck/Model_Z_sch.inc line 19531
  760 Reading COMPDAT  in /deck/Model_Z_sch.inc line 19535
  761 Reading WCONPROD in /deck/Model_Z_sch.inc line 19546
  762 Reading WCONPROD in /deck/Model_Z_sch.inc line 19550
  763 Reading WCONINJE in /deck/Model_Z_sch.inc line 19608
  764 Reading DATES    in /deck/Model_Z_sch.inc line 19648
  765 Reading WCONPROD in /deck/Model_Z_sch.inc line 19655
  766 Reading WCONINJE in /deck/Model_Z_sch.inc line 19714
  767 Reading DATES    in /deck/Model_Z_sch.inc line 19754
  768 Reading WCONPROD in /deck/Model_Z_sch.inc line 19761
  769 Reading WCONINJE in /deck/Model_Z_sch.inc line 19820
  770 Reading DATES    in /deck/Model_Z_sch.inc line 19860
  771 Reading WCONPROD in /deck/Model_Z_sch.inc line 19867
  772 Reading WCONINJE in /deck/Model_Z_sch.inc line 19926
  773 Reading DATES    in /deck/Model_Z_sch.inc line 19966
  774 Reading WCONPROD in /deck/Model_Z_sch.inc line 19973
  775 Reading WCONINJE in /deck/Model_Z_sch.inc line 20032
  776 Reading DATES    in /deck/Model_Z_sch.inc line 20072
  777 Reading WCONPROD in /deck/Model_Z_sch.inc line 20079
  778 Reading WCONINJE in /deck/Model_Z_sch.inc line 20138
  779 Reading DATES    in /deck/Model_Z_sch.inc line 20178
  780 Reading WCONPROD in /deck/Model_Z_sch.inc line 20185
  781 Reading WCONINJE in /deck/Model_Z_sch.inc line 20244
  782 Reading DATES    in /deck/Model_Z_sch.inc line 20284
  783 Reading WCONPROD in /deck/Model_Z_sch.inc line 20291
  784 Reading WCONINJE in /deck/Model_Z_sch.inc line 20350
  785 Reading DATES    in /deck/Model_Z_sch.inc line 20390
  786 Reading WCONPROD in /deck/Model_Z_sch.inc line 20397
  787 Reading WCONINJE in /deck/Model_Z_sch.inc line 20456
  788 Reading DATES    in /deck/Model_Z_sch.inc line 20496
  789 Reading WCONPROD in /deck/Model_Z_sch.inc line 20503
  790 Reading WCONINJE in /deck/Model_Z_sch.inc line 20562
  791 Reading DATES    in /deck/Model_Z_sch.inc line 20602
  792 Reading WCONPROD in /deck/Model_Z_sch.inc line 20609
  793 Reading WCONINJE in /deck/Model_Z_sch.inc line 20668
  794 Reading DATES    in /deck/Model_Z_sch.inc line 20708
  795 Reading WCONPROD in /deck/Model_Z_sch.inc line 20715
  796 Reading WCONINJE in /deck/Model_Z_sch.inc line 20774
  797 Reading DATES    in /deck/Model_Z_sch.inc line 20814
  798 Reading WCONPROD in /deck/Model_Z_sch.inc line 20821
  799 Reading WCONINJE in /deck/Model_Z_sch.inc line 20880
  800 Reading DATES    in /deck/Model_Z_sch.inc line 20920
  801 Reading WCONPROD in /deck/Model_Z_sch.inc line 20927
  802 Reading WCONINJE in /deck/Model_Z_sch.inc line 20986
  803 Reading DATES    in /deck/Model_Z_sch.inc line 21026
  804 Reading WCONPROD in /deck/Model_Z_sch.inc line 21033
  805 Reading WCONINJE in /deck/Model_Z_sch.inc line 21092
  806 Reading DATES    in /deck/Model_Z_sch.inc line 21132
  807 Reading WCONPROD in /deck/Model_Z_sch.inc line 21139
  808 Reading WCONINJE in /deck/Model_Z_sch.inc line 21198
  809 Reading DATES    in /deck/Model_Z_sch.inc line 21238
  810 Reading WCONPROD in /deck/Model_Z_sch.inc line 21245
  811 Reading WCONINJE in /deck/Model_Z_sch.inc line 21304
  812 Reading DATES    in /deck/Model_Z_sch.inc line 21344
  813 Reading WCONPROD in /deck/Model_Z_sch.inc line 21351
  814 Reading WCONINJE in /deck/Model_Z_sch.inc line 21410
  815 Reading DATES    in /deck/Model_Z_sch.inc line 21450
  816 Reading WCONPROD in /deck/Model_Z_sch.inc line 21457
  817 Reading WCONINJE in /deck/Model_Z_sch.inc line 21516
  818 Reading DATES    in /deck/Model_Z_sch.inc line 21556
  819 Reading COMPDAT  in /deck/Model_Z_sch.inc line 21560
  820 Reading WCONPROD in /deck/Model_Z_sch.inc line 21576
  821 Reading WCONPROD in /deck/Model_Z_sch.inc line 21581
  822 Reading WCONINJE in /deck/Model_Z_sch.inc line 21640
  823 Reading DATES    in /deck/Model_Z_sch.inc line 21680
  824 Reading WCONPROD in /deck/Model_Z_sch.inc line 21687
  825 Reading WCONINJE in /deck/Model_Z_sch.inc line 21748
  826 Reading DATES    in /deck/Model_Z_sch.inc line 21788
  827 Reading WCONPROD in /deck/Model_Z_sch.inc line 21795
  828 Reading WCONINJE in /deck/Model_Z_sch.inc line 21856
  829 Reading DATES    in /deck/Model_Z_sch.inc line 21896
  830 Reading WCONPROD in /deck/Model_Z_sch.inc line 21903
  831 Reading WCONINJE in /deck/Model_Z_sch.inc line 21964
  832 Reading DATES    in /deck/Model_Z_sch.inc line 22004
  833 Reading WCONPROD in /deck/Model_Z_sch.inc line 22011
  834 Reading WCONINJE in /deck/Model_Z_sch.inc line 22072
  835 Reading DATES    in /deck/Model_Z_sch.inc line 22112
  836 Reading WCONPROD in /deck/Model_Z_sch.inc line 22119
  837 Reading WCONINJE in /deck/Model_Z_sch.inc line 22180
  838 Reading DATES    in /deck/Model_Z_sch.inc line 22220
  839 Reading WCONPROD in /deck/Model_Z_sch.inc line 22227
  840 Reading WCONINJE in /deck/Model_Z_sch.inc line 22288
  841 Reading DATES    in /deck/Model_Z_sch.inc line 22328
  842 Reading COMPDAT  in /deck/Model_Z_sch.inc line 22332
  843 Reading WCONPROD in /deck/Model_Z_sch.inc line 22340
  844 Reading WCONPROD in /deck/Model_Z_sch.inc line 22344
  845 Reading WCONINJE in /deck/Model_Z_sch.inc line 22405
  846 Reading DATES    in /deck/Model_Z_sch.inc line 22445
  847 Reading WCONPROD in /deck/Model_Z_sch.inc line 22452
  848 Reading WCONINJE in /deck/Model_Z_sch.inc line 22514
  849 Reading DATES    in /deck/Model_Z_sch.inc line 22554
  850 Reading WCONPROD in /deck/Model_Z_sch.inc line 22561
  851 Reading WCONINJE in /deck/Model_Z_sch.inc line 22623
  852 Reading DATES    in /deck/Model_Z_sch.inc line 22663
  853 Reading WCONPROD in /deck/Model_Z_sch.inc line 22670
  854 Reading WCONINJE in /deck/Model_Z_sch.inc line 22732
  855 Reading DATES    in /deck/Model_Z_sch.inc line 22772
  856 Reading WCONPROD in /deck/Model_Z_sch.inc line 22779
  857 Reading WCONINJE in /deck/Model_Z_sch.inc line 22841
  858 Reading DATES    in /deck/Model_Z_sch.inc line 22881
  859 Reading WCONPROD in /deck/Model_Z_sch.inc line 22888
  860 Reading WCONINJE in /deck/Model_Z_sch.inc line 22950
  861 Reading DATES    in /deck/Model_Z_sch.inc line 22990
  862 Reading WCONPROD in /deck/Model_Z_sch.inc line 22997
  863 Reading WCONINJE in /deck/Model_Z_sch.inc line 23059
  864 Reading DATES    in /deck/Model_Z_sch.inc line 23099
  865 Reading COMPDAT  in /deck/Model_Z_sch.inc line 23103
  866 Reading WCONPROD in /deck/Model_Z_sch.inc line 23113
  867 Reading WCONPROD in /deck/Model_Z_sch.inc line 23117
  868 Reading WCONINJE in /deck/Model_Z_sch.inc line 23179
  869 Reading DATES    in /deck/Model_Z_sch.inc line 23219
  870 Reading COMPDAT  in /deck/Model_Z_sch.inc line 23223
  871 Reading WCONINJE in /deck/Model_Z_sch.inc line 23233
  872 Reading WCONPROD in /deck/Model_Z_sch.inc line 23237
  873 Reading WCONINJE in /deck/Model_Z_sch.inc line 23300
  874 Reading DATES    in /deck/Model_Z_sch.inc line 23340
  875 Reading WCONPROD in /deck/Model_Z_sch.inc line 23347
  876 Reading WCONINJE in /deck/Model_Z_sch.inc line 23410
  877 Reading DATES    in /deck/Model_Z_sch.inc line 23451
  878 Reading WCONPROD in /deck/Model_Z_sch.inc line 23458
  879 Reading WCONINJE in /deck/Model_Z_sch.inc line 23521
  880 Reading DATES    in /deck/Model_Z_sch.inc line 23562
  881 Reading WCONPROD in /deck/Model_Z_sch.inc line 23569
  882 Reading WCONINJE in /deck/Model_Z_sch.inc line 23632
  883 Reading DATES    in /deck/Model_Z_sch.inc line 23673
  884 Reading WCONPROD in /deck/Model_Z_sch.inc line 23680
  885 Reading WCONINJE in /deck/Model_Z_sch.inc line 23743
  886 Reading DATES    in /deck/Model_Z_sch.inc line 23784
  887 Reading WCONPROD in /deck/Model_Z_sch.inc line 23791
  888 Reading WCONINJE in /deck/Model_Z_sch.inc line 23854
  889 Reading DATES    in /deck/Model_Z_sch.inc line 23895
  890 Reading WCONPROD in /deck/Model_Z_sch.inc line 23902
  891 Reading WCONINJE in /deck/Model_Z_sch.inc line 23965
  892 Reading DATES    in /deck/Model_Z_sch.inc line 24006
  893 Reading WCONPROD in /deck/Model_Z_sch.inc line 24013
  894 Reading WCONINJE in /deck/Model_Z_sch.inc line 24076
  895 Reading DATES    in /deck/Model_Z_sch.inc line 24117
  896 Reading COMPDAT  in /deck/Model_Z_sch.inc line 24121
  897 Reading WCONPROD in /deck/Model_Z_sch.inc line 24131
  898 Reading WCONPROD in /deck/Model_Z_sch.inc line 24135
  899 Reading WCONINJE in /deck/Model_Z_sch.inc line 24198
  900 Reading DATES    in /deck/Model_Z_sch.inc line 24239
  901 Reading WCONPROD in /deck/Model_Z_sch.inc line 24246
  902 Reading WCONINJE in /deck/Model_Z_sch.inc line 24310
  903 Reading DATES    in /deck/Model_Z_sch.inc line 24351
  904 Reading WCONPROD in /deck/Model_Z_sch.inc line 24358
  905 Reading WCONINJE in /deck/Model_Z_sch.inc line 24422
  906 Reading DATES    in /deck/Model_Z_sch.inc line 24463
  907 Reading WCONPROD in /deck/Model_Z_sch.inc line 24470
  908 Reading WCONINJE in /deck/Model_Z_sch.inc line 24534
  909 Reading DATES    in /deck/Model_Z_sch.inc line 24575
  910 Reading WCONPROD in /deck/Model_Z_sch.inc line 24582
  911 Reading WCONINJE in /deck/Model_Z_sch.inc line 24646
  912 Reading DATES    in /deck/Model_Z_sch.inc line 24687
  913 Reading WCONPROD in /deck/Model_Z_sch.inc line 24694
  914 Reading WCONINJE in /deck/Model_Z_sch.inc line 24758
  915 Reading DATES    in /deck/Model_Z_sch.inc line 24799
  916 Reading WCONPROD in /deck/Model_Z_sch.inc line 24806
  917 Reading WCONINJE in /deck/Model_Z_sch.inc line 24870
  918 Reading DATES    in /deck/Model_Z_sch.inc line 24911
  919 Reading WCONPROD in /deck/Model_Z_sch.inc line 24918
  920 Reading WCONINJE in /deck/Model_Z_sch.inc line 24982
  921 Reading DATES    in /deck/Model_Z_sch.inc line 25023
  922 Reading WCONPROD in /deck/Model_Z_sch.inc line 25030
  923 Reading WCONINJE in /deck/Model_Z_sch.inc line 25094
  924 Reading DATES    in /deck/Model_Z_sch.inc line 25135
  925 Reading WCONPROD in /deck/Model_Z_sch.inc line 25142
  926 Reading WCONINJE in /deck/Model_Z_sch.inc line 25206
  927 Reading DATES    in /deck/Model_Z_sch.inc line 25247
  928 Reading WCONPROD in /deck/Model_Z_sch.inc line 25254
  929 Reading WCONINJE in /deck/Model_Z_sch.inc line 25318
  930 Reading DATES    in /deck/Model_Z_sch.inc line 25359
  931 Reading WCONPROD in /deck/Model_Z_sch.inc line 25366
  932 Reading WCONINJE in /deck/Model_Z_sch.inc line 25430
  933 Reading DATES    in /deck/Model_Z_sch.inc line 25471
  934 Reading WCONPROD in /deck/Model_Z_sch.inc line 25478
  935 Reading WCONINJE in /deck/Model_Z_sch.inc line 25542
  936 Reading DATES    in /deck/Model_Z_sch.inc line 25583
  937 Reading WCONPROD in /deck/Model_Z_sch.inc line 25590
  938 Reading WCONINJE in /deck/Model_Z_sch.inc line 25654
  939 Reading DATES    in /deck/Model_Z_sch.inc line 25695
  940 Reading WCONPROD in /deck/Model_Z_sch.inc line 25702
  941 Reading WCONINJE in /deck/Model_Z_sch.inc line 25766
  942 Reading DATES    in /deck/Model_Z_sch.inc line 25807
  943 Reading WCONPROD in /deck/Model_Z_sch.inc line 25814
  944 Reading WCONINJE in /deck/Model_Z_sch.inc line 25878
  945 Reading DATES    in /deck/Model_Z_sch.inc line 25919
  946 Reading WCONPROD in /deck/Model_Z_sch.inc line 25926
  947 Reading WCONINJE in /deck/Model_Z_sch.inc line 25990
  948 Reading DATES    in /deck/Model_Z_sch.inc line 26031
  949 Reading WCONPROD in /deck/Model_Z_sch.inc line 26038
  950 Reading WCONINJE in /deck/Model_Z_sch.inc line 26102
  951 Reading DATES    in /deck/Model_Z_sch.inc line 26143
  952 Reading WCONPROD in /deck/Model_Z_sch.inc line 26150
  953 Reading WCONINJE in /deck/Model_Z_sch.inc line 26214
  954 Reading DATES    in /deck/Model_Z_sch.inc line 26255
  955 Reading WCONPROD in /deck/Model_Z_sch.inc line 26262
  956 Reading WCONINJE in /deck/Model_Z_sch.inc line 26326
  957 Reading DATES    in /deck/Model_Z_sch.inc line 26367
  958 Reading WCONPROD in /deck/Model_Z_sch.inc line 26374
  959 Reading WCONINJE in /deck/Model_Z_sch.inc line 26438
  960 Reading DATES    in /deck/Model_Z_sch.inc line 26479
  961 Reading WCONPROD in /deck/Model_Z_sch.inc line 26486
  962 Reading WCONINJE in /deck/Model_Z_sch.inc line 26550
  963 Reading DATES    in /deck/Model_Z_sch.inc line 26591
  964 Reading WCONPROD in /deck/Model_Z_sch.inc line 26598
  965 Reading WCONINJE in /deck/Model_Z_sch.inc line 26662
  966 Reading DATES    in /deck/Model_Z_sch.inc line 26703
  967 Reading COMPDAT  in /deck/Model_Z_sch.inc line 26707
  968 Reading WCONPROD in /deck/Model_Z_sch.inc line 26717
  969 Reading WCONPROD in /deck/Model_Z_sch.inc line 26721
  970 Reading WCONINJE in /deck/Model_Z_sch.inc line 26785
  971 Reading DATES    in /deck/Model_Z_sch.inc line 26826
  972 Reading COMPDAT  in /deck/Model_Z_sch.inc line 26830
  973 Reading WCONPROD in /deck/Model_Z_sch.inc line 26843
  974 Reading WCONINJE in /deck/Model_Z_sch.inc line 26847
  975 Reading WCONPROD in /deck/Model_Z_sch.inc line 26851
  976 Reading WCONINJE in /deck/Model_Z_sch.inc line 26916
  977 Reading DATES    in /deck/Model_Z_sch.inc line 26957
  978 Reading WCONPROD in /deck/Model_Z_sch.inc line 26964
  979 Reading WCONINJE in /deck/Model_Z_sch.inc line 27030
  980 Reading DATES    in /deck/Model_Z_sch.inc line 27072
  981 Reading WCONPROD in /deck/Model_Z_sch.inc line 27079
  982 Reading WCONINJE in /deck/Model_Z_sch.inc line 27145
  983 Reading DATES    in /deck/Model_Z_sch.inc line 27187
  984 Reading WCONPROD in /deck/Model_Z_sch.inc line 27194
  985 Reading WCONINJE in /deck/Model_Z_sch.inc line 27260
  986 Reading DATES    in /deck/Model_Z_sch.inc line 27302
  987 Reading WCONPROD in /deck/Model_Z_sch.inc line 27309
  988 Reading WCONINJE in /deck/Model_Z_sch.inc line 27375
  989 Reading DATES    in /deck/Model_Z_sch.inc line 27417
  990 Reading WCONPROD in /deck/Model_Z_sch.inc line 27424
  991 Reading WCONINJE in /deck/Model_Z_sch.inc line 27490
  992 Reading DATES    in /deck/Model_Z_sch.inc line 27532
  993 Reading WCONPROD in /deck/Model_Z_sch.inc line 27539
  994 Reading WCONINJE in /deck/Model_Z_sch.inc line 27605
  995 Reading DATES    in /deck/Model_Z_sch.inc line 27647
  996 Reading WCONPROD in /deck/Model_Z_sch.inc line 27654
  997 Reading WCONINJE in /deck/Model_Z_sch.inc line 27720
  998 Reading DATES    in /deck/Model_Z_sch.inc line 27762
  999 Reading WCONPROD in /deck/Model_Z_sch.inc line 27769
 1000 Reading WCONINJE in /deck/Model_Z_sch.inc line 27835
 1001 Reading DATES    in /deck/Model_Z_sch.inc line 27877
 1002 Reading WCONPROD in /deck/Model_Z_sch.inc line 27884
 1003 Reading WCONINJE in /deck/Model_Z_sch.inc line 27950
 1004 Reading DATES    in /deck/Model_Z_sch.inc line 27992
 1005 Reading WCONPROD in /deck/Model_Z_sch.inc line 27999
 1006 Reading WCONINJE in /deck/Model_Z_sch.inc line 28065
 1007 Reading DATES    in /deck/Model_Z_sch.inc line 28107
 1008 Reading WCONPROD in /deck/Model_Z_sch.inc line 28114
 1009 Reading WCONINJE in /deck/Model_Z_sch.inc line 28180
 1010 Reading DATES    in /deck/Model_Z_sch.inc line 28222
 1011 Reading WCONPROD in /deck/Model_Z_sch.inc line 28229
 1012 Reading WCONINJE in /deck/Model_Z_sch.inc line 28295
 1013 Reading DATES    in /deck/Model_Z_sch.inc line 28337
 1014 Reading WCONPROD in /deck/Model_Z_sch.inc line 28344
 1015 Reading WCONINJE in /deck/Model_Z_sch.inc line 28410
 1016 Reading DATES    in /deck/Model_Z_sch.inc line 28452
 1017 Reading WCONPROD in /deck/Model_Z_sch.inc line 28459
 1018 Reading WCONINJE in /deck/Model_Z_sch.inc line 28525
 1019 Reading DATES    in /deck/Model_Z_sch.inc line 28567
 1020 Reading WCONPROD in /deck/Model_Z_sch.inc line 28574
 1021 Reading WCONINJE in /deck/Model_Z_sch.inc line 28640
 1022 Reading DATES    in /deck/Model_Z_sch.inc line 28682
 1023 Reading WCONPROD in /deck/Model_Z_sch.inc line 28689
 1024 Reading WCONINJE in /deck/Model_Z_sch.inc line 28755
 1025 Reading DATES    in /deck/Model_Z_sch.inc line 28797
 1026 Reading WCONPROD in /deck/Model_Z_sch.inc line 28804
 1027 Reading WCONINJE in /deck/Model_Z_sch.inc line 28870
 1028 Reading DATES    in /deck/Model_Z_sch.inc line 28912
 1029 Reading WCONPROD in /deck/Model_Z_sch.inc line 28919
 1030 Reading WCONINJE in /deck/Model_Z_sch.inc line 28985
 1031 Reading DATES    in /deck/Model_Z_sch.inc line 29027
 1032 Reading WCONPROD in /deck/Model_Z_sch.inc line 29034
 1033 Reading WCONINJE in /deck/Model_Z_sch.inc line 29100
 1034 Reading DATES    in /deck/Model_Z_sch.inc line 29142
 1035 Reading WCONPROD in /deck/Model_Z_sch.inc line 29149
 1036 Reading WCONINJE in /deck/Model_Z_sch.inc line 29215
 1037 Reading DATES    in /deck/Model_Z_sch.inc line 29257
 1038 Reading WCONPROD in /deck/Model_Z_sch.inc line 29264
 1039 Reading WCONINJE in /deck/Model_Z_sch.inc line 29330
 1040 Reading DATES    in /deck/Model_Z_sch.inc line 29372
 1041 Reading WCONPROD in /deck/Model_Z_sch.inc line 29379
 1042 Reading WCONINJE in /deck/Model_Z_sch.inc line 29445
 1043 Reading DATES    in /deck/Model_Z_sch.inc line 29487
 1044 Reading WCONPROD in /deck/Model_Z_sch.inc line 29494
 1045 Reading WCONINJE in /deck/Model_Z_sch.inc line 29560
 1046 Reading DATES    in /deck/Model_Z_sch.inc line 29602
 1047 Reading WCONPROD in /deck/Model_Z_sch.inc line 29609
 1048 Reading WCONINJE in /deck/Model_Z_sch.inc line 29675
 1049 Reading DATES    in /deck/Model_Z_sch.inc line 29717
 1050 Reading WCONPROD in /deck/Model_Z_sch.inc line 29724
 1051 Reading WCONINJE in /deck/Model_Z_sch.inc line 29790
 1052 Reading DATES    in /deck/Model_Z_sch.inc line 29832
 1053 Reading WCONPROD in /deck/Model_Z_sch.inc line 29839
 1054 Reading WCONINJE in /deck/Model_Z_sch.inc line 29905
 1055 Reading DATES    in /deck/Model_Z_sch.inc line 29947
 1056 Reading WCONPROD in /deck/Model_Z_sch.inc line 29954
 1057 Reading WCONINJE in /deck/Model_Z_sch.inc line 30020
 1058 Reading DATES    in /deck/Model_Z_sch.inc line 30062
 1059 Reading WCONPROD in /deck/Model_Z_sch.inc line 30069
 1060 Reading WCONINJE in /deck/Model_Z_sch.inc line 30135
 1061 Reading DATES    in /deck/Model_Z_sch.inc line 30177
 1062 Reading WCONPROD in /deck/Model_Z_sch.inc line 30184
 1063 Reading WCONINJE in /deck/Model_Z_sch.inc line 30250
 1064 Reading DATES    in /deck/Model_Z_sch.inc line 30292
 1065 Reading WCONPROD in /deck/Model_Z_sch.inc line 30299
 1066 Reading WCONINJE in /deck/Model_Z_sch.inc line 30365
 1067 Reading DATES    in /deck/Model_Z_sch.inc line 30407
 1068 Reading WCONPROD in /deck/Model_Z_sch.inc line 30414
 1069 Reading WCONINJE in /deck/Model_Z_sch.inc line 30480
 1070 Reading DATES    in /deck/Model_Z_sch.inc line 30522
 1071 Reading WCONPROD in /deck/Model_Z_sch.inc line 30529
 1072 Reading WCONINJE in /deck/Model_Z_sch.inc line 30595
 1073 Reading DATES    in /deck/Model_Z_sch.inc line 30637
 1074 Reading WCONPROD in /deck/Model_Z_sch.inc line 30644
 1075 Reading WCONINJE in /deck/Model_Z_sch.inc line 30710
 1076 Reading DATES    in /deck/Model_Z_sch.inc line 30752
 1077 Reading WCONPROD in /deck/Model_Z_sch.inc line 30759
 1078 Reading WCONINJE in /deck/Model_Z_sch.inc line 30825
 1079 Reading DATES    in /deck/Model_Z_sch.inc line 30867
 1080 Reading WCONPROD in /deck/Model_Z_sch.inc line 30874
 1081 Reading WCONINJE in /deck/Model_Z_sch.inc line 30940
 1082 Reading DATES    in /deck/Model_Z_sch.inc line 30982
 1083 Reading WCONPROD in /deck/Model_Z_sch.inc line 30989
 1084 Reading WCONINJE in /deck/Model_Z_sch.inc line 31055
 1085 Reading DATES    in /deck/Model_Z_sch.inc line 31097
 1086 Reading WCONPROD in /deck/Model_Z_sch.inc line 31104
 1087 Reading WCONINJE in /deck/Model_Z_sch.inc line 31170
 1088 Reading DATES    in /deck/Model_Z_sch.inc line 31212
 1089 Reading COMPDAT  in /deck/Model_Z_sch.inc line 31216
 1090 Reading WCONPROD in /deck/Model_Z_sch.inc line 31227
 1091 Reading WCONINJE in /deck/Model_Z_sch.inc line 31292
 1092 Reading DATES    in /deck/Model_Z_sch.inc line 31335
 1093 Reading WCONPROD in /deck/Model_Z_sch.inc line 31342
 1094 Reading WCONINJE in /deck/Model_Z_sch.inc line 31407
 1095 Reading DATES    in /deck/Model_Z_sch.inc line 31450
 1096 Reading WCONPROD in /deck/Model_Z_sch.inc line 31457
 1097 Reading WCONINJE in /deck/Model_Z_sch.inc line 31522
 1098 Reading DATES    in /deck/Model_Z_sch.inc line 31565
 1099 Reading WCONPROD in /deck/Model_Z_sch.inc line 31572
 1100 Reading WCONINJE in /deck/Model_Z_sch.inc line 31637
 1101 Reading DATES    in /deck/Model_Z_sch.inc line 31680
 1102 Reading WCONPROD in /deck/Model_Z_sch.inc line 31687
 1103 Reading WCONINJE in /deck/Model_Z_sch.inc line 31752
 1104 Reading DATES    in /deck/Model_Z_sch.inc line 31795
 1105 Reading WCONPROD in /deck/Model_Z_sch.inc line 31802
 1106 Reading WCONINJE in /deck/Model_Z_sch.inc line 31867
 1107 Reading DATES    in /deck/Model_Z_sch.inc line 31910
 1108 Reading WCONPROD in /deck/Model_Z_sch.inc line 31917
 1109 Reading WCONINJE in /deck/Model_Z_sch.inc line 31982
 1110 Reading DATES    in /deck/Model_Z_sch.inc line 32025
 1111 Reading WCONPROD in /deck/Model_Z_sch.inc line 32032
 1112 Reading WCONINJE in /deck/Model_Z_sch.inc line 32097
 1113 Reading DATES    in /deck/Model_Z_sch.inc line 32140
 1114 Reading WCONPROD in /deck/Model_Z_sch.inc line 32147
 1115 Reading WCONINJE in /deck/Model_Z_sch.inc line 32212
 1116 Reading DATES    in /deck/Model_Z_sch.inc line 32255
 1117 Reading WCONPROD in /deck/Model_Z_sch.inc line 32262
 1118 Reading WCONINJE in /deck/Model_Z_sch.inc line 32327
 1119 Reading DATES    in /deck/Model_Z_sch.inc line 32370
 1120 Reading WCONPROD in /deck/Model_Z_sch.inc line 32377
 1121 Reading WCONINJE in /deck/Model_Z_sch.inc line 32442
 1122 Reading DATES    in /deck/Model_Z_sch.inc line 32485
 1123 Reading WCONPROD in /deck/Model_Z_sch.inc line 32492
 1124 Reading WCONINJE in /deck/Model_Z_sch.inc line 32557
 1125 Reading DATES    in /deck/Model_Z_sch.inc line 32600
 1126 Reading WCONPROD in /deck/Model_Z_sch.inc line 32607
 1127 Reading WCONINJE in /deck/Model_Z_sch.inc line 32672
 1128 Reading DATES    in /deck/Model_Z_sch.inc line 32715
 1129 Reading WCONPROD in /deck/Model_Z_sch.inc line 32722
 1130 Reading WCONINJE in /deck/Model_Z_sch.inc line 32787
 1131 Reading DATES    in /deck/Model_Z_sch.inc line 32830
 1132 Reading WCONPROD in /deck/Model_Z_sch.inc line 32837
 1133 Reading WCONINJE in /deck/Model_Z_sch.inc line 32902
 1134 Reading DATES    in /deck/Model_Z_sch.inc line 32945
 1135 Reading WCONPROD in /deck/Model_Z_sch.inc line 32952
 1136 Reading WCONINJE in /deck/Model_Z_sch.inc line 33017
 1137 Reading DATES    in /deck/Model_Z_sch.inc line 33060
 1138 Reading WCONPROD in /deck/Model_Z_sch.inc line 33067
 1139 Reading WCONINJE in /deck/Model_Z_sch.inc line 33132
 1140 Reading DATES    in /deck/Model_Z_sch.inc line 33175
 1141 Reading WCONPROD in /deck/Model_Z_sch.inc line 33182
 1142 Reading WCONINJE in /deck/Model_Z_sch.inc line 33247
 1143 Reading DATES    in /deck/Model_Z_sch.inc line 33290
 1144 Reading WCONPROD in /deck/Model_Z_sch.inc line 33297
 1145 Reading WCONINJE in /deck/Model_Z_sch.inc line 33362
 1146 Reading DATES    in /deck/Model_Z_sch.inc line 33405
 1147 Reading WCONPROD in /deck/Model_Z_sch.inc line 33412
 1148 Reading WCONINJE in /deck/Model_Z_sch.inc line 33477
 1149 Reading DATES    in /deck/Model_Z_sch.inc line 33520
 1150 Reading WCONPROD in /deck/Model_Z_sch.inc line 33527
 1151 Reading WCONINJE in /deck/Model_Z_sch.inc line 33592
 1152 Reading DATES    in /deck/Model_Z_sch.inc line 33635
 1153 Reading WCONPROD in /deck/Model_Z_sch.inc line 33642
 1154 Reading WCONINJE in /deck/Model_Z_sch.inc line 33707
 1155 Reading DATES    in /deck/Model_Z_sch.inc line 33750
 1156 Reading WCONPROD in /deck/Model_Z_sch.inc line 33757
 1157 Reading WCONINJE in /deck/Model_Z_sch.inc line 33822
 1158 Reading DATES    in /deck/Model_Z_sch.inc line 33865
 1159 Reading WCONPROD in /deck/Model_Z_sch.inc line 33872
 1160 Reading WCONINJE in /deck/Model_Z_sch.inc line 33937
 1161 Reading DATES    in /deck/Model_Z_sch.inc line 33980
 1162 Reading WCONPROD in /deck/Model_Z_sch.inc line 33987
 1163 Reading WCONINJE in /deck/Model_Z_sch.inc line 34052
 1164 Reading DATES    in /deck/Model_Z_sch.inc line 34095
 1165 Reading WCONPROD in /deck/Model_Z_sch.inc line 34102
 1166 Reading WCONINJE in /deck/Model_Z_sch.inc line 34167
 1167 Reading DATES    in /deck/Model_Z_sch.inc line 34210
 1168 Reading WCONPROD in /deck/Model_Z_sch.inc line 34217
 1169 Reading WCONINJE in /deck/Model_Z_sch.inc line 34282
 1170 Reading DATES    in /deck/Model_Z_sch.inc line 34325
 1171 Reading WCONPROD in /deck/Model_Z_sch.inc line 34332
 1172 Reading WCONINJE in /deck/Model_Z_sch.inc line 34397
 1173 Reading DATES    in /deck/Model_Z_sch.inc line 34440
 1174 Reading WCONPROD in /deck/Model_Z_sch.inc line 34447
 1175 Reading WCONINJE in /deck/Model_Z_sch.inc line 34512
 1176 Reading DATES    in /deck/Model_Z_sch.inc line 34555
 1177 Reading WCONPROD in /deck/Model_Z_sch.inc line 34562
 1178 Reading WCONINJE in /deck/Model_Z_sch.inc line 34627
 1179 Reading DATES    in /deck/Model_Z_sch.inc line 34670
 1180 Reading WCONPROD in /deck/Model_Z_sch.inc line 34677
 1181 Reading WCONINJE in /deck/Model_Z_sch.inc line 34742
 1182 Reading DATES    in /deck/Model_Z_sch.inc line 34785
 1183 Reading WCONPROD in /deck/Model_Z_sch.inc line 34792
 1184 Reading WCONINJE in /deck/Model_Z_sch.inc line 34857
 1185 Reading DATES    in /deck/Model_Z_sch.inc line 34900
 1186 Reading WCONPROD in /deck/Model_Z_sch.inc line 34907
 1187 Reading WCONINJE in /deck/Model_Z_sch.inc line 34972
 1188 Reading DATES    in /deck/Model_Z_sch.inc line 35015
 1189 Reading WCONPROD in /deck/Model_Z_sch.inc line 35022
 1190 Reading WCONINJE in /deck/Model_Z_sch.inc line 35087
 1191 Reading DATES    in /deck/Model_Z_sch.inc line 35130
 1192 Reading WCONPROD in /deck/Model_Z_sch.inc line 35137
 1193 Reading WCONINJE in /deck/Model_Z_sch.inc line 35202
 1194 Reading DATES    in /deck/Model_Z_sch.inc line 35245
 1195 Reading WCONPROD in /deck/Model_Z_sch.inc line 35252
 1196 Reading WCONINJE in /deck/Model_Z_sch.inc line 35317
 1197 Reading DATES    in /deck/Model_Z_sch.inc line 35360
 1198 Reading WCONPROD in /deck/Model_Z_sch.inc line 35367
 1199 Reading WCONINJE in /deck/Model_Z_sch.inc line 35432
 1200 Reading DATES    in /deck/Model_Z_sch.inc line 35475
 1201 Reading WCONPROD in /deck/Model_Z_sch.inc line 35482
 1202 Reading WCONINJE in /deck/Model_Z_sch.inc line 35547
 1203 Reading DATES    in /deck/Model_Z_sch.inc line 35590
 1204 Reading WCONPROD in /deck/Model_Z_sch.inc line 35597
 1205 Reading WCONINJE in /deck/Model_Z_sch.inc line 35662
 1206 Reading DATES    in /deck/Model_Z_sch.inc line 35705
 1207 Reading WCONPROD in /deck/Model_Z_sch.inc line 35712
 1208 Reading WCONINJE in /deck/Model_Z_sch.inc line 35777
 1209 Reading DATES    in /deck/Model_Z_sch.inc line 35820
 1210 Reading WPIMULT  in /deck/Model_Z_sch.inc line 35826
 1211 Reading WCONPROD in /deck/Model_Z_sch.inc line 35837
 1212 Reading WCONINJE in /deck/Model_Z_sch.inc line 35902
 1213 Reading DATES    in /deck/Model_Z_sch.inc line 35945
 1214 Reading WCONPROD in /deck/Model_Z_sch.inc line 35952
 1215 Reading WCONINJE in /deck/Model_Z_sch.inc line 36017
 1216 Reading DATES    in /deck/Model_Z_sch.inc line 36060
 1217 Reading WCONPROD in /deck/Model_Z_sch.inc line 36067
 1218 Reading WCONINJE in /deck/Model_Z_sch.inc line 36132
 1219 Reading DATES    in /deck/Model_Z_sch.inc line 36175
 1220 Reading WCONPROD in /deck/Model_Z_sch.inc line 36182
 1221 Reading WCONINJE in /deck/Model_Z_sch.inc line 36247
 1222 Reading DATES    in /deck/Model_Z_sch.inc line 36290

Warning: Unsupported keywords or keyword items:

  PINCHREG: keyword not supported
  In file: /deck/Model_Z_grid.inc, line 682052

Warning: The ALL CAPS case: MODEL_Z will be used when writing output files from this simulation.

Creating corner-point grid from keywords COORD, ZCORN and others

Warning:  COMPS is not specified, the following keywords related to compositional simulation in PROPS section will be ignored:
 STCOND
3 fluid phases are active

Processing dynamic information from
/deck/Model_Z.data line 125
Initializing report step 0/371 at 1991-06-01 0 DAYS line 125
Reading from: /deck/Model_Z_sch.inc line 1
Processing keyword RPTSCHED at line 1
Processing keyword WELSPECS at line 5
Complete report step 1 (1249 DAYS) at 1994-11-01 (0 DAYS)

Initializing report step 2/371 at 1994-11-01 (0 DAYS) line 111
Processing keyword COMPDAT at line 115
Processing keyword WCONPROD at line 137
Complete report step 2 (30 DAYS) at 1994-12-01 (1249 DAYS)

Initializing report step 3/371 at 1994-12-01 (1249 DAYS) line 145
Processing keyword COMPDAT at line 149
Processing keyword WCONPROD at line 156
Complete report step 3 (31 DAYS) at 1995-01-01 (1279 DAYS)

Initializing report step 4/371 at 1995-01-01 (1279 DAYS) line 165
Processing keyword COMPDAT at line 169
Processing keyword WCONPROD at line 176
Complete report step 4 (31 DAYS) at 1995-02-01 (1310 DAYS)

Initializing report step 5/371 at 1995-02-01 (1310 DAYS) line 186
Processing keyword COMPDAT at line 190
Processing keyword WCONPROD at line 216
Complete report step 5 (28 DAYS) at 1995-03-01 (1341 DAYS)

Warning: Problem with WCONPROD
In /deck/Model_Z_sch.inc line441
Well 59 has no connections to grid and will remain SHUT

Warning: Problem with WCONPROD
In /deck/Model_Z_sch.inc line482
Well 59 has no connections to grid and will remain SHUT

Warning: Problem with WCONPROD
In /deck/Model_Z_sch.inc line523
Well 59 has no connections to grid and will remain SHUT

Warning: Problem with WCONPROD
In /deck/Model_Z_sch.inc line564
Well 59 has no connections to grid and will remain SHUT

Warning: Problem with WCONPROD
In /deck/Model_Z_sch.inc line605
Well 59 has no connections to grid and will remain SHUT

Warning: Problem with WCONPROD
In /deck/Model_Z_sch.inc line646
Well 59 has no connections to grid and will remain SHUT

Warning: Problem with WCONPROD
In /deck/Model_Z_sch.inc line687
Well 59 has no connections to grid and will remain SHUT

Warning: Problem with WCONPROD
In /deck/Model_Z_sch.inc line728
Well 59 has no connections to grid and will remain SHUT

Warning: Problem with WCONPROD
In /deck/Model_Z_sch.inc line797
Well 59 has no connections to grid and will remain SHUT

Warning: Problem with WCONPROD
In /deck/Model_Z_sch.inc line845
Well 59 has no connections to grid and will remain SHUT

Warning: Problem with WCONPROD
In /deck/Model_Z_sch.inc line893
Well 59 has no connections to grid and will remain SHUT

Warning: Problem with WCONPROD
In /deck/Model_Z_sch.inc line949
Well 59 has no connections to grid and will remain SHUT

Warning: Problem with WCONPROD
In /deck/Model_Z_sch.inc line1011
Well 59 has no connections to grid and will remain SHUT

Warning: Problem with WCONPROD
In /deck/Model_Z_sch.inc line1063
Well 59 has no connections to grid and will remain SHUT

Warning: Problem with WCONPROD
In /deck/Model_Z_sch.inc line1129
Well 59 has no connections to grid and will remain SHUT

Warning: Problem with WCONPROD
In /deck/Model_Z_sch.inc line1193
Well 59 has no connections to grid and will remain SHUT

Warning: Problem with WCONPROD
In /deck/Model_Z_sch.inc line1249
Well 59 has no connections to grid and will remain SHUT

Warning: Problem with WCONPROD
In /deck/Model_Z_sch.inc line1305
Well 59 has no connections to grid and will remain SHUT

Warning: Problem with WCONPROD
In /deck/Model_Z_sch.inc line1361
Well 59 has no connections to grid and will remain SHUT

Warning: Problem with WCONPROD
In /deck/Model_Z_sch.inc line1417
Well 59 has no connections to grid and will remain SHUT

Warning: Problem with WCONPROD
In /deck/Model_Z_sch.inc line1473
Well 59 has no connections to grid and will remain SHUT

Warning: Problem with WCONPROD
In /deck/Model_Z_sch.inc line1529
Well 59 has no connections to grid and will remain SHUT

Warning: Problem with WCONPROD
In /deck/Model_Z_sch.inc line1595
Well 59 has no connections to grid and will remain SHUT

Warning: Problem with WCONPROD
In /deck/Model_Z_sch.inc line1672
Well 59 has no connections to grid and will remain SHUT

Warning: Problem with WCONPROD
In /deck/Model_Z_sch.inc line1747
Well 59 has no connections to grid and will remain SHUT

Warning: Problem with WCONPROD
In /deck/Model_Z_sch.inc line1825
Well 59 has no connections to grid and will remain SHUT

Warning: Problem with WCONPROD
In /deck/Model_Z_sch.inc line1892
Well 59 has no connections to grid and will remain SHUT

Warning: Problem with WCONPROD
In /deck/Model_Z_sch.inc line1959
Well 59 has no connections to grid and will remain SHUT

Warning: Problem with WCONPROD
In /deck/Model_Z_sch.inc line2043
Well 59 has no connections to grid and will remain SHUT

Warning: Problem with WCONPROD
In /deck/Model_Z_sch.inc line2114
Well 59 has no connections to grid and will remain SHUT

Warning: Problem with WCONPROD
In /deck/Model_Z_sch.inc line2185
Well 59 has no connections to grid and will remain SHUT

Warning: Problem with WCONPROD
In /deck/Model_Z_sch.inc line2256
Well 59 has no connections to grid and will remain SHUT

Warning: Problem with WCONPROD
In /deck/Model_Z_sch.inc line2327
Well 59 has no connections to grid and will remain SHUT

Warning: Problem with WCONPROD
In /deck/Model_Z_sch.inc line2398
Well 59 has no connections to grid and will remain SHUT

Warning: Problem with WCONPROD
In /deck/Model_Z_sch.inc line2469
Well 59 has no connections to grid and will remain SHUT

Warning: Problem with WCONPROD
In /deck/Model_Z_sch.inc line2567
Well 59 has no connections to grid and will remain SHUT

Warning: Problem with WCONPROD
In /deck/Model_Z_sch.inc line2644
Well 59 has no connections to grid and will remain SHUT

Warning: Problem with WCONPROD
In /deck/Model_Z_sch.inc line2721
Well 59 has no connections to grid and will remain SHUT

Warning: Problem with WCONPROD
In /deck/Model_Z_sch.inc line2798
Well 59 has no connections to grid and will remain SHUT

Warning: Problem with WCONPROD
In /deck/Model_Z_sch.inc line2875
Well 59 has no connections to grid and will remain SHUT

Warning: Problem with WCONPROD
In /deck/Model_Z_sch.inc line2969
Well 59 has no connections to grid and will remain SHUT

Warning: Problem with WCONPROD
In /deck/Model_Z_sch.inc line3050
Well 59 has no connections to grid and will remain SHUT

Warning: Problem with WCONPROD
In /deck/Model_Z_sch.inc line3131
Well 59 has no connections to grid and will remain SHUT

Warning: Problem with WCONPROD
In /deck/Model_Z_sch.inc line3212
Well 59 has no connections to grid and will remain SHUT

Warning: Problem with WCONPROD
In /deck/Model_Z_sch.inc line3293
Well 59 has no connections to grid and will remain SHUT

Warning: Problem with WCONPROD
In /deck/Model_Z_sch.inc line3374
Well 59 has no connections to grid and will remain SHUT

Warning: Problem with WCONPROD
In /deck/Model_Z_sch.inc line3455
Well 59 has no connections to grid and will remain SHUT

Warning: Problem with WCONPROD
In /deck/Model_Z_sch.inc line3543
Well 59 has no connections to grid and will remain SHUT

Warning: Problem with WCONPROD
In /deck/Model_Z_sch.inc line3626
Well 59 has no connections to grid and will remain SHUT

Warning: Problem with WCONPROD
In /deck/Model_Z_sch.inc line3709
Well 59 has no connections to grid and will remain SHUT

Warning: Problem with WCONPROD
In /deck/Model_Z_sch.inc line3799
Well 59 has no connections to grid and will remain SHUT

Warning: Problem with WCONPROD
In /deck/Model_Z_sch.inc line3883
Well 59 has no connections to grid and will remain SHUT

Warning: Problem with WCONPROD
In /deck/Model_Z_sch.inc line3967
Well 59 has no connections to grid and will remain SHUT

Warning: Problem with WCONPROD
In /deck/Model_Z_sch.inc line4051
Well 59 has no connections to grid and will remain SHUT

Warning: Problem with WCONPROD
In /deck/Model_Z_sch.inc line4135
Well 59 has no connections to grid and will remain SHUT

Warning: Problem with WCONPROD
In /deck/Model_Z_sch.inc line4219
Well 59 has no connections to grid and will remain SHUT

Warning: Problem with WCONPROD
In /deck/Model_Z_sch.inc line4303
Well 59 has no connections to grid and will remain SHUT

Warning: Problem with WCONPROD
In /deck/Model_Z_sch.inc line4581
Well 71 has no connections to grid and will remain SHUT

Warning: Problem with WCONPROD
In /deck/Model_Z_sch.inc line4668
Well 71 has no connections to grid and will remain SHUT

Warning: Problem with WCONPROD
In /deck/Model_Z_sch.inc line4755
Well 71 has no connections to grid and will remain SHUT

Warning: Problem with WCONPROD
In /deck/Model_Z_sch.inc line4842
Well 71 has no connections to grid and will remain SHUT

Warning: Problem with WCONPROD
In /deck/Model_Z_sch.inc line4929
Well 71 has no connections to grid and will remain SHUT

Warning: Problem with WCONPROD
In /deck/Model_Z_sch.inc line5016
Well 71 has no connections to grid and will remain SHUT

Warning: Problem with WCONPROD
In /deck/Model_Z_sch.inc line5103
Well 71 has no connections to grid and will remain SHUT

Warning: Problem with WCONPROD
In /deck/Model_Z_sch.inc line5190
Well 71 has no connections to grid and will remain SHUT

Warning: Problem with WCONPROD
In /deck/Model_Z_sch.inc line5277
Well 71 has no connections to grid and will remain SHUT

Warning: Problem with WCONPROD
In /deck/Model_Z_sch.inc line5364
Well 71 has no connections to grid and will remain SHUT

Warning: Problem with WCONPROD
In /deck/Model_Z_sch.inc line5451
Well 71 has no connections to grid and will remain SHUT

Warning: Problem with WCONPROD
In /deck/Model_Z_sch.inc line5538
Well 71 has no connections to grid and will remain SHUT

Warning: Problem with WCONPROD
In /deck/Model_Z_sch.inc line5625
Well 71 has no connections to grid and will remain SHUT

Warning: Problem with WCONPROD
In /deck/Model_Z_sch.inc line5712
Well 71 has no connections to grid and will remain SHUT

Warning: Problem with WCONPROD
In /deck/Model_Z_sch.inc line5799
Well 71 has no connections to grid and will remain SHUT

Warning: Problem with WCONPROD
In /deck/Model_Z_sch.inc line5893
Well 71 has no connections to grid and will remain SHUT

Warning: Problem with WCONPROD
In /deck/Model_Z_sch.inc line5981
Well 71 has no connections to grid and will remain SHUT

Warning: Problem with WCONPROD
In /deck/Model_Z_sch.inc line6069
Well 71 has no connections to grid and will remain SHUT

Warning: Problem with WCONPROD
In /deck/Model_Z_sch.inc line6157
Well 71 has no connections to grid and will remain SHUT

Warning: Problem with WCONPROD
In /deck/Model_Z_sch.inc line6245
Well 71 has no connections to grid and will remain SHUT

Warning: Problem with WCONPROD
In /deck/Model_Z_sch.inc line6340
Well 71 has no connections to grid and will remain SHUT

Warning: Problem with WCONPROD
In /deck/Model_Z_sch.inc line6429
Well 71 has no connections to grid and will remain SHUT

Warning: Problem with WCONPROD
In /deck/Model_Z_sch.inc line6527
Well 71 has no connections to grid and will remain SHUT

Warning: Problem with WCONPROD
In /deck/Model_Z_sch.inc line6617
Well 71 has no connections to grid and will remain SHUT

Warning: Problem with WCONPROD
In /deck/Model_Z_sch.inc line6706
Well 71 has no connections to grid and will remain SHUT

Warning: Problem with WCONPROD
In /deck/Model_Z_sch.inc line6795
Well 71 has no connections to grid and will remain SHUT

Warning: Problem with WCONPROD
In /deck/Model_Z_sch.inc line6884
Well 71 has no connections to grid and will remain SHUT

Warning: Problem with WCONPROD
In /deck/Model_Z_sch.inc line6973
Well 71 has no connections to grid and will remain SHUT

Warning: Problem with WCONPROD
In /deck/Model_Z_sch.inc line7062
Well 71 has no connections to grid and will remain SHUT

Warning: Problem with WCONPROD
In /deck/Model_Z_sch.inc line7151
Well 71 has no connections to grid and will remain SHUT

Warning: Problem with WCONPROD
In /deck/Model_Z_sch.inc line7277
Well 71 has no connections to grid and will remain SHUT

Warning: Problem with WCONPROD
In /deck/Model_Z_sch.inc line7374
Well 71 has no connections to grid and will remain SHUT

Warning: Problem with WCONPROD
In /deck/Model_Z_sch.inc line7465
Well 71 has no connections to grid and will remain SHUT

Warning: Problem with WCONPROD
In /deck/Model_Z_sch.inc line7556
Well 71 has no connections to grid and will remain SHUT

Warning: Problem with WCONPROD
In /deck/Model_Z_sch.inc line7647
Well 71 has no connections to grid and will remain SHUT

Warning: Problem with WCONPROD
In /deck/Model_Z_sch.inc line7738
Well 71 has no connections to grid and will remain SHUT

Warning: Problem with WCONPROD
In /deck/Model_Z_sch.inc line7838
Well 71 has no connections to grid and will remain SHUT

Warning: Problem with WCONPROD
In /deck/Model_Z_sch.inc line7939
Well 71 has no connections to grid and will remain SHUT

Warning: Problem with WCONPROD
In /deck/Model_Z_sch.inc line8042
Well 71 has no connections to grid and will remain SHUT

Warning: Problem with WCONPROD
In /deck/Model_Z_sch.inc line8134
Well 71 has no connections to grid and will remain SHUT

Warning: Problem with WCONPROD
In /deck/Model_Z_sch.inc line8235
Well 71 has no connections to grid and will remain SHUT

Warning: Problem with WCONPROD
In /deck/Model_Z_sch.inc line8327
Well 71 has no connections to grid and will remain SHUT

Warning: Problem with WCONPROD
In /deck/Model_Z_sch.inc line8418
Well 71 has no connections to grid and will remain SHUT

Warning: Problem with WCONPROD
In /deck/Model_Z_sch.inc line8509
Well 71 has no connections to grid and will remain SHUT

Warning: Problem with WCONPROD
In /deck/Model_Z_sch.inc line8600
Well 71 has no connections to grid and will remain SHUT

Warning: Problem with WCONPROD
In /deck/Model_Z_sch.inc line8691
Well 71 has no connections to grid and will remain SHUT

Warning: Problem with WCONPROD
In /deck/Model_Z_sch.inc line8782
Well 71 has no connections to grid and will remain SHUT

Warning: Problem with WCONPROD
In /deck/Model_Z_sch.inc line8873
Well 71 has no connections to grid and will remain SHUT

Warning: Problem with WCONPROD
In /deck/Model_Z_sch.inc line8964
Well 71 has no connections to grid and will remain SHUT

Warning: Problem with WCONPROD
In /deck/Model_Z_sch.inc line9055
Well 71 has no connections to grid and will remain SHUT

Warning: Problem with WCONPROD
In /deck/Model_Z_sch.inc line9146
Well 71 has no connections to grid and will remain SHUT

Warning: Problem with WCONPROD
In /deck/Model_Z_sch.inc line9237
Well 71 has no connections to grid and will remain SHUT

Warning: Problem with WCONPROD
In /deck/Model_Z_sch.inc line9328
Well 71 has no connections to grid and will remain SHUT

Warning: Problem with WCONPROD
In /deck/Model_Z_sch.inc line9419
Well 71 has no connections to grid and will remain SHUT

Warning: Problem with WCONPROD
In /deck/Model_Z_sch.inc line9510
Well 71 has no connections to grid and will remain SHUT

Warning: Problem with WCONPROD
In /deck/Model_Z_sch.inc line9601
Well 71 has no connections to grid and will remain SHUT

Warning: Problem with WCONPROD
In /deck/Model_Z_sch.inc line9692
Well 71 has no connections to grid and will remain SHUT

Warning: Problem with WCONPROD
In /deck/Model_Z_sch.inc line9783
Well 71 has no connections to grid and will remain SHUT

Warning: Problem with WCONPROD
In /deck/Model_Z_sch.inc line9874
Well 71 has no connections to grid and will remain SHUT

Warning: Problem with WCONPROD
In /deck/Model_Z_sch.inc line9965
Well 71 has no connections to grid and will remain SHUT

Warning: Problem with WCONPROD
In /deck/Model_Z_sch.inc line10056
Well 71 has no connections to grid and will remain SHUT

Warning: Problem with WCONPROD
In /deck/Model_Z_sch.inc line10147
Well 71 has no connections to grid and will remain SHUT

Warning: Problem with WCONPROD
In /deck/Model_Z_sch.inc line10238
Well 71 has no connections to grid and will remain SHUT

Warning: Problem with WCONPROD
In /deck/Model_Z_sch.inc line10329
Well 71 has no connections to grid and will remain SHUT

Warning: Problem with WCONPROD
In /deck/Model_Z_sch.inc line10420
Well 71 has no connections to grid and will remain SHUT

Warning: Problem with WCONPROD
In /deck/Model_Z_sch.inc line10511
Well 71 has no connections to grid and will remain SHUT

Warning: Problem with WCONPROD
In /deck/Model_Z_sch.inc line10602
Well 71 has no connections to grid and will remain SHUT

Warning: Problem with WCONPROD
In /deck/Model_Z_sch.inc line10693
Well 71 has no connections to grid and will remain SHUT

Warning: Problem with WCONPROD
In /deck/Model_Z_sch.inc line10798
Well 71 has no connections to grid and will remain SHUT

Warning: Problem with WCONPROD
In /deck/Model_Z_sch.inc line10891
Well 71 has no connections to grid and will remain SHUT

Warning: Problem with WCONPROD
In /deck/Model_Z_sch.inc line10982
Well 71 has no connections to grid and will remain SHUT

Warning: Problem with WCONPROD
In /deck/Model_Z_sch.inc line11073
Well 71 has no connections to grid and will remain SHUT

Warning: Problem with WCONPROD
In /deck/Model_Z_sch.inc line11180
Well 71 has no connections to grid and will remain SHUT

Warning: Problem with WCONPROD
In /deck/Model_Z_sch.inc line11274
Well 71 has no connections to grid and will remain SHUT

Warning: Problem with WCONPROD
In /deck/Model_Z_sch.inc line11365
Well 71 has no connections to grid and will remain SHUT

Warning: Problem with WCONPROD
In /deck/Model_Z_sch.inc line11456
Well 71 has no connections to grid and will remain SHUT

Warning: Problem with WCONPROD
In /deck/Model_Z_sch.inc line11547
Well 71 has no connections to grid and will remain SHUT

Warning: Problem with WCONPROD
In /deck/Model_Z_sch.inc line11638
Well 71 has no connections to grid and will remain SHUT

Warning: Problem with WCONPROD
In /deck/Model_Z_sch.inc line11756
Well 71 has no connections to grid and will remain SHUT

Warning: Problem with WCONPROD
In /deck/Model_Z_sch.inc line11849
Well 71 has no connections to grid and will remain SHUT

Warning: Problem with WCONPROD
In /deck/Model_Z_sch.inc line11945
Well 71 has no connections to grid and will remain SHUT

Warning: Problem with WCONPROD
In /deck/Model_Z_sch.inc line12041
Well 71 has no connections to grid and will remain SHUT

Warning: Problem with WCONPROD
In /deck/Model_Z_sch.inc line12146
Well 71 has no connections to grid and will remain SHUT

Warning: Problem with WCONPROD
In /deck/Model_Z_sch.inc line12242
Well 71 has no connections to grid and will remain SHUT

Warning: Problem with WCONPROD
In /deck/Model_Z_sch.inc line12338
Well 71 has no connections to grid and will remain SHUT

Warning: Problem with WCONPROD
In /deck/Model_Z_sch.inc line12434
Well 71 has no connections to grid and will remain SHUT

Warning: Problem with WCONPROD
In /deck/Model_Z_sch.inc line12530
Well 71 has no connections to grid and will remain SHUT

Warning: Problem with WCONPROD
In /deck/Model_Z_sch.inc line12626
Well 71 has no connections to grid and will remain SHUT

Warning: Problem with WCONPROD
In /deck/Model_Z_sch.inc line12722
Well 71 has no connections to grid and will remain SHUT

Warning: Problem with WCONPROD
In /deck/Model_Z_sch.inc line12818
Well 71 has no connections to grid and will remain SHUT

Warning: Problem with WCONPROD
In /deck/Model_Z_sch.inc line12927
Well 71 has no connections to grid and will remain SHUT

Warning: Problem with WCONPROD
In /deck/Model_Z_sch.inc line13023
Well 71 has no connections to grid and will remain SHUT

Warning: Problem with WCONPROD
In /deck/Model_Z_sch.inc line13137
Well 71 has no connections to grid and will remain SHUT

Warning: Problem with WCONPROD
In /deck/Model_Z_sch.inc line13245
Well 71 has no connections to grid and will remain SHUT

Warning: Problem with WCONPROD
In /deck/Model_Z_sch.inc line13343
Well 71 has no connections to grid and will remain SHUT

Warning: Problem with WCONPROD
In /deck/Model_Z_sch.inc line13442
Well 71 has no connections to grid and will remain SHUT

Warning: Problem with WCONPROD
In /deck/Model_Z_sch.inc line13541
Well 71 has no connections to grid and will remain SHUT

Warning: Problem with WCONPROD
In /deck/Model_Z_sch.inc line13640
Well 71 has no connections to grid and will remain SHUT

Warning: Problem with WCONPROD
In /deck/Model_Z_sch.inc line13739
Well 71 has no connections to grid and will remain SHUT

Warning: Problem with WCONPROD
In /deck/Model_Z_sch.inc line13838
Well 71 has no connections to grid and will remain SHUT

Warning: Problem with WCONPROD
In /deck/Model_Z_sch.inc line13949
Well 71 has no connections to grid and will remain SHUT

Warning: Problem with WCONPROD
In /deck/Model_Z_sch.inc line14048
Well 71 has no connections to grid and will remain SHUT

Warning: Problem with WCONPROD
In /deck/Model_Z_sch.inc line14148
Well 71 has no connections to grid and will remain SHUT

Warning: Problem with WCONPROD
In /deck/Model_Z_sch.inc line14248
Well 71 has no connections to grid and will remain SHUT

Warning: Problem with WCONPROD
In /deck/Model_Z_sch.inc line14348
Well 71 has no connections to grid and will remain SHUT

Warning: Problem with WCONPROD
In /deck/Model_Z_sch.inc line14448
Well 71 has no connections to grid and will remain SHUT

Warning: Problem with WCONPROD
In /deck/Model_Z_sch.inc line14548
Well 71 has no connections to grid and will remain SHUT

Warning: Problem with WCONPROD
In /deck/Model_Z_sch.inc line14648
Well 71 has no connections to grid and will remain SHUT

Warning: Problem with WCONPROD
In /deck/Model_Z_sch.inc line14748
Well 71 has no connections to grid and will remain SHUT

Warning: Problem with WCONPROD
In /deck/Model_Z_sch.inc line14848
Well 71 has no connections to grid and will remain SHUT

Warning: Problem with WCONPROD
In /deck/Model_Z_sch.inc line14948
Well 71 has no connections to grid and will remain SHUT

Warning: Problem with WCONPROD
In /deck/Model_Z_sch.inc line15048
Well 71 has no connections to grid and will remain SHUT

Warning: Problem with WCONPROD
In /deck/Model_Z_sch.inc line15148
Well 71 has no connections to grid and will remain SHUT

Warning: Problem with WCONPROD
In /deck/Model_Z_sch.inc line15248
Well 71 has no connections to grid and will remain SHUT

Warning: Problem with WCONPROD
In /deck/Model_Z_sch.inc line15348
Well 71 has no connections to grid and will remain SHUT

Warning: Problem with WCONPROD
In /deck/Model_Z_sch.inc line15448
Well 71 has no connections to grid and will remain SHUT

Warning: Problem with WCONPROD
In /deck/Model_Z_sch.inc line15548
Well 71 has no connections to grid and will remain SHUT

Warning: Problem with WCONPROD
In /deck/Model_Z_sch.inc line15648
Well 71 has no connections to grid and will remain SHUT

Warning: Problem with WCONPROD
In /deck/Model_Z_sch.inc line15748
Well 71 has no connections to grid and will remain SHUT

Warning: Problem with WCONPROD
In /deck/Model_Z_sch.inc line15848
Well 71 has no connections to grid and will remain SHUT

Warning: Problem with WCONPROD
In /deck/Model_Z_sch.inc line15948
Well 71 has no connections to grid and will remain SHUT

Warning: Problem with WCONPROD
In /deck/Model_Z_sch.inc line16048
Well 71 has no connections to grid and will remain SHUT

Warning: Problem with WCONPROD
In /deck/Model_Z_sch.inc line16156
Well 71 has no connections to grid and will remain SHUT

Warning: Problem with WCONPROD
In /deck/Model_Z_sch.inc line16256
Well 71 has no connections to grid and will remain SHUT

Warning: Problem with WCONPROD
In /deck/Model_Z_sch.inc line16367
Well 71 has no connections to grid and will remain SHUT

Warning: Problem with WCONPROD
In /deck/Model_Z_sch.inc line16477
Well 71 has no connections to grid and will remain SHUT

Warning: Problem with WCONPROD
In /deck/Model_Z_sch.inc line16578
Well 71 has no connections to grid and will remain SHUT

Warning: Problem with WCONPROD
In /deck/Model_Z_sch.inc line16680
Well 71 has no connections to grid and will remain SHUT

Warning: Problem with WCONPROD
In /deck/Model_Z_sch.inc line16782
Well 71 has no connections to grid and will remain SHUT

Warning: Problem with WCONPROD
In /deck/Model_Z_sch.inc line16884
Well 71 has no connections to grid and will remain SHUT

Warning: Problem with WCONPROD
In /deck/Model_Z_sch.inc line16986
Well 71 has no connections to grid and will remain SHUT

Warning: Problem with WCONPROD
In /deck/Model_Z_sch.inc line17088
Well 71 has no connections to grid and will remain SHUT

Warning: Problem with WCONPROD
In /deck/Model_Z_sch.inc line17190
Well 71 has no connections to grid and will remain SHUT

Warning: Problem with WCONPROD
In /deck/Model_Z_sch.inc line17292
Well 71 has no connections to grid and will remain SHUT

Warning: Problem with WCONPROD
In /deck/Model_Z_sch.inc line17403
Well 71 has no connections to grid and will remain SHUT

Warning: Problem with WCONPROD
In /deck/Model_Z_sch.inc line17505
Well 71 has no connections to grid and will remain SHUT

Warning: Problem with WCONPROD
In /deck/Model_Z_sch.inc line17617
Well 71 has no connections to grid and will remain SHUT

Warning: Problem with WCONPROD
In /deck/Model_Z_sch.inc line17729
Well 71 has no connections to grid and will remain SHUT

Processing grid
1 pinch-out connection generated
Total number of active cells: 240250 / total pore volume: 258401619350 RM3

Warning: Equilibration region 2 has no active cells

Warning: Equilibration region 3 has no active cells

Warning: Equilibration region 5 has no active cells

Warning: Equilibration region 6 has no active cells

Warning: Equilibration region 7 has no active cells

Warning: Equilibration region 8 has no active cells

Warning: Equilibration region 9 has no active cells

Warning: Equilibration region 10 has no active cells

Warning: Equilibration region 11 has no active cells

Warning: Equilibration region 12 has no active cells


================ Starting main simulation loop ===============


Report step  0/371 at day 0/12511, date = 01-Jun-1991
Using Newton nonlinear solver.
Restart file written for report step   0/371, date = 01-Jun-1991 00:00:00

Starting time step 0, stepsize 1 days, at day 0/1249, date = 01-Jun-1991
 Newton its= 2, linearizations= 3 (1.9sec), linear its=  2 (1.4sec)

Starting time step 1, stepsize 3 days, at day 1/1249, date = 02-Jun-1991
 Newton its= 2, linearizations= 3 (1.2sec), linear its=  2 (1.0sec)

Starting time step 2, stepsize 9 days, at day 4/1249, date = 05-Jun-1991
 Newton its= 2, linearizations= 3 (1.2sec), linear its=  2 (0.8sec)

Starting time step 3, stepsize 27 days, at day 13/1249, date = 14-Jun-1991
 Newton its= 2, linearizations= 3 (1.1sec), linear its=  1 (1.0sec)

Starting time step 4, stepsize 81 days, at day 40/1249, date = 11-Jul-1991
 Newton its= 2, linearizations= 3 (1.2sec), linear its=  1 (0.7sec)

Starting time step 5, stepsize 243 days, at day 121/1249, date = 30-Sep-1991
 Newton its= 2, linearizations= 3 (1.0sec), linear its=  2 (0.9sec)

Starting time step 6, stepsize 365 days, at day 364/1249, date = 30-May-1992
 Newton its= 2, linearizations= 3 (1.0sec), linear its=  2 (0.8sec)

Starting time step 7, stepsize 260 days, at day 729/1249, date = 30-May-1993
 Newton its= 2, linearizations= 3 (1.2sec), linear its=  3 (0.9sec)

Starting time step 8, stepsize 260 days, at day 989/1249, date = 14-Feb-1994
 Newton its= 2, linearizations= 3 (1.0sec), linear its=  3 (1.0sec)

Report step  1/371 at day 1249/12511, date = 01-Nov-1994

Starting time step 0, stepsize 30 days, at day 1249/1279, date = 01-Nov-1994
    Well 42 control mode changed from LRAT to BHP
    Well 60 control mode changed from LRAT to BHP
    Well 70 control mode changed from LRAT to BHP
 Newton its= 2, linearizations= 3 (0.9sec), linear its=  3 (0.8sec)

Report step  2/371 at day 1279/12511, date = 01-Dec-1994

Starting time step 0, stepsize 31 days, at day 1279/1310, date = 01-Dec-1994
    Well 42 control mode changed from LRAT to BHP
    Well 60 control mode changed from LRAT to BHP
    Well 7 control mode changed from LRAT to BHP
    Well 70 control mode changed from LRAT to BHP
 Newton its= 2, linearizations= 3 (1.0sec), linear its=  3 (1.0sec)

Report step  3/371 at day 1310/12511, date = 01-Jan-1995

Starting time step 0, stepsize 31 days, at day 1310/1341, date = 01-Jan-1995
    Well 42 control mode changed from LRAT to BHP
    Well 60 control mode changed from LRAT to BHP
    Well 7 control mode changed from LRAT to BHP
    Well 70 control mode changed from LRAT to BHP
    Well 8 control mode changed from LRAT to BHP
 Newton its= 2, linearizations= 3 (1.0sec), linear its=  3 (0.9sec)

Report step  4/371 at day 1341/12511, date = 01-Feb-1995

Starting time step 0, stepsize 28 days, at day 1341/1369, date = 01-Feb-1995
    Well 3 control mode changed from LRAT to BHP
    Well 42 control mode changed from LRAT to BHP
    Well 53 control mode changed from LRAT to BHP
    Well 6 control mode changed from LRAT to BHP
    Well 60 control mode changed from LRAT to BHP
    Well 7 control mode changed from LRAT to BHP
    Well 70 control mode changed from LRAT to BHP
    Well 8 control mode changed from LRAT to BHP
    Well 52 control mode changed from LRAT to BHP
    Well 43 control mode changed from LRAT to BHP
 Newton its= 2, linearizations= 3 (0.9sec), linear its=  2 (0.7sec)

Report step  5/371 at day 1369/12511, date = 01-Mar-1995

Starting time step 0, stepsize 31 days, at day 1369/1400, date = 01-Mar-1995
    Well 3 control mode changed from LRAT to BHP
    Well 42 control mode changed from LRAT to BHP
    Well 53 control mode changed from LRAT to BHP
    Well 6 control mode changed from LRAT to BHP
    Well 60 control mode changed from LRAT to BHP
    Well 7 control mode changed from LRAT to BHP
    Well 70 control mode changed from LRAT to BHP
    Well 8 control mode changed from LRAT to BHP
    Well 52 control mode changed from LRAT to BHP
    Well 43 control mode changed from LRAT to BHP
 Newton its= 2, linearizations= 3 (0.8sec), linear its=  3 (0.8sec)

Report step  6/371 at day 1400/12511, date = 01-Apr-1995

Starting time step 0, stepsize 30 days, at day 1400/1430, date = 01-Apr-1995
    Well 3 control mode changed from LRAT to BHP
    Well 42 control mode changed from LRAT to BHP
    Well 46 control mode changed from LRAT to BHP
    Well 53 control mode changed from LRAT to BHP
    Well 6 control mode changed from LRAT to BHP
    Well 60 control mode changed from LRAT to BHP
    Well 7 control mode changed from LRAT to BHP
    Well 70 control mode changed from LRAT to BHP
    Well 8 control mode changed from LRAT to BHP
    Well 52 control mode changed from LRAT to BHP
    Well 43 control mode changed from LRAT to BHP
 Newton its= 2, linearizations= 3 (1.1sec), linear its=  3 (0.8sec)

Report step  7/371 at day 1430/12511, date = 01-May-1995

Starting time step 0, stepsize 31 days, at day 1430/1461, date = 01-May-1995
    Well 1 control mode changed from LRAT to BHP
    Well 2 control mode changed from LRAT to BHP
    Well 3 control mode changed from LRAT to BHP
    Well 42 control mode changed from LRAT to BHP
    Well 46 control mode changed from LRAT to BHP
    Well 53 control mode changed from LRAT to BHP
    Well 6 control mode changed from LRAT to BHP
    Well 60 control mode changed from LRAT to BHP
    Well 7 control mode changed from LRAT to BHP
    Well 70 control mode changed from LRAT to BHP
    Well 8 control mode changed from LRAT to BHP
    Well 52 control mode changed from LRAT to BHP
    Well 43 control mode changed from LRAT to BHP
 Newton its= 2, linearizations= 3 (0.9sec), linear its=  2 (1.4sec)

Report step  8/371 at day 1461/12511, date = 01-Jun-1995

Starting time step 0, stepsize 30 days, at day 1461/1491, date = 01-Jun-1995
    Well 1 control mode changed from LRAT to BHP
    Well 2 control mode changed from LRAT to BHP
    Well 3 control mode changed from LRAT to BHP
    Well 42 control mode changed from LRAT to BHP
    Well 46 control mode changed from LRAT to BHP
    Well 53 control mode changed from LRAT to BHP
    Well 6 control mode changed from LRAT to BHP
    Well 60 control mode changed from LRAT to BHP
    Well 7 control mode changed from LRAT to BHP
    Well 70 control mode changed from LRAT to BHP
    Well 8 control mode changed from LRAT to BHP
    Well 52 control mode changed from LRAT to BHP
    Well 43 control mode changed from LRAT to BHP
    Well 22 control mode changed from LRAT to BHP
    Well 78 control mode changed from LRAT to BHP
    Well 66 control mode changed from LRAT to BHP
    Well 58 control mode changed from LRAT to BHP
    Well 67 control mode changed from LRAT to BHP
 Newton its= 2, linearizations= 3 (0.9sec), linear its=  4 (0.9sec)

Report step  9/371 at day 1491/12511, date = 01-Jul-1995

Starting time step 0, stepsize 31 days, at day 1491/1522, date = 01-Jul-1995
    Well 1 control mode changed from LRAT to BHP
    Well 10 control mode changed from LRAT to BHP
    Well 2 control mode changed from LRAT to BHP
    Well 3 control mode changed from LRAT to BHP
    Well 42 control mode changed from LRAT to BHP
    Well 46 control mode changed from LRAT to BHP
    Well 51 control mode changed from LRAT to BHP
    Well 53 control mode changed from LRAT to BHP
    Well 6 control mode changed from LRAT to BHP
    Well 60 control mode changed from LRAT to BHP
    Well 7 control mode changed from LRAT to BHP
    Well 70 control mode changed from LRAT to BHP
    Well 8 control mode changed from LRAT to BHP
    Well 52 control mode changed from LRAT to BHP
    Well 43 control mode changed from LRAT to BHP
    Well 22 control mode changed from LRAT to BHP
    Well 78 control mode changed from LRAT to BHP
    Well 66 control mode changed from LRAT to BHP
    Well 88 control mode changed from LRAT to BHP
    Well 94 control mode changed from LRAT to BHP
    Well 56 control mode changed from LRAT to BHP
    Well 58 control mode changed from LRAT to BHP
    Well 67 control mode changed from LRAT to BHP
    Well 79 control mode changed from LRAT to BHP
    Well 95 control mode changed from LRAT to BHP
    Well 89 control mode changed from LRAT to BHP
    Well 76 control mode changed from LRAT to BHP
    Well 77 control mode changed from LRAT to BHP
 Newton its= 2, linearizations= 3 (0.9sec), linear its=  3 (0.9sec)

Report step 10/371 at day 1522/12511, date = 01-Aug-1995

Starting time step 0, stepsize 31 days, at day 1522/1553, date = 01-Aug-1995
    Well 1 control mode changed from LRAT to BHP
    Well 10 control mode changed from LRAT to BHP
    Well 2 control mode changed from LRAT to BHP
    Well 3 control mode changed from LRAT to BHP
    Well 42 control mode changed from LRAT to BHP
    Well 46 control mode changed from LRAT to BHP
    Well 51 control mode changed from LRAT to BHP
    Well 53 control mode changed from LRAT to BHP
    Well 6 control mode changed from LRAT to BHP
    Well 60 control mode changed from LRAT to BHP
    Well 7 control mode changed from LRAT to BHP
    Well 70 control mode changed from LRAT to BHP
    Well 8 control mode changed from LRAT to BHP
    Well 52 control mode changed from LRAT to BHP
    Well 43 control mode changed from LRAT to BHP
    Well 22 control mode changed from LRAT to BHP
    Well 78 control mode changed from LRAT to BHP
    Well 66 control mode changed from LRAT to BHP
    Well 88 control mode changed from LRAT to BHP
    Well 94 control mode changed from LRAT to BHP
    Well 56 control mode changed from LRAT to BHP
    Well 58 control mode changed from LRAT to BHP
    Well 67 control mode changed from LRAT to BHP
    Well 79 control mode changed from LRAT to BHP
    Well 95 control mode changed from LRAT to BHP
    Well 68 control mode changed from LRAT to BHP
    Well 89 control mode changed from LRAT to BHP
    Well 76 control mode changed from LRAT to BHP
    Well 77 control mode changed from LRAT to BHP
    Well 80 control mode changed from LRAT to BHP
    Well 27 control mode changed from LRAT to BHP
 Newton its= 2, linearizations= 3 (1.1sec), linear its=  3 (1.1sec)

Report step 11/371 at day 1553/12511, date = 01-Sep-1995

Starting time step 0, stepsize 30 days, at day 1553/1583, date = 01-Sep-1995
    Well 1 control mode changed from LRAT to BHP
    Well 10 control mode changed from LRAT to BHP
    Well 2 control mode changed from LRAT to BHP
    Well 3 control mode changed from LRAT to BHP
    Well 42 control mode changed from LRAT to BHP
    Well 46 control mode changed from LRAT to BHP
    Well 51 control mode changed from LRAT to BHP
    Well 53 control mode changed from LRAT to BHP
    Well 6 control mode changed from LRAT to BHP
    Well 60 control mode changed from LRAT to BHP
    Well 7 control mode changed from LRAT to BHP
    Well 70 control mode changed from LRAT to BHP
    Well 8 control mode changed from LRAT to BHP
    Well 52 control mode changed from LRAT to BHP
    Well 43 control mode changed from LRAT to BHP
    Well 22 control mode changed from LRAT to BHP
    Well 78 control mode changed from LRAT to BHP
    Well 65 control mode changed from LRAT to BHP
    Well 66 control mode changed from LRAT to BHP
    Well 88 control mode changed from LRAT to BHP
    Well 94 control mode changed from LRAT to BHP
    Well 56 control mode changed from LRAT to BHP
    Well 58 control mode changed from LRAT to BHP
    Well 67 control mode changed from LRAT to BHP
    Well 79 control mode changed from LRAT to BHP
    Well 95 control mode changed from LRAT to BHP
    Well 68 control mode changed from LRAT to BHP
    Well 89 control mode changed from LRAT to BHP
    Well 76 control mode changed from LRAT to BHP
    Well 77 control mode changed from LRAT to BHP
    Well 80 control mode changed from LRAT to BHP
    Well 27 control mode changed from LRAT to BHP
 Newton its= 2, linearizations= 3 (1.0sec), linear its=  3 (1.1sec)

Report step 12/371 at day 1583/12511, date = 01-Oct-1995

Starting time step 0, stepsize 31 days, at day 1583/1614, date = 01-Oct-1995
    Well 1 control mode changed from LRAT to BHP
    Well 10 control mode changed from LRAT to BHP
    Well 2 control mode changed from LRAT to BHP
    Well 3 control mode changed from LRAT to BHP
    Well 42 control mode changed from LRAT to BHP
    Well 46 control mode changed from LRAT to BHP
    Well 51 control mode changed from LRAT to BHP
    Well 53 control mode changed from LRAT to BHP
    Well 6 control mode changed from LRAT to BHP
    Well 60 control mode changed from LRAT to BHP
    Well 7 control mode changed from LRAT to BHP
    Well 70 control mode changed from LRAT to BHP
    Well 8 control mode changed from LRAT to BHP
    Well 52 control mode changed from LRAT to BHP
    Well 43 control mode changed from LRAT to BHP
    Well 22 control mode changed from LRAT to BHP
    Well 78 control mode changed from LRAT to BHP
    Well 65 control mode changed from LRAT to BHP
    Well 66 control mode changed from LRAT to BHP
    Well 88 control mode changed from LRAT to BHP
    Well 94 control mode changed from LRAT to BHP
    Well 56 control mode changed from LRAT to BHP
    Well 58 control mode changed from LRAT to BHP
    Well 67 control mode changed from LRAT to BHP
    Well 79 control mode changed from LRAT to BHP
    Well 95 control mode changed from LRAT to BHP
    Well 68 control mode changed from LRAT to BHP
    Well 89 control mode changed from LRAT to BHP
    Well 76 control mode changed from LRAT to BHP
    Well 77 control mode changed from LRAT to BHP
    Well 80 control mode changed from LRAT to BHP
    Well 27 control mode changed from LRAT to BHP
 Newton its= 2, linearizations= 3 (1.0sec), linear its=  4 (1.0sec)

Report step 13/371 at day 1614/12511, date = 01-Nov-1995

Starting time step 0, stepsize 30 days, at day 1614/1644, date = 01-Nov-1995
    Well 1 control mode changed from LRAT to BHP
    Well 10 control mode changed from LRAT to BHP
    Well 2 control mode changed from LRAT to BHP
    Well 3 control mode changed from LRAT to BHP
    Well 42 control mode changed from LRAT to BHP
    Well 46 control mode changed from LRAT to BHP
    Well 51 control mode changed from LRAT to BHP
    Well 53 control mode changed from LRAT to BHP
    Well 6 control mode changed from LRAT to BHP
    Well 60 control mode changed from LRAT to BHP
    Well 7 control mode changed from LRAT to BHP
    Well 70 control mode changed from LRAT to BHP
    Well 8 control mode changed from LRAT to BHP
    Well 52 control mode changed from LRAT to BHP
    Well 43 control mode changed from LRAT to BHP
    Well 22 control mode changed from LRAT to BHP
    Well 78 control mode changed from LRAT to BHP
    Well 65 control mode changed from LRAT to BHP
    Well 66 control mode changed from LRAT to BHP
    Well 88 control mode changed from LRAT to BHP
    Well 94 control mode changed from LRAT to BHP
    Well 56 control mode changed from LRAT to BHP
    Well 58 control mode changed from LRAT to BHP
    Well 67 control mode changed from LRAT to BHP
    Well 79 control mode changed from LRAT to BHP
    Well 95 control mode changed from LRAT to BHP
    Well 68 control mode changed from LRAT to BHP
    Well 89 control mode changed from LRAT to BHP
    Well 76 control mode changed from LRAT to BHP
    Well 77 control mode changed from LRAT to BHP
    Well 80 control mode changed from LRAT to BHP
    Well 27 control mode changed from LRAT to BHP
 Newton its= 2, linearizations= 3 (1.1sec), linear its=  4 (1.0sec)

Report step 14/371 at day 1644/12511, date = 01-Dec-1995

Starting time step 0, stepsize 31 days, at day 1644/1675, date = 01-Dec-1995
    Well 1 control mode changed from LRAT to BHP
    Well 10 control mode changed from LRAT to BHP
    Well 2 control mode changed from LRAT to BHP
    Well 3 control mode changed from LRAT to BHP
    Well 42 control mode changed from LRAT to BHP
    Well 46 control mode changed from LRAT to BHP
    Well 51 control mode changed from LRAT to BHP
    Well 53 control mode changed from LRAT to BHP
    Well 6 control mode changed from LRAT to BHP
    Well 60 control mode changed from LRAT to BHP
    Well 7 control mode changed from LRAT to BHP
    Well 70 control mode changed from LRAT to BHP
    Well 8 control mode changed from LRAT to BHP
    Well 52 control mode changed from LRAT to BHP
    Well 13 control mode changed from LRAT to BHP
    Well 43 control mode changed from LRAT to BHP
    Well 22 control mode changed from LRAT to BHP
    Well 78 control mode changed from LRAT to BHP
    Well 65 control mode changed from LRAT to BHP
    Well 66 control mode changed from LRAT to BHP
    Well 88 control mode changed from LRAT to BHP
    Well 94 control mode changed from LRAT to BHP
    Well 56 control mode changed from LRAT to BHP
    Well 58 control mode changed from LRAT to BHP
    Well 67 control mode changed from LRAT to BHP
    Well 79 control mode changed from LRAT to BHP
    Well 95 control mode changed from LRAT to BHP
    Well 68 control mode changed from LRAT to BHP
    Well 89 control mode changed from LRAT to BHP
    Well 76 control mode changed from LRAT to BHP
    Well 77 control mode changed from LRAT to BHP
    Well 80 control mode changed from LRAT to BHP
    Well 27 control mode changed from LRAT to BHP
 Newton its= 2, linearizations= 3 (1.1sec), linear its=  4 (1.1sec)

Report step 15/371 at day 1675/12511, date = 01-Jan-1996

Starting time step 0, stepsize 31 days, at day 1675/1706, date = 01-Jan-1996
    Well 1 control mode changed from LRAT to BHP
    Well 10 control mode changed from LRAT to BHP
    Well 2 control mode changed from LRAT to BHP
    Well 3 control mode changed from LRAT to BHP
    Well 42 control mode changed from LRAT to BHP
    Well 46 control mode changed from LRAT to BHP
    Well 51 control mode changed from LRAT to BHP
    Well 53 control mode changed from LRAT to BHP
    Well 6 control mode changed from LRAT to BHP
    Well 60 control mode changed from LRAT to BHP
    Well 7 control mode changed from LRAT to BHP
    Well 70 control mode changed from LRAT to BHP
    Well 8 control mode changed from LRAT to BHP
    Well 52 control mode changed from LRAT to BHP
    Well 13 control mode changed from LRAT to BHP
    Well 43 control mode changed from LRAT to BHP
    Well 22 control mode changed from LRAT to BHP
    Well 78 control mode changed from LRAT to BHP
    Well 65 control mode changed from LRAT to BHP
    Well 66 control mode changed from LRAT to BHP
    Well 88 control mode changed from LRAT to BHP
    Well 94 control mode changed from LRAT to BHP
    Well 56 control mode changed from LRAT to BHP
    Well 58 control mode changed from LRAT to BHP
    Well 67 control mode changed from LRAT to BHP
    Well 79 control mode changed from LRAT to BHP
    Well 95 control mode changed from LRAT to BHP
    Well 68 control mode changed from LRAT to BHP
    Well 89 control mode changed from LRAT to BHP
    Well 76 control mode changed from LRAT to BHP
    Well 77 control mode changed from LRAT to BHP
    Well 80 control mode changed from LRAT to BHP
    Well 27 control mode changed from LRAT to BHP
 Newton its= 2, linearizations= 3 (1.0sec), linear its=  4 (1.1sec)

Report step 16/371 at day 1706/12511, date = 01-Feb-1996

Starting time step 0, stepsize 29 days, at day 1706/1735, date = 01-Feb-1996
    Well 1 control mode changed from LRAT to BHP
    Well 10 control mode changed from LRAT to BHP
    Well 2 control mode changed from LRAT to BHP
    Well 3 control mode changed from LRAT to BHP
    Well 42 control mode changed from LRAT to BHP
    Well 46 control mode changed from LRAT to BHP
    Well 51 control mode changed from LRAT to BHP
    Well 53 control mode changed from LRAT to BHP
    Well 6 control mode changed from LRAT to BHP
    Well 60 control mode changed from LRAT to BHP
    Well 7 control mode changed from LRAT to BHP
    Well 70 control mode changed from LRAT to BHP
    Well 8 control mode changed from LRAT to BHP
    Well 52 control mode changed from LRAT to BHP
    Well 13 control mode changed from LRAT to BHP
    Well 43 control mode changed from LRAT to BHP
    Well 22 control mode changed from LRAT to BHP
    Well 78 control mode changed from LRAT to BHP
    Well 65 control mode changed from LRAT to BHP
    Well 66 control mode changed from LRAT to BHP
    Well 88 control mode changed from LRAT to BHP
    Well 94 control mode changed from LRAT to BHP
    Well 56 control mode changed from LRAT to BHP
    Well 58 control mode changed from LRAT to BHP
    Well 67 control mode changed from LRAT to BHP
    Well 79 control mode changed from LRAT to BHP
    Well 95 control mode changed from LRAT to BHP
    Well 68 control mode changed from LRAT to BHP
    Well 89 control mode changed from LRAT to BHP
    Well 76 control mode changed from LRAT to BHP
    Well 77 control mode changed from LRAT to BHP
    Well 80 control mode changed from LRAT to BHP
    Well 27 control mode changed from LRAT to BHP
 Newton its= 2, linearizations= 3 (1.0sec), linear its=  4 (1.1sec)

Report step 17/371 at day 1735/12511, date = 01-Mar-1996

Starting time step 0, stepsize 31 days, at day 1735/1766, date = 01-Mar-1996
    Well 1 control mode changed from LRAT to BHP
    Well 10 control mode changed from LRAT to BHP
    Well 2 control mode changed from LRAT to BHP
    Well 3 control mode changed from LRAT to BHP
    Well 42 control mode changed from LRAT to BHP
    Well 46 control mode changed from LRAT to BHP
    Well 51 control mode changed from LRAT to BHP
    Well 53 control mode changed from LRAT to BHP
    Well 6 control mode changed from LRAT to BHP
    Well 60 control mode changed from LRAT to BHP
    Well 7 control mode changed from LRAT to BHP
    Well 70 control mode changed from LRAT to BHP
    Well 8 control mode changed from LRAT to BHP
    Well 52 control mode changed from LRAT to BHP
    Well 13 control mode changed from LRAT to BHP
    Well 43 control mode changed from LRAT to BHP
    Well 22 control mode changed from LRAT to BHP
    Well 78 control mode changed from LRAT to BHP
    Well 65 control mode changed from LRAT to BHP
    Well 66 control mode changed from LRAT to BHP
    Well 88 control mode changed from LRAT to BHP
    Well 94 control mode changed from LRAT to BHP
    Well 56 control mode changed from LRAT to BHP
    Well 58 control mode changed from LRAT to BHP
    Well 67 control mode changed from LRAT to BHP
    Well 79 control mode changed from LRAT to BHP
    Well 95 control mode changed from LRAT to BHP
    Well 68 control mode changed from LRAT to BHP
    Well 89 control mode changed from LRAT to BHP
    Well 76 control mode changed from LRAT to BHP
    Well 77 control mode changed from LRAT to BHP
    Well 80 control mode changed from LRAT to BHP
    Well 27 control mode changed from LRAT to BHP
 Newton its= 2, linearizations= 3 (1.0sec), linear its=  4 (1.1sec)

Report step 18/371 at day 1766/12511, date = 01-Apr-1996

Starting time step 0, stepsize 30 days, at day 1766/1796, date = 01-Apr-1996
    Well 1 control mode changed from LRAT to BHP
    Well 10 control mode changed from LRAT to BHP
    Well 2 control mode changed from LRAT to BHP
    Well 3 control mode changed from LRAT to BHP
    Well 42 control mode changed from LRAT to BHP
    Well 46 control mode changed from LRAT to BHP
    Well 51 control mode changed from LRAT to BHP
    Well 53 control mode changed from LRAT to BHP
    Well 6 control mode changed from LRAT to BHP
    Well 60 control mode changed from LRAT to BHP
    Well 7 control mode changed from LRAT to BHP
    Well 70 control mode changed from LRAT to BHP
    Well 8 control mode changed from LRAT to BHP
    Well 52 control mode changed from LRAT to BHP
    Well 13 control mode changed from LRAT to BHP
    Well 43 control mode changed from LRAT to BHP
    Well 22 control mode changed from LRAT to BHP
    Well 78 control mode changed from LRAT to BHP
    Well 57 control mode changed from LRAT to BHP
    Well 65 control mode changed from LRAT to BHP
    Well 66 control mode changed from LRAT to BHP
    Well 88 control mode changed from LRAT to BHP
    Well 94 control mode changed from LRAT to BHP
    Well 56 control mode changed from LRAT to BHP
    Well 58 control mode changed from LRAT to BHP
    Well 67 control mode changed from LRAT to BHP
    Well 79 control mode changed from LRAT to BHP
    Well 95 control mode changed from LRAT to BHP
    Well 68 control mode changed from LRAT to BHP
    Well 89 control mode changed from LRAT to BHP
    Well 76 control mode changed from LRAT to BHP
    Well 77 control mode changed from LRAT to BHP
    Well 80 control mode changed from LRAT to BHP
    Well 27 control mode changed from LRAT to BHP
    Well 62 control mode changed from LRAT to BHP
    Well 74 control mode changed from LRAT to BHP
    Well 75 control mode changed from LRAT to BHP
    Well 64 control mode changed from LRAT to BHP
    Well 55 control mode changed from LRAT to BHP
 Newton its= 2, linearizations= 3 (1.3sec), linear its=  3 (1.2sec)

Report step 19/371 at day 1796/12511, date = 01-May-1996

Starting time step 0, stepsize 31 days, at day 1796/1827, date = 01-May-1996
    Well 1 control mode changed from LRAT to BHP
    Well 10 control mode changed from LRAT to BHP
    Well 2 control mode changed from LRAT to BHP
    Well 3 control mode changed from LRAT to BHP
    Well 42 control mode changed from LRAT to BHP
    Well 46 control mode changed from LRAT to BHP
    Well 51 control mode changed from LRAT to BHP
    Well 53 control mode changed from LRAT to BHP
    Well 6 control mode changed from LRAT to BHP
    Well 60 control mode changed from LRAT to BHP
    Well 7 control mode changed from LRAT to BHP
    Well 70 control mode changed from LRAT to BHP
    Well 8 control mode changed from LRAT to BHP
    Well 52 control mode changed from LRAT to BHP
    Well 13 control mode changed from LRAT to BHP
    Well 43 control mode changed from LRAT to BHP
    Well 22 control mode changed from LRAT to BHP
    Well 78 control mode changed from LRAT to BHP
    Well 57 control mode changed from LRAT to BHP
    Well 65 control mode changed from LRAT to BHP
    Well 66 control mode changed from LRAT to BHP
    Well 88 control mode changed from LRAT to BHP
    Well 94 control mode changed from LRAT to BHP
    Well 56 control mode changed from LRAT to BHP
    Well 58 control mode changed from LRAT to BHP
    Well 67 control mode changed from LRAT to BHP
    Well 79 control mode changed from LRAT to BHP
    Well 95 control mode changed from LRAT to BHP
    Well 68 control mode changed from LRAT to BHP
    Well 89 control mode changed from LRAT to BHP
    Well 76 control mode changed from LRAT to BHP
    Well 77 control mode changed from LRAT to BHP
    Well 80 control mode changed from LRAT to BHP
    Well 27 control mode changed from LRAT to BHP
    Well 62 control mode changed from LRAT to BHP
    Well 63 control mode changed from LRAT to BHP
    Well 74 control mode changed from LRAT to BHP
    Well 75 control mode changed from LRAT to BHP
    Well 64 control mode changed from LRAT to BHP
    Well 55 control mode changed from LRAT to BHP
 Newton its= 2, linearizations= 3 (1.1sec), linear its=  4 (1.1sec)

Report step 20/371 at day 1827/12511, date = 01-Jun-1996

Starting time step 0, stepsize 30 days, at day 1827/1857, date = 01-Jun-1996
    Well 1 control mode changed from LRAT to BHP
    Well 10 control mode changed from LRAT to BHP
    Well 2 control mode changed from LRAT to BHP
    Well 3 control mode changed from LRAT to BHP
    Well 42 control mode changed from LRAT to BHP
    Well 46 control mode changed from LRAT to BHP
    Well 51 control mode changed from LRAT to BHP
    Well 53 control mode changed from LRAT to BHP
    Well 6 control mode changed from LRAT to BHP
    Well 60 control mode changed from LRAT to BHP
    Well 7 control mode changed from LRAT to BHP
    Well 70 control mode changed from LRAT to BHP
    Well 8 control mode changed from LRAT to BHP
    Well 52 control mode changed from LRAT to BHP
    Well 13 control mode changed from LRAT to BHP
    Well 43 control mode changed from LRAT to BHP
    Well 22 control mode changed from LRAT to BHP
    Well 78 control mode changed from LRAT to BHP
    Well 57 control mode changed from LRAT to BHP
    Well 65 control mode changed from LRAT to BHP
    Well 66 control mode changed from LRAT to BHP
    Well 88 control mode changed from LRAT to BHP
    Well 94 control mode changed from LRAT to BHP
    Well 56 control mode changed from LRAT to BHP
    Well 58 control mode changed from LRAT to BHP
    Well 67 control mode changed from LRAT to BHP
    Well 79 control mode changed from LRAT to BHP
    Well 95 control mode changed from LRAT to BHP
    Well 68 control mode changed from LRAT to BHP
    Well 89 control mode changed from LRAT to BHP
    Well 76 control mode changed from LRAT to BHP
    Well 77 control mode changed from LRAT to BHP
    Well 80 control mode changed from LRAT to BHP
    Well 27 control mode changed from LRAT to BHP
    Well 62 control mode changed from LRAT to BHP
    Well 63 control mode changed from LRAT to BHP
    Well 74 control mode changed from LRAT to BHP
    Well 75 control mode changed from LRAT to BHP
    Well 64 control mode changed from LRAT to BHP
    Well 55 control mode changed from LRAT to BHP
 Newton its= 2, linearizations= 3 (1.1sec), linear its=  4 (1.1sec)

Report step 21/371 at day 1857/12511, date = 01-Jul-1996

Starting time step 0, stepsize 31 days, at day 1857/1888, date = 01-Jul-1996
    Well 1 control mode changed from LRAT to BHP
    Well 10 control mode changed from LRAT to BHP
    Well 2 control mode changed from LRAT to BHP
    Well 3 control mode changed from LRAT to BHP
    Well 42 control mode changed from LRAT to BHP
    Well 46 control mode changed from LRAT to BHP
    Well 51 control mode changed from LRAT to BHP
    Well 53 control mode changed from LRAT to BHP
    Well 6 control mode changed from LRAT to BHP
    Well 60 control mode changed from LRAT to BHP
    Well 7 control mode changed from LRAT to BHP
    Well 70 control mode changed from LRAT to BHP
    Well 8 control mode changed from LRAT to BHP
    Well 52 control mode changed from LRAT to BHP
    Well 13 control mode changed from LRAT to BHP
    Well 43 control mode changed from LRAT to BHP
    Well 22 control mode changed from LRAT to BHP
    Well 78 control mode changed from LRAT to BHP
    Well 57 control mode changed from LRAT to BHP
    Well 65 control mode changed from LRAT to BHP
    Well 66 control mode changed from LRAT to BHP
    Well 88 control mode changed from LRAT to BHP
    Well 94 control mode changed from LRAT to BHP
    Well 56 control mode changed from LRAT to BHP
    Well 58 control mode changed from LRAT to BHP
    Well 67 control mode changed from LRAT to BHP
    Well 79 control mode changed from LRAT to BHP
    Well 95 control mode changed from LRAT to BHP
    Well 68 control mode changed from LRAT to BHP
    Well 89 control mode changed from LRAT to BHP
    Well 76 control mode changed from LRAT to BHP
    Well 77 control mode changed from LRAT to BHP
    Well 80 control mode changed from LRAT to BHP
    Well 27 control mode changed from LRAT to BHP
    Well 62 control mode changed from LRAT to BHP
    Well 63 control mode changed from LRAT to BHP
    Well 74 control mode changed from LRAT to BHP
    Well 75 control mode changed from LRAT to BHP
    Well 64 control mode changed from LRAT to BHP
    Well 81 control mode changed from LRAT to BHP
    Well 55 control mode changed from LRAT to BHP
 Newton its= 2, linearizations= 3 (1.2sec), linear its=  4 (1.1sec)

Report step 22/371 at day 1888/12511, date = 01-Aug-1996

Starting time step 0, stepsize 31 days, at day 1888/1919, date = 01-Aug-1996
    Well 1 control mode changed from LRAT to BHP
    Well 10 control mode changed from LRAT to BHP
    Well 2 control mode changed from LRAT to BHP
    Well 3 control mode changed from LRAT to BHP
    Well 42 control mode changed from LRAT to BHP
    Well 46 control mode changed from LRAT to BHP
    Well 51 control mode changed from LRAT to BHP
    Well 53 control mode changed from LRAT to BHP
    Well 6 control mode changed from LRAT to BHP
    Well 60 control mode changed from LRAT to BHP
    Well 7 control mode changed from LRAT to BHP
    Well 70 control mode changed from LRAT to BHP
    Well 8 control mode changed from LRAT to BHP
    Well 52 control mode changed from LRAT to BHP
    Well 13 control mode changed from LRAT to BHP
    Well 43 control mode changed from LRAT to BHP
    Well 22 control mode changed from LRAT to BHP
    Well 78 control mode changed from LRAT to BHP
    Well 57 control mode changed from LRAT to BHP
    Well 65 control mode changed from LRAT to BHP
    Well 66 control mode changed from LRAT to BHP
    Well 88 control mode changed from LRAT to BHP
    Well 94 control mode changed from LRAT to BHP
    Well 56 control mode changed from LRAT to BHP
    Well 58 control mode changed from LRAT to BHP
    Well 67 control mode changed from LRAT to BHP
    Well 79 control mode changed from LRAT to BHP
    Well 95 control mode changed from LRAT to BHP
    Well 68 control mode changed from LRAT to BHP
    Well 89 control mode changed from LRAT to BHP
    Well 76 control mode changed from LRAT to BHP
    Well 77 control mode changed from LRAT to BHP
    Well 80 control mode changed from LRAT to BHP
    Well 27 control mode changed from LRAT to BHP
    Well 62 control mode changed from LRAT to BHP
    Well 63 control mode changed from LRAT to BHP
    Well 74 control mode changed from LRAT to BHP
    Well 75 control mode changed from LRAT to BHP
    Well 64 control mode changed from LRAT to BHP
    Well 73 control mode changed from LRAT to BHP
    Well 81 control mode changed from LRAT to BHP
    Well 55 control mode changed from LRAT to BHP
    Well 18 control mode changed from LRAT to BHP
    Well 82 control mode changed from LRAT to BHP
 Newton its= 2, linearizations= 3 (1.3sec), linear its=  3 (1.7sec)

Report step 23/371 at day 1919/12511, date = 01-Sep-1996

Starting time step 0, stepsize 30 days, at day 1919/1949, date = 01-Sep-1996
    Well 1 control mode changed from LRAT to BHP
    Well 10 control mode changed from LRAT to BHP
    Well 2 control mode changed from LRAT to BHP
    Well 3 control mode changed from LRAT to BHP
    Well 42 control mode changed from LRAT to BHP
    Well 46 control mode changed from LRAT to BHP
    Well 51 control mode changed from LRAT to BHP
    Well 53 control mode changed from LRAT to BHP
    Well 6 control mode changed from LRAT to BHP
    Well 60 control mode changed from LRAT to BHP
    Well 7 control mode changed from LRAT to BHP
    Well 70 control mode changed from LRAT to BHP
    Well 8 control mode changed from LRAT to BHP
    Well 52 control mode changed from LRAT to BHP
    Well 13 control mode changed from LRAT to BHP
    Well 43 control mode changed from LRAT to BHP
    Well 22 control mode changed from LRAT to BHP
    Well 78 control mode changed from LRAT to BHP
    Well 57 control mode changed from LRAT to BHP
    Well 65 control mode changed from LRAT to BHP
    Well 66 control mode changed from LRAT to BHP
    Well 88 control mode changed from LRAT to BHP
    Well 94 control mode changed from LRAT to BHP
    Well 56 control mode changed from LRAT to BHP
    Well 58 control mode changed from LRAT to BHP
    Well 67 control mode changed from LRAT to BHP
    Well 79 control mode changed from LRAT to BHP
    Well 95 control mode changed from LRAT to BHP
    Well 68 control mode changed from LRAT to BHP
    Well 89 control mode changed from LRAT to BHP
    Well 76 control mode changed from LRAT to BHP
    Well 77 control mode changed from LRAT to BHP
    Well 80 control mode changed from LRAT to BHP
    Well 27 control mode changed from LRAT to BHP
    Well 62 control mode changed from LRAT to BHP
    Well 63 control mode changed from LRAT to BHP
    Well 74 control mode changed from LRAT to BHP
    Well 75 control mode changed from LRAT to BHP
    Well 64 control mode changed from LRAT to BHP
    Well 73 control mode changed from LRAT to BHP
    Well 81 control mode changed from LRAT to BHP
    Well 55 control mode changed from LRAT to BHP
    Well 18 control mode changed from LRAT to BHP
    Well 82 control mode changed from LRAT to BHP
Well 52 will be shut as it can not operate under current reservoir conditions.
 Newton its= 2, linearizations= 3 (1.3sec), linear its=  3 (1.2sec)

Report step 24/371 at day 1949/12511, date = 01-Oct-1996

Starting time step 0, stepsize 31 days, at day 1949/1980, date = 01-Oct-1996
    Well 1 control mode changed from LRAT to BHP
    Well 10 control mode changed from LRAT to BHP
    Well 2 control mode changed from LRAT to BHP
    Well 3 control mode changed from LRAT to BHP
    Well 42 control mode changed from LRAT to BHP
    Well 46 control mode changed from LRAT to BHP
    Well 51 control mode changed from LRAT to BHP
    Well 53 control mode changed from LRAT to BHP
    Well 6 control mode changed from LRAT to BHP
    Well 60 control mode changed from LRAT to BHP
    Well 7 control mode changed from LRAT to BHP
    Well 70 control mode changed from LRAT to BHP
    Well 8 control mode changed from LRAT to BHP
    Well 52 control mode changed from LRAT to BHP
    Well 13 control mode changed from LRAT to BHP
    Well 43 control mode changed from LRAT to BHP
    Well 22 control mode changed from LRAT to BHP
    Well 78 control mode changed from LRAT to BHP
    Well 57 control mode changed from LRAT to BHP
    Well 65 control mode changed from LRAT to BHP
    Well 66 control mode changed from LRAT to BHP
    Well 88 control mode changed from LRAT to BHP
    Well 94 control mode changed from LRAT to BHP
    Well 56 control mode changed from LRAT to BHP
    Well 58 control mode changed from LRAT to BHP
    Well 67 control mode changed from LRAT to BHP
    Well 79 control mode changed from LRAT to BHP
    Well 95 control mode changed from LRAT to BHP
    Well 68 control mode changed from LRAT to BHP
    Well 89 control mode changed from LRAT to BHP
    Well 76 control mode changed from LRAT to BHP
    Well 77 control mode changed from LRAT to BHP
    Well 80 control mode changed from LRAT to BHP
    Well 27 control mode changed from LRAT to BHP
    Well 62 control mode changed from LRAT to BHP
    Well 63 control mode changed from LRAT to BHP
    Well 74 control mode changed from LRAT to BHP
    Well 75 control mode changed from LRAT to BHP
    Well 64 control mode changed from LRAT to BHP
    Well 73 control mode changed from LRAT to BHP
    Well 81 control mode changed from LRAT to BHP
    Well 92 control mode changed from LRAT to BHP
    Well 55 control mode changed from LRAT to BHP
    Well 18 control mode changed from LRAT to BHP
    Well 93 control mode changed from LRAT to BHP
    Well 82 control mode changed from LRAT to BHP
Well 52 will be shut as it can not operate under current reservoir conditions.
 Newton its= 2, linearizations= 3 (1.3sec), linear its=  4 (1.1sec)

Report step 25/371 at day 1980/12511, date = 01-Nov-1996

Starting time step 0, stepsize 30 days, at day 1980/2010, date = 01-Nov-1996
    Well 1 control mode changed from LRAT to BHP
    Well 10 control mode changed from LRAT to BHP
    Well 2 control mode changed from LRAT to BHP
    Well 3 control mode changed from LRAT to BHP
    Well 42 control mode changed from LRAT to BHP
    Well 46 control mode changed from LRAT to BHP
    Well 51 control mode changed from LRAT to BHP
    Well 53 control mode changed from LRAT to BHP
    Well 6 control mode changed from LRAT to BHP
    Well 60 control mode changed from LRAT to BHP
    Well 7 control mode changed from LRAT to BHP
    Well 70 control mode changed from LRAT to BHP
    Well 8 control mode changed from LRAT to BHP
    Well 52 control mode changed from LRAT to BHP
    Well 13 control mode changed from LRAT to BHP
    Well 43 control mode changed from LRAT to BHP
    Well 22 control mode changed from LRAT to BHP
    Well 78 control mode changed from LRAT to BHP
    Well 57 control mode changed from LRAT to BHP
    Well 65 control mode changed from LRAT to BHP
    Well 66 control mode changed from LRAT to BHP
    Well 88 control mode changed from LRAT to BHP
    Well 94 control mode changed from LRAT to BHP
    Well 56 control mode changed from LRAT to BHP
    Well 58 control mode changed from LRAT to BHP
    Well 67 control mode changed from LRAT to BHP
    Well 79 control mode changed from LRAT to BHP
    Well 95 control mode changed from LRAT to BHP
    Well 68 control mode changed from LRAT to BHP
    Well 89 control mode changed from LRAT to BHP
    Well 76 control mode changed from LRAT to BHP
    Well 77 control mode changed from LRAT to BHP
    Well 80 control mode changed from LRAT to BHP
    Well 27 control mode changed from LRAT to BHP
    Well 62 control mode changed from LRAT to BHP
    Well 63 control mode changed from LRAT to BHP
    Well 74 control mode changed from LRAT to BHP
    Well 75 control mode changed from LRAT to BHP
    Well 64 control mode changed from LRAT to BHP
    Well 100 control mode changed from LRAT to BHP
    Well 73 control mode changed from LRAT to BHP
    Well 81 control mode changed from LRAT to BHP
    Well 92 control mode changed from LRAT to BHP
    Well 55 control mode changed from LRAT to BHP
    Well 101 control mode changed from LRAT to BHP
    Well 18 control mode changed from LRAT to BHP
    Well 93 control mode changed from LRAT to BHP
    Well 82 control mode changed from LRAT to BHP
Well 52 will be shut as it can not operate under current reservoir conditions.
 Newton its= 2, linearizations= 3 (1.4sec), linear its=  3 (1.2sec)

Report step 26/371 at day 2010/12511, date = 01-Dec-1996

Starting time step 0, stepsize 31 days, at day 2010/2041, date = 01-Dec-1996
    Well 1 control mode changed from LRAT to BHP
    Well 10 control mode changed from LRAT to BHP
    Well 2 control mode changed from LRAT to BHP
    Well 3 control mode changed from LRAT to BHP
    Well 42 control mode changed from LRAT to BHP
    Well 46 control mode changed from LRAT to BHP
    Well 51 control mode changed from LRAT to BHP
    Well 53 control mode changed from LRAT to BHP
    Well 6 control mode changed from LRAT to BHP
    Well 60 control mode changed from LRAT to BHP
    Well 7 control mode changed from LRAT to BHP
    Well 70 control mode changed from LRAT to BHP
    Well 8 control mode changed from LRAT to BHP
    Well 52 control mode changed from LRAT to BHP
    Well 13 control mode changed from LRAT to BHP
    Well 43 control mode changed from LRAT to BHP
    Well 22 control mode changed from LRAT to BHP
    Well 78 control mode changed from LRAT to BHP
    Well 57 control mode changed from LRAT to BHP
    Well 65 control mode changed from LRAT to BHP
    Well 66 control mode changed from LRAT to BHP
    Well 88 control mode changed from LRAT to BHP
    Well 94 control mode changed from LRAT to BHP
    Well 56 control mode changed from LRAT to BHP
    Well 58 control mode changed from LRAT to BHP
    Well 67 control mode changed from LRAT to BHP
    Well 79 control mode changed from LRAT to BHP
    Well 95 control mode changed from LRAT to BHP
    Well 68 control mode changed from LRAT to BHP
    Well 89 control mode changed from LRAT to BHP
    Well 76 control mode changed from LRAT to BHP
    Well 77 control mode changed from LRAT to BHP
    Well 80 control mode changed from LRAT to BHP
    Well 27 control mode changed from LRAT to BHP
    Well 62 control mode changed from LRAT to BHP
    Well 63 control mode changed from LRAT to BHP
    Well 74 control mode changed from LRAT to BHP
    Well 75 control mode changed from LRAT to BHP
    Well 64 control mode changed from LRAT to BHP
    Well 100 control mode changed from LRAT to BHP
    Well 73 control mode changed from LRAT to BHP
    Well 81 control mode changed from LRAT to BHP
    Well 92 control mode changed from LRAT to BHP
    Well 55 control mode changed from LRAT to BHP
    Well 101 control mode changed from LRAT to BHP
    Well 18 control mode changed from LRAT to BHP
    Well 93 control mode changed from LRAT to BHP
    Well 82 control mode changed from LRAT to BHP
 Newton its= 2, linearizations= 3 (1.4sec), linear its=  4 (1.5sec)

Report step 27/371 at day 2041/12511, date = 01-Jan-1997

Starting time step 0, stepsize 31 days, at day 2041/2072, date = 01-Jan-1997
    Well 1 control mode changed from LRAT to BHP
    Well 10 control mode changed from LRAT to BHP
    Well 2 control mode changed from LRAT to BHP
    Well 3 control mode changed from LRAT to BHP
    Well 42 control mode changed from LRAT to BHP
    Well 46 control mode changed from LRAT to BHP
    Well 51 control mode changed from LRAT to BHP
    Well 53 control mode changed from LRAT to BHP
    Well 6 control mode changed from LRAT to BHP
    Well 60 control mode changed from LRAT to BHP
    Well 7 control mode changed from LRAT to BHP
    Well 70 control mode changed from LRAT to BHP
    Well 8 control mode changed from LRAT to BHP
    Well 52 control mode changed from LRAT to BHP
    Well 13 control mode changed from LRAT to BHP
    Well 43 control mode changed from LRAT to BHP
    Well 22 control mode changed from LRAT to BHP
    Well 78 control mode changed from LRAT to BHP
    Well 57 control mode changed from LRAT to BHP
    Well 65 control mode changed from LRAT to BHP
    Well 66 control mode changed from LRAT to BHP
    Well 88 control mode changed from LRAT to BHP
    Well 94 control mode changed from LRAT to BHP
    Well 56 control mode changed from LRAT to BHP
    Well 58 control mode changed from LRAT to BHP
    Well 67 control mode changed from LRAT to BHP
    Well 79 control mode changed from LRAT to BHP
    Well 95 control mode changed from LRAT to BHP
    Well 68 control mode changed from LRAT to BHP
    Well 89 control mode changed from LRAT to BHP
    Well 76 control mode changed from LRAT to BHP
    Well 77 control mode changed from LRAT to BHP
    Well 80 control mode changed from LRAT to BHP
    Well 27 control mode changed from LRAT to BHP
    Well 62 control mode changed from LRAT to BHP
    Well 63 control mode changed from LRAT to BHP
    Well 74 control mode changed from LRAT to BHP
    Well 75 control mode changed from LRAT to BHP
    Well 64 control mode changed from LRAT to BHP
    Well 100 control mode changed from LRAT to BHP
    Well 73 control mode changed from LRAT to BHP
    Well 81 control mode changed from LRAT to BHP
    Well 92 control mode changed from LRAT to BHP
    Well 55 control mode changed from LRAT to BHP
    Well 101 control mode changed from LRAT to BHP
    Well 18 control mode changed from LRAT to BHP
    Well 93 control mode changed from LRAT to BHP
    Well 82 control mode changed from LRAT to BHP
 Newton its= 2, linearizations= 3 (1.6sec), linear its=  3 (1.1sec)

Report step 28/371 at day 2072/12511, date = 01-Feb-1997

Starting time step 0, stepsize 28 days, at day 2072/2100, date = 01-Feb-1997
    Well 1 control mode changed from LRAT to BHP
    Well 10 control mode changed from LRAT to BHP
    Well 2 control mode changed from LRAT to BHP
    Well 3 control mode changed from LRAT to BHP
    Well 42 control mode changed from LRAT to BHP
    Well 46 control mode changed from LRAT to BHP
    Well 51 control mode changed from LRAT to BHP
    Well 53 control mode changed from LRAT to BHP
    Well 6 control mode changed from LRAT to BHP
    Well 60 control mode changed from LRAT to BHP
    Well 7 control mode changed from LRAT to BHP
    Well 70 control mode changed from LRAT to BHP
    Well 8 control mode changed from LRAT to BHP
    Well 52 control mode changed from LRAT to BHP
    Well 13 control mode changed from LRAT to BHP
    Well 43 control mode changed from LRAT to BHP
    Well 22 control mode changed from LRAT to BHP
    Well 78 control mode changed from LRAT to BHP
    Well 57 control mode changed from LRAT to BHP
    Well 65 control mode changed from LRAT to BHP
    Well 66 control mode changed from LRAT to BHP
    Well 88 control mode changed from LRAT to BHP
    Well 94 control mode changed from LRAT to BHP
    Well 56 control mode changed from LRAT to BHP
    Well 58 control mode changed from LRAT to BHP
    Well 67 control mode changed from LRAT to BHP
    Well 79 control mode changed from LRAT to BHP
    Well 95 control mode changed from LRAT to BHP
    Well 68 control mode changed from LRAT to BHP
    Well 89 control mode changed from LRAT to BHP
    Well 76 control mode changed from LRAT to BHP
    Well 77 control mode changed from LRAT to BHP
    Well 80 control mode changed from LRAT to BHP
    Well 27 control mode changed from LRAT to BHP
    Well 62 control mode changed from LRAT to BHP
    Well 63 control mode changed from LRAT to BHP
    Well 74 control mode changed from LRAT to BHP
    Well 75 control mode changed from LRAT to BHP
    Well 64 control mode changed from LRAT to BHP
    Well 100 control mode changed from LRAT to BHP
    Well 73 control mode changed from LRAT to BHP
    Well 81 control mode changed from LRAT to BHP
    Well 92 control mode changed from LRAT to BHP
    Well 55 control mode changed from LRAT to BHP
    Well 101 control mode changed from LRAT to BHP
    Well 18 control mode changed from LRAT to BHP
    Well 93 control mode changed from LRAT to BHP
    Well 82 control mode changed from LRAT to BHP
 Newton its= 2, linearizations= 3 (1.6sec), linear its=  3 (1.5sec)

Report step 29/371 at day 2100/12511, date = 01-Mar-1997

Starting time step 0, stepsize 31 days, at day 2100/2131, date = 01-Mar-1997
    Well 1 control mode changed from LRAT to BHP
    Well 10 control mode changed from LRAT to BHP
    Well 2 control mode changed from LRAT to BHP
    Well 3 control mode changed from LRAT to BHP
    Well 42 control mode changed from LRAT to BHP
    Well 46 control mode changed from LRAT to BHP
    Well 51 control mode changed from LRAT to BHP
    Well 53 control mode changed from LRAT to BHP
    Well 6 control mode changed from LRAT to BHP
    Well 60 control mode changed from LRAT to BHP
    Well 7 control mode changed from LRAT to BHP
    Well 70 control mode changed from LRAT to BHP
    Well 8 control mode changed from LRAT to BHP
    Well 52 control mode changed from LRAT to BHP
    Well 13 control mode changed from LRAT to BHP
    Well 43 control mode changed from LRAT to BHP
    Well 22 control mode changed from LRAT to BHP
    Well 78 control mode changed from LRAT to BHP
    Well 57 control mode changed from LRAT to BHP
    Well 65 control mode changed from LRAT to BHP
    Well 66 control mode changed from LRAT to BHP
    Well 88 control mode changed from LRAT to BHP
    Well 94 control mode changed from LRAT to BHP
    Well 56 control mode changed from LRAT to BHP
    Well 58 control mode changed from LRAT to BHP
    Well 67 control mode changed from LRAT to BHP
    Well 79 control mode changed from LRAT to BHP
    Well 95 control mode changed from LRAT to BHP
    Well 68 control mode changed from LRAT to BHP
    Well 89 control mode changed from LRAT to BHP
    Well 76 control mode changed from LRAT to BHP
    Well 77 control mode changed from LRAT to BHP
    Well 80 control mode changed from LRAT to BHP
    Well 27 control mode changed from LRAT to BHP
    Well 62 control mode changed from LRAT to BHP
    Well 63 control mode changed from LRAT to BHP
    Well 74 control mode changed from LRAT to BHP
    Well 75 control mode changed from LRAT to BHP
    Well 64 control mode changed from LRAT to BHP
    Well 100 control mode changed from LRAT to BHP
    Well 73 control mode changed from LRAT to BHP
    Well 81 control mode changed from LRAT to BHP
    Well 92 control mode changed from LRAT to BHP
    Well 55 control mode changed from LRAT to BHP
    Well 101 control mode changed from LRAT to BHP
    Well 18 control mode changed from LRAT to BHP
    Well 93 control mode changed from LRAT to BHP
    Well 82 control mode changed from LRAT to BHP
 Newton its= 2, linearizations= 3 (1.3sec), linear its=  3 (1.0sec)

Report step 30/371 at day 2131/12511, date = 01-Apr-1997

Starting time step 0, stepsize 30 days, at day 2131/2161, date = 01-Apr-1997
    Well 1 control mode changed from LRAT to BHP
    Well 10 control mode changed from LRAT to BHP
    Well 2 control mode changed from LRAT to BHP
    Well 3 control mode changed from LRAT to BHP
    Well 42 control mode changed from LRAT to BHP
    Well 46 control mode changed from LRAT to BHP
    Well 51 control mode changed from LRAT to BHP
    Well 53 control mode changed from LRAT to BHP
    Well 6 control mode changed from LRAT to BHP
    Well 60 control mode changed from LRAT to BHP
    Well 7 control mode changed from LRAT to BHP
    Well 70 control mode changed from LRAT to BHP
    Well 8 control mode changed from LRAT to BHP
    Well 52 control mode changed from LRAT to BHP
    Well 13 control mode changed from LRAT to BHP
    Well 43 control mode changed from LRAT to BHP
    Well 22 control mode changed from LRAT to BHP
    Well 78 control mode changed from LRAT to BHP
    Well 57 control mode changed from LRAT to BHP
    Well 65 control mode changed from LRAT to BHP
    Well 66 control mode changed from LRAT to BHP
    Well 88 control mode changed from LRAT to BHP
    Well 94 control mode changed from LRAT to BHP
    Well 56 control mode changed from LRAT to BHP
    Well 58 control mode changed from LRAT to BHP
    Well 67 control mode changed from LRAT to BHP
    Well 79 control mode changed from LRAT to BHP
    Well 95 control mode changed from LRAT to BHP
    Well 68 control mode changed from LRAT to BHP
    Well 89 control mode changed from LRAT to BHP
    Well 76 control mode changed from LRAT to BHP
    Well 77 control mode changed from LRAT to BHP
    Well 80 control mode changed from LRAT to BHP
    Well 27 control mode changed from LRAT to BHP
    Well 62 control mode changed from LRAT to BHP
    Well 63 control mode changed from LRAT to BHP
    Well 74 control mode changed from LRAT to BHP
    Well 75 control mode changed from LRAT to BHP
    Well 64 control mode changed from LRAT to BHP
    Well 100 control mode changed from LRAT to BHP
    Well 73 control mode changed from LRAT to BHP
    Well 81 control mode changed from LRAT to BHP
    Well 92 control mode changed from LRAT to BHP
    Well 55 control mode changed from LRAT to BHP
    Well 101 control mode changed from LRAT to BHP
    Well 18 control mode changed from LRAT to BHP
    Well 93 control mode changed from LRAT to BHP
    Well 82 control mode changed from LRAT to BHP
 Newton its= 2, linearizations= 3 (1.4sec), linear its=  4 (1.3sec)

Report step 31/371 at day 2161/12511, date = 01-May-1997

Starting time step 0, stepsize 31 days, at day 2161/2192, date = 01-May-1997
    Well 1 control mode changed from LRAT to BHP
    Well 10 control mode changed from LRAT to BHP
    Well 2 control mode changed from LRAT to BHP
    Well 3 control mode changed from LRAT to BHP
    Well 42 control mode changed from LRAT to BHP
    Well 46 control mode changed from LRAT to BHP
    Well 51 control mode changed from LRAT to BHP
    Well 53 control mode changed from LRAT to BHP
    Well 6 control mode changed from LRAT to BHP
    Well 60 control mode changed from LRAT to BHP
    Well 7 control mode changed from LRAT to BHP
    Well 70 control mode changed from LRAT to BHP
    Well 8 control mode changed from LRAT to BHP
    Well 52 control mode changed from LRAT to BHP
    Well 13 control mode changed from LRAT to BHP
    Well 43 control mode changed from LRAT to BHP
    Well 22 control mode changed from LRAT to BHP
    Well 78 control mode changed from LRAT to BHP
    Well 57 control mode changed from LRAT to BHP
    Well 65 control mode changed from LRAT to BHP
    Well 66 control mode changed from LRAT to BHP
    Well 88 control mode changed from LRAT to BHP
    Well 94 control mode changed from LRAT to BHP
    Well 56 control mode changed from LRAT to BHP
    Well 58 control mode changed from LRAT to BHP
    Well 67 control mode changed from LRAT to BHP
    Well 79 control mode changed from LRAT to BHP
    Well 95 control mode changed from LRAT to BHP
    Well 68 control mode changed from LRAT to BHP
    Well 89 control mode changed from LRAT to BHP
    Well 76 control mode changed from LRAT to BHP
    Well 77 control mode changed from LRAT to BHP
    Well 80 control mode changed from LRAT to BHP
    Well 27 control mode changed from LRAT to BHP
    Well 62 control mode changed from LRAT to BHP
    Well 63 control mode changed from LRAT to BHP
    Well 74 control mode changed from LRAT to BHP
    Well 75 control mode changed from LRAT to BHP
    Well 64 control mode changed from LRAT to BHP
    Well 100 control mode changed from LRAT to BHP
    Well 73 control mode changed from LRAT to BHP
    Well 81 control mode changed from LRAT to BHP
    Well 92 control mode changed from LRAT to BHP
    Well 55 control mode changed from LRAT to BHP
    Well 101 control mode changed from LRAT to BHP
    Well 18 control mode changed from LRAT to BHP
    Well 93 control mode changed from LRAT to BHP
    Well 82 control mode changed from LRAT to BHP
 Newton its= 2, linearizations= 3 (1.4sec), linear its=  4 (1.3sec)

Report step 32/371 at day 2192/12511, date = 01-Jun-1997

Starting time step 0, stepsize 30 days, at day 2192/2222, date = 01-Jun-1997
    Well 1 control mode changed from LRAT to BHP
    Well 10 control mode changed from LRAT to BHP
    Well 2 control mode changed from LRAT to BHP
    Well 3 control mode changed from LRAT to BHP
    Well 42 control mode changed from LRAT to BHP
    Well 46 control mode changed from LRAT to BHP
    Well 51 control mode changed from LRAT to BHP
    Well 53 control mode changed from LRAT to BHP
    Well 6 control mode changed from LRAT to BHP
    Well 60 control mode changed from LRAT to BHP
    Well 7 control mode changed from LRAT to BHP
    Well 70 control mode changed from LRAT to BHP
    Well 8 control mode changed from LRAT to BHP
    Well 52 control mode changed from LRAT to BHP
    Well 13 control mode changed from LRAT to BHP
    Well 43 control mode changed from LRAT to BHP
    Well 22 control mode changed from LRAT to BHP
    Well 78 control mode changed from LRAT to BHP
    Well 57 control mode changed from LRAT to BHP
    Well 65 control mode changed from LRAT to BHP
    Well 66 control mode changed from LRAT to BHP
    Well 88 control mode changed from LRAT to BHP
    Well 94 control mode changed from LRAT to BHP
    Well 56 control mode changed from LRAT to BHP
    Well 58 control mode changed from LRAT to BHP
    Well 67 control mode changed from LRAT to BHP
    Well 79 control mode changed from LRAT to BHP
    Well 95 control mode changed from LRAT to BHP
    Well 68 control mode changed from LRAT to BHP
    Well 89 control mode changed from LRAT to BHP
    Well 76 control mode changed from LRAT to BHP
    Well 77 control mode changed from LRAT to BHP
    Well 80 control mode changed from LRAT to BHP
    Well 27 control mode changed from LRAT to BHP
    Well 62 control mode changed from LRAT to BHP
    Well 63 control mode changed from LRAT to BHP
    Well 74 control mode changed from LRAT to BHP
    Well 75 control mode changed from LRAT to BHP
    Well 64 control mode changed from LRAT to BHP
    Well 100 control mode changed from LRAT to BHP
    Well 73 control mode changed from LRAT to BHP
    Well 81 control mode changed from LRAT to BHP
    Well 92 control mode changed from LRAT to BHP
    Well 55 control mode changed from LRAT to BHP
    Well 101 control mode changed from LRAT to BHP
    Well 18 control mode changed from LRAT to BHP
    Well 93 control mode changed from LRAT to BHP
    Well 82 control mode changed from LRAT to BHP
    Well 48 control mode changed from LRAT to BHP
 Newton its= 2, linearizations= 3 (1.4sec), linear its=  3 (1.0sec)

Report step 33/371 at day 2222/12511, date = 01-Jul-1997

Starting time step 0, stepsize 31 days, at day 2222/2253, date = 01-Jul-1997
    Well 1 control mode changed from LRAT to BHP
    Well 10 control mode changed from LRAT to BHP
    Well 2 control mode changed from LRAT to BHP
    Well 3 control mode changed from LRAT to BHP
    Well 46 control mode changed from LRAT to BHP
    Well 51 control mode changed from LRAT to BHP
    Well 53 control mode changed from LRAT to BHP
    Well 6 control mode changed from LRAT to BHP
    Well 60 control mode changed from LRAT to BHP
    Well 7 control mode changed from LRAT to BHP
    Well 8 control mode changed from LRAT to BHP
    Well 52 control mode changed from LRAT to BHP
    Well 13 control mode changed from LRAT to BHP
    Well 43 control mode changed from LRAT to BHP
    Well 22 control mode changed from LRAT to BHP
    Well 78 control mode changed from LRAT to BHP
    Well 57 control mode changed from LRAT to BHP
    Well 65 control mode changed from LRAT to BHP
    Well 66 control mode changed from LRAT to BHP
    Well 88 control mode changed from LRAT to BHP
    Well 94 control mode changed from LRAT to BHP
    Well 56 control mode changed from LRAT to BHP
    Well 58 control mode changed from LRAT to BHP
    Well 67 control mode changed from LRAT to BHP
    Well 79 control mode changed from LRAT to BHP
    Well 95 control mode changed from LRAT to BHP
    Well 68 control mode changed from LRAT to BHP
    Well 89 control mode changed from LRAT to BHP
    Well 76 control mode changed from LRAT to BHP
    Well 77 control mode changed from LRAT to BHP
    Well 80 control mode changed from LRAT to BHP
    Well 27 control mode changed from LRAT to BHP
    Well 62 control mode changed from LRAT to BHP
    Well 63 control mode changed from LRAT to BHP
    Well 74 control mode changed from LRAT to BHP
    Well 75 control mode changed from LRAT to BHP
    Well 64 control mode changed from LRAT to BHP
    Well 100 control mode changed from LRAT to BHP
    Well 73 control mode changed from LRAT to BHP
    Well 81 control mode changed from LRAT to BHP
    Well 92 control mode changed from LRAT to BHP
    Well 55 control mode changed from LRAT to BHP
    Well 101 control mode changed from LRAT to BHP
    Well 18 control mode changed from LRAT to BHP
    Well 93 control mode changed from LRAT to BHP
    Well 82 control mode changed from LRAT to BHP
    Well 48 control mode changed from LRAT to BHP
    Well 49 control mode changed from RATE to BHP
Well 52 will be shut as it can not operate under current reservoir conditions.
 Newton its= 2, linearizations= 3 (1.6sec), linear its=  5 (1.5sec)

Report step 34/371 at day 2253/12511, date = 01-Aug-1997

Starting time step 0, stepsize 31 days, at day 2253/2284, date = 01-Aug-1997
    Well 1 control mode changed from LRAT to BHP
    Well 10 control mode changed from LRAT to BHP
    Well 2 control mode changed from LRAT to BHP
    Well 3 control mode changed from LRAT to BHP
    Well 46 control mode changed from LRAT to BHP
    Well 51 control mode changed from LRAT to BHP
    Well 53 control mode changed from LRAT to BHP
    Well 6 control mode changed from LRAT to BHP
    Well 60 control mode changed from LRAT to BHP
    Well 7 control mode changed from LRAT to BHP
    Well 8 control mode changed from LRAT to BHP
    Well 52 control mode changed from LRAT to BHP
    Well 13 control mode changed from LRAT to BHP
    Well 43 control mode changed from LRAT to BHP
    Well 22 control mode changed from LRAT to BHP
    Well 78 control mode changed from LRAT to BHP
    Well 57 control mode changed from LRAT to BHP
    Well 65 control mode changed from LRAT to BHP
    Well 66 control mode changed from LRAT to BHP
    Well 88 control mode changed from LRAT to BHP
    Well 94 control mode changed from LRAT to BHP
    Well 56 control mode changed from LRAT to BHP
    Well 58 control mode changed from LRAT to BHP
    Well 67 control mode changed from LRAT to BHP
    Well 79 control mode changed from LRAT to BHP
    Well 95 control mode changed from LRAT to BHP
    Well 68 control mode changed from LRAT to BHP
    Well 89 control mode changed from LRAT to BHP
    Well 76 control mode changed from LRAT to BHP
    Well 77 control mode changed from LRAT to BHP
    Well 80 control mode changed from LRAT to BHP
    Well 27 control mode changed from LRAT to BHP
    Well 62 control mode changed from LRAT to BHP
    Well 63 control mode changed from LRAT to BHP
    Well 74 control mode changed from LRAT to BHP
    Well 75 control mode changed from LRAT to BHP
    Well 64 control mode changed from LRAT to BHP
    Well 100 control mode changed from LRAT to BHP
    Well 73 control mode changed from LRAT to BHP
    Well 81 control mode changed from LRAT to BHP
    Well 92 control mode changed from LRAT to BHP
    Well 55 control mode changed from LRAT to BHP
    Well 101 control mode changed from LRAT to BHP
    Well 18 control mode changed from LRAT to BHP
    Well 93 control mode changed from LRAT to BHP
    Well 82 control mode changed from LRAT to BHP
    Well 48 control mode changed from LRAT to BHP
    Well 90 control mode changed from LRAT to BHP
    Well 83 control mode changed from LRAT to BHP
Well 52 will be shut as it can not operate under current reservoir conditions.
 Newton its= 2, linearizations= 3 (1.7sec), linear its=  4 (1.1sec)

Report step 35/371 at day 2284/12511, date = 01-Sep-1997

Starting time step 0, stepsize 30 days, at day 2284/2314, date = 01-Sep-1997
    Well 1 control mode changed from LRAT to BHP
    Well 10 control mode changed from LRAT to BHP
    Well 2 control mode changed from LRAT to BHP
    Well 3 control mode changed from LRAT to BHP
    Well 46 control mode changed from LRAT to BHP
    Well 51 control mode changed from LRAT to BHP
    Well 53 control mode changed from LRAT to BHP
    Well 6 control mode changed from LRAT to BHP
    Well 60 control mode changed from LRAT to BHP
    Well 7 control mode changed from LRAT to BHP
    Well 8 control mode changed from LRAT to BHP
    Well 52 control mode changed from LRAT to BHP
    Well 13 control mode changed from LRAT to BHP
    Well 43 control mode changed from LRAT to BHP
    Well 22 control mode changed from LRAT to BHP
    Well 78 control mode changed from LRAT to BHP
    Well 57 control mode changed from LRAT to BHP
    Well 65 control mode changed from LRAT to BHP
    Well 66 control mode changed from LRAT to BHP
    Well 88 control mode changed from LRAT to BHP
    Well 94 control mode changed from LRAT to BHP
    Well 56 control mode changed from LRAT to BHP
    Well 58 control mode changed from LRAT to BHP
    Well 67 control mode changed from LRAT to BHP
    Well 79 control mode changed from LRAT to BHP
    Well 95 control mode changed from LRAT to BHP
    Well 68 control mode changed from LRAT to BHP
    Well 89 control mode changed from LRAT to BHP
    Well 76 control mode changed from LRAT to BHP
    Well 77 control mode changed from LRAT to BHP
    Well 80 control mode changed from LRAT to BHP
    Well 27 control mode changed from LRAT to BHP
    Well 62 control mode changed from LRAT to BHP
    Well 63 control mode changed from LRAT to BHP
    Well 74 control mode changed from LRAT to BHP
    Well 75 control mode changed from LRAT to BHP
    Well 64 control mode changed from LRAT to BHP
    Well 100 control mode changed from LRAT to BHP
    Well 73 control mode changed from LRAT to BHP
    Well 81 control mode changed from LRAT to BHP
    Well 92 control mode changed from LRAT to BHP
    Well 55 control mode changed from LRAT to BHP
    Well 101 control mode changed from LRAT to BHP
    Well 18 control mode changed from LRAT to BHP
    Well 93 control mode changed from LRAT to BHP
    Well 82 control mode changed from LRAT to BHP
    Well 48 control mode changed from LRAT to BHP
    Well 90 control mode changed from LRAT to BHP
    Well 83 control mode changed from LRAT to BHP
    Well 91 control mode changed from LRAT to BHP
    Well 96 control mode changed from LRAT to BHP
 Newton its= 2, linearizations= 3 (1.3sec), linear its=  4 (1.2sec)

Report step 36/371 at day 2314/12511, date = 01-Oct-1997

Starting time step 0, stepsize 31 days, at day 2314/2345, date = 01-Oct-1997
    Well 1 control mode changed from LRAT to BHP
    Well 10 control mode changed from LRAT to BHP
    Well 2 control mode changed from LRAT to BHP
    Well 3 control mode changed from LRAT to BHP
    Well 46 control mode changed from LRAT to BHP
    Well 51 control mode changed from LRAT to BHP
    Well 53 control mode changed from LRAT to BHP
    Well 6 control mode changed from LRAT to BHP
    Well 60 control mode changed from LRAT to BHP
    Well 7 control mode changed from LRAT to BHP
    Well 8 control mode changed from LRAT to BHP
    Well 52 control mode changed from LRAT to BHP
    Well 13 control mode changed from LRAT to BHP
    Well 43 control mode changed from LRAT to BHP
    Well 22 control mode changed from LRAT to BHP
    Well 78 control mode changed from LRAT to BHP
    Well 57 control mode changed from LRAT to BHP
    Well 65 control mode changed from LRAT to BHP
    Well 66 control mode changed from LRAT to BHP
    Well 88 control mode changed from LRAT to BHP
    Well 94 control mode changed from LRAT to BHP
    Well 56 control mode changed from LRAT to BHP
    Well 58 control mode changed from LRAT to BHP
    Well 67 control mode changed from LRAT to BHP
    Well 79 control mode changed from LRAT to BHP
    Well 95 control mode changed from LRAT to BHP
    Well 68 control mode changed from LRAT to BHP
    Well 89 control mode changed from LRAT to BHP
    Well 76 control mode changed from LRAT to BHP
    Well 77 control mode changed from LRAT to BHP
    Well 80 control mode changed from LRAT to BHP
    Well 27 control mode changed from LRAT to BHP
    Well 62 control mode changed from LRAT to BHP
    Well 63 control mode changed from LRAT to BHP
    Well 74 control mode changed from LRAT to BHP
    Well 75 control mode changed from LRAT to BHP
    Well 64 control mode changed from LRAT to BHP
    Well 100 control mode changed from LRAT to BHP
    Well 73 control mode changed from LRAT to BHP
    Well 81 control mode changed from LRAT to BHP
    Well 92 control mode changed from LRAT to BHP
    Well 55 control mode changed from LRAT to BHP
    Well 101 control mode changed from LRAT to BHP
    Well 18 control mode changed from LRAT to BHP
    Well 93 control mode changed from LRAT to BHP
    Well 82 control mode changed from LRAT to BHP
    Well 48 control mode changed from LRAT to BHP
    Well 90 control mode changed from LRAT to BHP
    Well 83 control mode changed from LRAT to BHP
    Well 91 control mode changed from LRAT to BHP
    Well 96 control mode changed from LRAT to BHP
 Newton its= 2, linearizations= 3 (1.4sec), linear its=  4 (1.5sec)

Report step 37/371 at day 2345/12511, date = 01-Nov-1997

Starting time step 0, stepsize 30 days, at day 2345/2375, date = 01-Nov-1997
    Well 1 control mode changed from LRAT to BHP
    Well 10 control mode changed from LRAT to BHP
    Well 2 control mode changed from LRAT to BHP
    Well 3 control mode changed from LRAT to BHP
    Well 46 control mode changed from LRAT to BHP
    Well 51 control mode changed from LRAT to BHP
    Well 53 control mode changed from LRAT to BHP
    Well 6 control mode changed from LRAT to BHP
    Well 60 control mode changed from LRAT to BHP
    Well 7 control mode changed from LRAT to BHP
    Well 8 control mode changed from LRAT to BHP
    Well 52 control mode changed from LRAT to BHP
    Well 13 control mode changed from LRAT to BHP
    Well 43 control mode changed from LRAT to BHP
    Well 22 control mode changed from LRAT to BHP
    Well 78 control mode changed from LRAT to BHP
    Well 57 control mode changed from LRAT to BHP
    Well 65 control mode changed from LRAT to BHP
    Well 66 control mode changed from LRAT to BHP
    Well 88 control mode changed from LRAT to BHP
    Well 94 control mode changed from LRAT to BHP
    Well 56 control mode changed from LRAT to BHP
    Well 58 control mode changed from LRAT to BHP
    Well 67 control mode changed from LRAT to BHP
    Well 79 control mode changed from LRAT to BHP
    Well 95 control mode changed from LRAT to BHP
    Well 68 control mode changed from LRAT to BHP
    Well 89 control mode changed from LRAT to BHP
    Well 76 control mode changed from LRAT to BHP
    Well 77 control mode changed from LRAT to BHP
    Well 80 control mode changed from LRAT to BHP
    Well 27 control mode changed from LRAT to BHP
    Well 62 control mode changed from LRAT to BHP
    Well 63 control mode changed from LRAT to BHP
    Well 74 control mode changed from LRAT to BHP
    Well 75 control mode changed from LRAT to BHP
    Well 64 control mode changed from LRAT to BHP
    Well 100 control mode changed from LRAT to BHP
    Well 73 control mode changed from LRAT to BHP
    Well 81 control mode changed from LRAT to BHP
    Well 92 control mode changed from LRAT to BHP
    Well 55 control mode changed from LRAT to BHP
    Well 101 control mode changed from LRAT to BHP
    Well 18 control mode changed from LRAT to BHP
    Well 93 control mode changed from LRAT to BHP
    Well 82 control mode changed from LRAT to BHP
    Well 48 control mode changed from LRAT to BHP
    Well 90 control mode changed from LRAT to BHP
    Well 83 control mode changed from LRAT to BHP
    Well 91 control mode changed from LRAT to BHP
    Well 96 control mode changed from LRAT to BHP
 Newton its= 2, linearizations= 3 (1.5sec), linear its=  4 (1.9sec)

Report step 38/371 at day 2375/12511, date = 01-Dec-1997

Starting time step 0, stepsize 31 days, at day 2375/2406, date = 01-Dec-1997
    Well 1 control mode changed from LRAT to BHP
    Well 10 control mode changed from LRAT to BHP
    Well 2 control mode changed from LRAT to BHP
    Well 3 control mode changed from LRAT to BHP
    Well 46 control mode changed from LRAT to BHP
    Well 51 control mode changed from LRAT to BHP
    Well 53 control mode changed from LRAT to BHP
    Well 6 control mode changed from LRAT to BHP
    Well 60 control mode changed from LRAT to BHP
    Well 7 control mode changed from LRAT to BHP
    Well 8 control mode changed from LRAT to BHP
    Well 52 control mode changed from LRAT to BHP
    Well 13 control mode changed from LRAT to BHP
    Well 43 control mode changed from LRAT to BHP
    Well 22 control mode changed from LRAT to BHP
    Well 78 control mode changed from LRAT to BHP
    Well 57 control mode changed from LRAT to BHP
    Well 65 control mode changed from LRAT to BHP
    Well 66 control mode changed from LRAT to BHP
    Well 88 control mode changed from LRAT to BHP
    Well 94 control mode changed from LRAT to BHP
    Well 56 control mode changed from LRAT to BHP
    Well 58 control mode changed from LRAT to BHP
    Well 67 control mode changed from LRAT to BHP
    Well 79 control mode changed from LRAT to BHP
    Well 95 control mode changed from LRAT to BHP
    Well 68 control mode changed from LRAT to BHP
    Well 89 control mode changed from LRAT to BHP
    Well 76 control mode changed from LRAT to BHP
    Well 77 control mode changed from LRAT to BHP
    Well 80 control mode changed from LRAT to BHP
    Well 27 control mode changed from LRAT to BHP
    Well 62 control mode changed from LRAT to BHP
    Well 63 control mode changed from LRAT to BHP
    Well 74 control mode changed from LRAT to BHP
    Well 75 control mode changed from LRAT to BHP
    Well 64 control mode changed from LRAT to BHP
    Well 100 control mode changed from LRAT to BHP
    Well 73 control mode changed from LRAT to BHP
    Well 81 control mode changed from LRAT to BHP
    Well 92 control mode changed from LRAT to BHP
    Well 55 control mode changed from LRAT to BHP
    Well 101 control mode changed from LRAT to BHP
    Well 18 control mode changed from LRAT to BHP
    Well 93 control mode changed from LRAT to BHP
    Well 82 control mode changed from LRAT to BHP
    Well 48 control mode changed from LRAT to BHP
    Well 90 control mode changed from LRAT to BHP
    Well 83 control mode changed from LRAT to BHP
    Well 91 control mode changed from LRAT to BHP
    Well 96 control mode changed from LRAT to BHP
    Well 103 control mode changed from LRAT to BHP
    Well 11 control mode changed from LRAT to BHP
    Well 111 control mode changed from LRAT to BHP
    Well 20 control mode changed from LRAT to BHP
 Newton its= 3, linearizations= 4 (2.0sec), linear its=  5 (1.7sec)

Report step 39/371 at day 2406/12511, date = 01-Jan-1998

Starting time step 0, stepsize 31 days, at day 2406/2437, date = 01-Jan-1998
    Well 1 control mode changed from LRAT to BHP
    Well 10 control mode changed from LRAT to BHP
    Well 2 control mode changed from LRAT to BHP
    Well 3 control mode changed from LRAT to BHP
    Well 46 control mode changed from LRAT to BHP
    Well 51 control mode changed from LRAT to BHP
    Well 53 control mode changed from LRAT to BHP
    Well 6 control mode changed from LRAT to BHP
    Well 60 control mode changed from LRAT to BHP
    Well 7 control mode changed from LRAT to BHP
    Well 8 control mode changed from LRAT to BHP
    Well 52 control mode changed from LRAT to BHP
    Well 13 control mode changed from LRAT to BHP
    Well 43 control mode changed from LRAT to BHP
    Well 22 control mode changed from LRAT to BHP
    Well 78 control mode changed from LRAT to BHP
    Well 57 control mode changed from LRAT to BHP
    Well 65 control mode changed from LRAT to BHP
    Well 66 control mode changed from LRAT to BHP
    Well 88 control mode changed from LRAT to BHP
    Well 94 control mode changed from LRAT to BHP
    Well 56 control mode changed from LRAT to BHP
    Well 58 control mode changed from LRAT to BHP
    Well 67 control mode changed from LRAT to BHP
    Well 79 control mode changed from LRAT to BHP
    Well 95 control mode changed from LRAT to BHP
    Well 68 control mode changed from LRAT to BHP
    Well 89 control mode changed from LRAT to BHP
    Well 76 control mode changed from LRAT to BHP
    Well 77 control mode changed from LRAT to BHP
    Well 80 control mode changed from LRAT to BHP
    Well 27 control mode changed from LRAT to BHP
    Well 62 control mode changed from LRAT to BHP
    Well 63 control mode changed from LRAT to BHP
    Well 74 control mode changed from LRAT to BHP
    Well 75 control mode changed from LRAT to BHP
    Well 64 control mode changed from LRAT to BHP
    Well 100 control mode changed from LRAT to BHP
    Well 73 control mode changed from LRAT to BHP
    Well 81 control mode changed from LRAT to BHP
    Well 92 control mode changed from LRAT to BHP
    Well 55 control mode changed from LRAT to BHP
    Well 101 control mode changed from LRAT to BHP
    Well 18 control mode changed from LRAT to BHP
    Well 93 control mode changed from LRAT to BHP
    Well 82 control mode changed from LRAT to BHP
    Well 48 control mode changed from LRAT to BHP
    Well 49 control mode changed from RATE to BHP
    Well 90 control mode changed from LRAT to BHP
    Well 83 control mode changed from LRAT to BHP
    Well 91 control mode changed from LRAT to BHP
    Well 96 control mode changed from LRAT to BHP
    Well 103 control mode changed from LRAT to BHP
    Well 11 control mode changed from LRAT to BHP
    Well 111 control mode changed from LRAT to BHP
    Well 20 control mode changed from LRAT to BHP
 Newton its= 3, linearizations= 4 (1.9sec), linear its=  5 (2.0sec)

Report step 40/371 at day 2437/12511, date = 01-Feb-1998

Starting time step 0, stepsize 28 days, at day 2437/2465, date = 01-Feb-1998
    Oscillating behavior detected: Relaxation set to 0.900000
    Well 1 control mode changed from LRAT to BHP
    Well 10 control mode changed from LRAT to BHP
    Well 2 control mode changed from LRAT to BHP
    Well 3 control mode changed from LRAT to BHP
    Well 46 control mode changed from LRAT to BHP
    Well 51 control mode changed from LRAT to BHP
    Well 53 control mode changed from LRAT to BHP
    Well 6 control mode changed from LRAT to BHP
    Well 60 control mode changed from LRAT to BHP
    Well 7 control mode changed from LRAT to BHP
    Well 8 control mode changed from LRAT to BHP
    Well 52 control mode changed from LRAT to BHP
    Well 13 control mode changed from LRAT to BHP
    Well 43 control mode changed from LRAT to BHP
    Well 22 control mode changed from LRAT to BHP
    Well 78 control mode changed from LRAT to BHP
    Well 57 control mode changed from LRAT to BHP
    Well 65 control mode changed from LRAT to BHP
    Well 66 control mode changed from LRAT to BHP
    Well 88 control mode changed from LRAT to BHP
    Well 94 control mode changed from LRAT to BHP
    Well 56 control mode changed from LRAT to BHP
    Well 58 control mode changed from LRAT to BHP
    Well 67 control mode changed from LRAT to BHP
    Well 79 control mode changed from LRAT to BHP
    Well 95 control mode changed from LRAT to BHP
    Well 68 control mode changed from LRAT to BHP
    Well 89 control mode changed from LRAT to BHP
    Well 76 control mode changed from LRAT to BHP
    Well 77 control mode changed from LRAT to BHP
    Well 80 control mode changed from LRAT to BHP
    Well 27 control mode changed from LRAT to BHP
    Well 62 control mode changed from LRAT to BHP
    Well 63 control mode changed from LRAT to BHP
    Well 74 control mode changed from LRAT to BHP
    Well 75 control mode changed from LRAT to BHP
    Well 64 control mode changed from LRAT to BHP
    Well 100 control mode changed from LRAT to BHP
    Well 73 control mode changed from LRAT to BHP
    Well 81 control mode changed from LRAT to BHP
    Well 92 control mode changed from LRAT to BHP
    Well 55 control mode changed from LRAT to BHP
    Well 101 control mode changed from LRAT to BHP
    Well 18 control mode changed from LRAT to BHP
    Well 93 control mode changed from LRAT to BHP
    Well 82 control mode changed from LRAT to BHP
    Well 48 control mode changed from LRAT to BHP
    Well 90 control mode changed from LRAT to BHP
    Well 83 control mode changed from LRAT to BHP
    Well 91 control mode changed from LRAT to BHP
    Well 96 control mode changed from LRAT to BHP
    Well 103 control mode changed from LRAT to BHP
    Well 11 control mode changed from LRAT to BHP
    Well 111 control mode changed from LRAT to BHP
    Well 20 control mode changed from LRAT to BHP
 Newton its= 3, linearizations= 4 (1.6sec), linear its=  5 (1.9sec)

Report step 41/371 at day 2465/12511, date = 01-Mar-1998

Starting time step 0, stepsize 31 days, at day 2465/2496, date = 01-Mar-1998
    Well 1 control mode changed from LRAT to BHP
    Well 10 control mode changed from LRAT to BHP
    Well 2 control mode changed from LRAT to BHP
    Well 3 control mode changed from LRAT to BHP
    Well 46 control mode changed from LRAT to BHP
    Well 51 control mode changed from LRAT to BHP
    Well 53 control mode changed from LRAT to BHP
    Well 6 control mode changed from LRAT to BHP
    Well 60 control mode changed from LRAT to BHP
    Well 7 control mode changed from LRAT to BHP
    Well 8 control mode changed from LRAT to BHP
    Well 52 control mode changed from LRAT to BHP
    Well 13 control mode changed from LRAT to BHP
    Well 43 control mode changed from LRAT to BHP
    Well 22 control mode changed from LRAT to BHP
    Well 78 control mode changed from LRAT to BHP
    Well 57 control mode changed from LRAT to BHP
    Well 65 control mode changed from LRAT to BHP
    Well 66 control mode changed from LRAT to BHP
    Well 88 control mode changed from LRAT to BHP
    Well 94 control mode changed from LRAT to BHP
    Well 56 control mode changed from LRAT to BHP
    Well 58 control mode changed from LRAT to BHP
    Well 67 control mode changed from LRAT to BHP
    Well 79 control mode changed from LRAT to BHP
    Well 95 control mode changed from LRAT to BHP
    Well 68 control mode changed from LRAT to BHP
    Well 89 control mode changed from LRAT to BHP
    Well 76 control mode changed from LRAT to BHP
    Well 77 control mode changed from LRAT to BHP
    Well 80 control mode changed from LRAT to BHP
    Well 27 control mode changed from LRAT to BHP
    Well 62 control mode changed from LRAT to BHP
    Well 63 control mode changed from LRAT to BHP
    Well 74 control mode changed from LRAT to BHP
    Well 75 control mode changed from LRAT to BHP
    Well 64 control mode changed from LRAT to BHP
    Well 100 control mode changed from LRAT to BHP
    Well 73 control mode changed from LRAT to BHP
    Well 81 control mode changed from LRAT to BHP
    Well 92 control mode changed from LRAT to BHP
    Well 55 control mode changed from LRAT to BHP
    Well 101 control mode changed from LRAT to BHP
    Well 18 control mode changed from LRAT to BHP
    Well 93 control mode changed from LRAT to BHP
    Well 82 control mode changed from LRAT to BHP
    Well 48 control mode changed from LRAT to BHP
    Well 90 control mode changed from LRAT to BHP
    Well 83 control mode changed from LRAT to BHP
    Well 85 control mode changed from LRAT to BHP
    Well 91 control mode changed from LRAT to BHP
    Well 96 control mode changed from LRAT to BHP
    Well 103 control mode changed from LRAT to BHP
    Well 11 control mode changed from LRAT to BHP
    Well 111 control mode changed from LRAT to BHP
    Well 20 control mode changed from LRAT to BHP
 Newton its= 2, linearizations= 3 (1.5sec), linear its=  4 (1.2sec)

Report step 42/371 at day 2496/12511, date = 01-Apr-1998

Starting time step 0, stepsize 30 days, at day 2496/2526, date = 01-Apr-1998
    Well 1 control mode changed from LRAT to BHP
    Well 10 control mode changed from LRAT to BHP
    Well 2 control mode changed from LRAT to BHP
    Well 3 control mode changed from LRAT to BHP
    Well 46 control mode changed from LRAT to BHP
    Well 51 control mode changed from LRAT to BHP
    Well 53 control mode changed from LRAT to BHP
    Well 6 control mode changed from LRAT to BHP
    Well 60 control mode changed from LRAT to BHP
    Well 7 control mode changed from LRAT to BHP
    Well 8 control mode changed from LRAT to BHP
    Well 52 control mode changed from LRAT to BHP
    Well 13 control mode changed from LRAT to BHP
    Well 43 control mode changed from LRAT to BHP
    Well 22 control mode changed from LRAT to BHP
    Well 78 control mode changed from LRAT to BHP
    Well 57 control mode changed from LRAT to BHP
    Well 65 control mode changed from LRAT to BHP
    Well 66 control mode changed from LRAT to BHP
    Well 88 control mode changed from LRAT to BHP
    Well 94 control mode changed from LRAT to BHP
    Well 56 control mode changed from LRAT to BHP
    Well 58 control mode changed from LRAT to BHP
    Well 67 control mode changed from LRAT to BHP
    Well 79 control mode changed from LRAT to BHP
    Well 95 control mode changed from LRAT to BHP
    Well 68 control mode changed from LRAT to BHP
    Well 89 control mode changed from LRAT to BHP
    Well 76 control mode changed from LRAT to BHP
    Well 77 control mode changed from LRAT to BHP
    Well 80 control mode changed from LRAT to BHP
    Well 27 control mode changed from LRAT to BHP
    Well 62 control mode changed from LRAT to BHP
    Well 63 control mode changed from LRAT to BHP
    Well 74 control mode changed from LRAT to BHP
    Well 75 control mode changed from LRAT to BHP
    Well 64 control mode changed from LRAT to BHP
    Well 100 control mode changed from LRAT to BHP
    Well 73 control mode changed from LRAT to BHP
    Well 81 control mode changed from LRAT to BHP
    Well 92 control mode changed from LRAT to BHP
    Well 55 control mode changed from LRAT to BHP
    Well 101 control mode changed from LRAT to BHP
    Well 18 control mode changed from LRAT to BHP
    Well 93 control mode changed from LRAT to BHP
    Well 82 control mode changed from LRAT to BHP
    Well 48 control mode changed from LRAT to BHP
    Well 90 control mode changed from LRAT to BHP
    Well 83 control mode changed from LRAT to BHP
    Well 85 control mode changed from LRAT to BHP
    Well 91 control mode changed from LRAT to BHP
    Well 96 control mode changed from LRAT to BHP
    Well 103 control mode changed from LRAT to BHP
    Well 11 control mode changed from LRAT to BHP
    Well 111 control mode changed from LRAT to BHP
    Well 20 control mode changed from LRAT to BHP
 Newton its= 2, linearizations= 3 (1.3sec), linear its=  4 (1.4sec)

Report step 43/371 at day 2526/12511, date = 01-May-1998

Starting time step 0, stepsize 31 days, at day 2526/2557, date = 01-May-1998
    Well 1 control mode changed from LRAT to BHP
    Well 10 control mode changed from LRAT to BHP
    Well 2 control mode changed from LRAT to BHP
    Well 3 control mode changed from LRAT to BHP
    Well 46 control mode changed from LRAT to BHP
    Well 53 control mode changed from LRAT to BHP
    Well 6 control mode changed from LRAT to BHP
    Well 60 control mode changed from LRAT to BHP
    Well 7 control mode changed from LRAT to BHP
    Well 8 control mode changed from LRAT to BHP
    Well 52 control mode changed from LRAT to BHP
    Well 13 control mode changed from LRAT to BHP
    Well 43 control mode changed from LRAT to BHP
    Well 22 control mode changed from LRAT to BHP
    Well 78 control mode changed from LRAT to BHP
    Well 57 control mode changed from LRAT to BHP
    Well 65 control mode changed from LRAT to BHP
    Well 66 control mode changed from LRAT to BHP
    Well 88 control mode changed from LRAT to BHP
    Well 94 control mode changed from LRAT to BHP
    Well 56 control mode changed from LRAT to BHP
    Well 58 control mode changed from LRAT to BHP
    Well 67 control mode changed from LRAT to BHP
    Well 79 control mode changed from LRAT to BHP
    Well 95 control mode changed from LRAT to BHP
    Well 68 control mode changed from LRAT to BHP
    Well 89 control mode changed from LRAT to BHP
    Well 76 control mode changed from LRAT to BHP
    Well 77 control mode changed from LRAT to BHP
    Well 80 control mode changed from LRAT to BHP
    Well 27 control mode changed from LRAT to BHP
    Well 62 control mode changed from LRAT to BHP
    Well 63 control mode changed from LRAT to BHP
    Well 74 control mode changed from LRAT to BHP
    Well 75 control mode changed from LRAT to BHP
    Well 64 control mode changed from LRAT to BHP
    Well 100 control mode changed from LRAT to BHP
    Well 73 control mode changed from LRAT to BHP
    Well 81 control mode changed from LRAT to BHP
    Well 92 control mode changed from LRAT to BHP
    Well 55 control mode changed from LRAT to BHP
    Well 101 control mode changed from LRAT to BHP
    Well 18 control mode changed from LRAT to BHP
    Well 93 control mode changed from LRAT to BHP
    Well 82 control mode changed from LRAT to BHP
    Well 48 control mode changed from LRAT to BHP
    Well 90 control mode changed from LRAT to BHP
    Well 83 control mode changed from LRAT to BHP
    Well 85 control mode changed from LRAT to BHP
    Well 91 control mode changed from LRAT to BHP
    Well 96 control mode changed from LRAT to BHP
    Well 103 control mode changed from LRAT to BHP
    Well 11 control mode changed from LRAT to BHP
    Well 111 control mode changed from LRAT to BHP
    Well 20 control mode changed from LRAT to BHP
Well 52 will be shut as it can not operate under current reservoir conditions.
 Newton its= 2, linearizations= 3 (1.5sec), linear its=  4 (1.3sec)

Report step 44/371 at day 2557/12511, date = 01-Jun-1998

Starting time step 0, stepsize 30 days, at day 2557/2587, date = 01-Jun-1998
    Well 1 control mode changed from LRAT to BHP
    Well 10 control mode changed from LRAT to BHP
    Well 2 control mode changed from LRAT to BHP
    Well 3 control mode changed from LRAT to BHP
    Well 46 control mode changed from LRAT to BHP
    Well 53 control mode changed from LRAT to BHP
    Well 6 control mode changed from LRAT to BHP
    Well 60 control mode changed from LRAT to BHP
    Well 7 control mode changed from LRAT to BHP
    Well 8 control mode changed from LRAT to BHP
    Well 52 control mode changed from LRAT to BHP
    Well 13 control mode changed from LRAT to BHP
    Well 43 control mode changed from LRAT to BHP
    Well 22 control mode changed from LRAT to BHP
    Well 78 control mode changed from LRAT to BHP
    Well 57 control mode changed from LRAT to BHP
    Well 65 control mode changed from LRAT to BHP
    Well 66 control mode changed from LRAT to BHP
    Well 88 control mode changed from LRAT to BHP
    Well 94 control mode changed from LRAT to BHP
    Well 56 control mode changed from LRAT to BHP
    Well 58 control mode changed from LRAT to BHP
    Well 67 control mode changed from LRAT to BHP
    Well 79 control mode changed from LRAT to BHP
    Well 95 control mode changed from LRAT to BHP
    Well 68 control mode changed from LRAT to BHP
    Well 89 control mode changed from LRAT to BHP
    Well 76 control mode changed from LRAT to BHP
    Well 77 control mode changed from LRAT to BHP
    Well 80 control mode changed from LRAT to BHP
    Well 27 control mode changed from LRAT to BHP
    Well 62 control mode changed from LRAT to BHP
    Well 63 control mode changed from LRAT to BHP
    Well 74 control mode changed from LRAT to BHP
    Well 75 control mode changed from LRAT to BHP
    Well 64 control mode changed from LRAT to BHP
    Well 100 control mode changed from LRAT to BHP
    Well 73 control mode changed from LRAT to BHP
    Well 81 control mode changed from LRAT to BHP
    Well 92 control mode changed from LRAT to BHP
    Well 55 control mode changed from LRAT to BHP
    Well 101 control mode changed from LRAT to BHP
    Well 18 control mode changed from LRAT to BHP
    Well 93 control mode changed from LRAT to BHP
    Well 82 control mode changed from LRAT to BHP
    Well 48 control mode changed from LRAT to BHP
    Well 47 control mode changed from LRAT to BHP
    Well 90 control mode changed from LRAT to BHP
    Well 83 control mode changed from LRAT to BHP
    Well 85 control mode changed from LRAT to BHP
    Well 91 control mode changed from LRAT to BHP
    Well 96 control mode changed from LRAT to BHP
    Well 103 control mode changed from LRAT to BHP
    Well 11 control mode changed from LRAT to BHP
    Well 111 control mode changed from LRAT to BHP
    Well 20 control mode changed from LRAT to BHP
Well 52 will be shut as it can not operate under current reservoir conditions.
 Newton its= 2, linearizations= 3 (1.5sec), linear its=  4 (1.2sec)

Report step 45/371 at day 2587/12511, date = 01-Jul-1998

Starting time step 0, stepsize 31 days, at day 2587/2618, date = 01-Jul-1998
    Well 1 control mode changed from LRAT to BHP
    Well 10 control mode changed from LRAT to BHP
    Well 2 control mode changed from LRAT to BHP
    Well 3 control mode changed from LRAT to BHP
    Well 46 control mode changed from LRAT to BHP
    Well 53 control mode changed from LRAT to BHP
    Well 6 control mode changed from LRAT to BHP
    Well 60 control mode changed from LRAT to BHP
    Well 7 control mode changed from LRAT to BHP
    Well 8 control mode changed from LRAT to BHP
    Well 52 control mode changed from LRAT to BHP
    Well 13 control mode changed from LRAT to BHP
    Well 43 control mode changed from LRAT to BHP
    Well 22 control mode changed from LRAT to BHP
    Well 78 control mode changed from LRAT to BHP
    Well 57 control mode changed from LRAT to BHP
    Well 65 control mode changed from LRAT to BHP
    Well 66 control mode changed from LRAT to BHP
    Well 88 control mode changed from LRAT to BHP
    Well 94 control mode changed from LRAT to BHP
    Well 56 control mode changed from LRAT to BHP
    Well 58 control mode changed from LRAT to BHP
    Well 67 control mode changed from LRAT to BHP
    Well 79 control mode changed from LRAT to BHP
    Well 95 control mode changed from LRAT to BHP
    Well 68 control mode changed from LRAT to BHP
    Well 89 control mode changed from LRAT to BHP
    Well 76 control mode changed from LRAT to BHP
    Well 77 control mode changed from LRAT to BHP
    Well 80 control mode changed from LRAT to BHP
    Well 27 control mode changed from LRAT to BHP
    Well 62 control mode changed from LRAT to BHP
    Well 63 control mode changed from LRAT to BHP
    Well 74 control mode changed from LRAT to BHP
    Well 75 control mode changed from LRAT to BHP
    Well 64 control mode changed from LRAT to BHP
    Well 100 control mode changed from LRAT to BHP
    Well 73 control mode changed from LRAT to BHP
    Well 81 control mode changed from LRAT to BHP
    Well 92 control mode changed from LRAT to BHP
    Well 55 control mode changed from LRAT to BHP
    Well 101 control mode changed from LRAT to BHP
    Well 18 control mode changed from LRAT to BHP
    Well 93 control mode changed from LRAT to BHP
    Well 82 control mode changed from LRAT to BHP
    Well 48 control mode changed from LRAT to BHP
    Well 54 control mode changed from LRAT to BHP
    Well 47 control mode changed from LRAT to BHP
    Well 49 control mode changed from RATE to BHP
    Well 90 control mode changed from LRAT to BHP
    Well 83 control mode changed from LRAT to BHP
    Well 85 control mode changed from LRAT to BHP
    Well 91 control mode changed from LRAT to BHP
    Well 96 control mode changed from LRAT to BHP
    Well 103 control mode changed from LRAT to BHP
    Well 11 control mode changed from LRAT to BHP
    Well 111 control mode changed from LRAT to BHP
    Well 20 control mode changed from LRAT to BHP
    Well 23 control mode changed from LRAT to BHP
    Well 24 control mode changed from LRAT to BHP
    Well 98 control mode changed from LRAT to BHP
    Well 99 control mode changed from LRAT to BHP
 Newton its= 2, linearizations= 3 (1.4sec), linear its=  3 (1.3sec)

Report step 46/371 at day 2618/12511, date = 01-Aug-1998

Starting time step 0, stepsize 31 days, at day 2618/2649, date = 01-Aug-1998
    Well 1 control mode changed from LRAT to BHP
    Well 10 control mode changed from LRAT to BHP
    Well 2 control mode changed from LRAT to BHP
    Well 3 control mode changed from LRAT to BHP
    Well 46 control mode changed from LRAT to BHP
    Well 53 control mode changed from LRAT to BHP
    Well 6 control mode changed from LRAT to BHP
    Well 60 control mode changed from LRAT to BHP
    Well 7 control mode changed from LRAT to BHP
    Well 8 control mode changed from LRAT to BHP
    Well 52 control mode changed from LRAT to BHP
    Well 13 control mode changed from LRAT to BHP
    Well 43 control mode changed from LRAT to BHP
    Well 22 control mode changed from LRAT to BHP
    Well 78 control mode changed from LRAT to BHP
    Well 57 control mode changed from LRAT to BHP
    Well 65 control mode changed from LRAT to BHP
    Well 66 control mode changed from LRAT to BHP
    Well 88 control mode changed from LRAT to BHP
    Well 94 control mode changed from LRAT to BHP
    Well 56 control mode changed from LRAT to BHP
    Well 58 control mode changed from LRAT to BHP
    Well 67 control mode changed from LRAT to BHP
    Well 79 control mode changed from LRAT to BHP
    Well 95 control mode changed from LRAT to BHP
    Well 68 control mode changed from LRAT to BHP
    Well 89 control mode changed from LRAT to BHP
    Well 76 control mode changed from LRAT to BHP
    Well 77 control mode changed from LRAT to BHP
    Well 80 control mode changed from LRAT to BHP
    Well 27 control mode changed from LRAT to BHP
    Well 62 control mode changed from LRAT to BHP
    Well 63 control mode changed from LRAT to BHP
    Well 74 control mode changed from LRAT to BHP
    Well 75 control mode changed from LRAT to BHP
    Well 64 control mode changed from LRAT to BHP
    Well 100 control mode changed from LRAT to BHP
    Well 73 control mode changed from LRAT to BHP
    Well 81 control mode changed from LRAT to BHP
    Well 92 control mode changed from LRAT to BHP
    Well 55 control mode changed from LRAT to BHP
    Well 101 control mode changed from LRAT to BHP
    Well 18 control mode changed from LRAT to BHP
    Well 93 control mode changed from LRAT to BHP
    Well 82 control mode changed from LRAT to BHP
    Well 48 control mode changed from LRAT to BHP
    Well 54 control mode changed from LRAT to BHP
    Well 47 control mode changed from LRAT to BHP
    Well 90 control mode changed from LRAT to BHP
    Well 83 control mode changed from LRAT to BHP
    Well 85 control mode changed from LRAT to BHP
    Well 91 control mode changed from LRAT to BHP
    Well 96 control mode changed from LRAT to BHP
    Well 103 control mode changed from LRAT to BHP
    Well 11 control mode changed from LRAT to BHP
    Well 111 control mode changed from LRAT to BHP
    Well 20 control mode changed from LRAT to BHP
    Well 23 control mode changed from LRAT to BHP
    Well 24 control mode changed from LRAT to BHP
    Well 98 control mode changed from LRAT to BHP
    Well 99 control mode changed from LRAT to BHP
 Newton its= 2, linearizations= 3 (1.3sec), linear its=  4 (1.1sec)

Report step 47/371 at day 2649/12511, date = 01-Sep-1998

Starting time step 0, stepsize 30 days, at day 2649/2679, date = 01-Sep-1998
    Well 1 control mode changed from LRAT to BHP
    Well 10 control mode changed from LRAT to BHP
    Well 2 control mode changed from LRAT to BHP
    Well 3 control mode changed from LRAT to BHP
    Well 46 control mode changed from LRAT to BHP
    Well 53 control mode changed from LRAT to BHP
    Well 6 control mode changed from LRAT to BHP
    Well 60 control mode changed from LRAT to BHP
    Well 7 control mode changed from LRAT to BHP
    Well 8 control mode changed from LRAT to BHP
    Well 52 control mode changed from LRAT to BHP
    Well 13 control mode changed from LRAT to BHP
    Well 43 control mode changed from LRAT to BHP
    Well 22 control mode changed from LRAT to BHP
    Well 78 control mode changed from LRAT to BHP
    Well 57 control mode changed from LRAT to BHP
    Well 65 control mode changed from LRAT to BHP
    Well 66 control mode changed from LRAT to BHP
    Well 88 control mode changed from LRAT to BHP
    Well 94 control mode changed from LRAT to BHP
    Well 56 control mode changed from LRAT to BHP
    Well 58 control mode changed from LRAT to BHP
    Well 67 control mode changed from LRAT to BHP
    Well 79 control mode changed from LRAT to BHP
    Well 95 control mode changed from LRAT to BHP
    Well 68 control mode changed from LRAT to BHP
    Well 89 control mode changed from LRAT to BHP
    Well 76 control mode changed from LRAT to BHP
    Well 77 control mode changed from LRAT to BHP
    Well 80 control mode changed from LRAT to BHP
    Well 27 control mode changed from LRAT to BHP
    Well 62 control mode changed from LRAT to BHP
    Well 63 control mode changed from LRAT to BHP
    Well 74 control mode changed from LRAT to BHP
    Well 75 control mode changed from LRAT to BHP
    Well 64 control mode changed from LRAT to BHP
    Well 100 control mode changed from LRAT to BHP
    Well 73 control mode changed from LRAT to BHP
    Well 81 control mode changed from LRAT to BHP
    Well 92 control mode changed from LRAT to BHP
    Well 55 control mode changed from LRAT to BHP
    Well 101 control mode changed from LRAT to BHP
    Well 18 control mode changed from LRAT to BHP
    Well 93 control mode changed from LRAT to BHP
    Well 82 control mode changed from LRAT to BHP
    Well 48 control mode changed from LRAT to BHP
    Well 54 control mode changed from LRAT to BHP
    Well 47 control mode changed from LRAT to BHP
    Well 90 control mode changed from LRAT to BHP
    Well 83 control mode changed from LRAT to BHP
    Well 85 control mode changed from LRAT to BHP
    Well 91 control mode changed from LRAT to BHP
    Well 96 control mode changed from LRAT to BHP
    Well 103 control mode changed from LRAT to BHP
    Well 11 control mode changed from LRAT to BHP
    Well 111 control mode changed from LRAT to BHP
    Well 20 control mode changed from LRAT to BHP
    Well 23 control mode changed from LRAT to BHP
    Well 24 control mode changed from LRAT to BHP
    Well 98 control mode changed from LRAT to BHP
    Well 99 control mode changed from LRAT to BHP
 Newton its= 2, linearizations= 3 (1.4sec), linear its=  4 (1.3sec)

Report step 48/371 at day 2679/12511, date = 01-Oct-1998

Starting time step 0, stepsize 31 days, at day 2679/2710, date = 01-Oct-1998
    Well 1 control mode changed from LRAT to BHP
    Well 10 control mode changed from LRAT to BHP
    Well 2 control mode changed from LRAT to BHP
    Well 3 control mode changed from LRAT to BHP
    Well 46 control mode changed from LRAT to BHP
    Well 53 control mode changed from LRAT to BHP
    Well 6 control mode changed from LRAT to BHP
    Well 60 control mode changed from LRAT to BHP
    Well 7 control mode changed from LRAT to BHP
    Well 70 control mode changed from RATE to BHP
    Well 8 control mode changed from LRAT to BHP
    Well 52 control mode changed from LRAT to BHP
    Well 13 control mode changed from LRAT to BHP
    Well 43 control mode changed from LRAT to BHP
    Well 22 control mode changed from LRAT to BHP
    Well 78 control mode changed from LRAT to BHP
    Well 57 control mode changed from LRAT to BHP
    Well 65 control mode changed from LRAT to BHP
    Well 66 control mode changed from LRAT to BHP
    Well 88 control mode changed from LRAT to BHP
    Well 94 control mode changed from LRAT to BHP
    Well 56 control mode changed from LRAT to BHP
    Well 58 control mode changed from LRAT to BHP
    Well 67 control mode changed from LRAT to BHP
    Well 79 control mode changed from LRAT to BHP
    Well 95 control mode changed from LRAT to BHP
    Well 68 control mode changed from LRAT to BHP
    Well 89 control mode changed from LRAT to BHP
    Well 76 control mode changed from LRAT to BHP
    Well 77 control mode changed from LRAT to BHP
    Well 80 control mode changed from LRAT to BHP
    Well 27 control mode changed from LRAT to BHP
    Well 62 control mode changed from LRAT to BHP
    Well 63 control mode changed from LRAT to BHP
    Well 74 control mode changed from LRAT to BHP
    Well 75 control mode changed from LRAT to BHP
    Well 64 control mode changed from LRAT to BHP
    Well 100 control mode changed from LRAT to BHP
    Well 73 control mode changed from LRAT to BHP
    Well 81 control mode changed from LRAT to BHP
    Well 92 control mode changed from LRAT to BHP
    Well 55 control mode changed from LRAT to BHP
    Well 101 control mode changed from LRAT to BHP
    Well 18 control mode changed from LRAT to BHP
    Well 93 control mode changed from LRAT to BHP
    Well 82 control mode changed from LRAT to BHP
    Well 48 control mode changed from LRAT to BHP
    Well 54 control mode changed from LRAT to BHP
    Well 47 control mode changed from LRAT to BHP
    Well 90 control mode changed from LRAT to BHP
    Well 83 control mode changed from LRAT to BHP
    Well 85 control mode changed from LRAT to BHP
    Well 91 control mode changed from LRAT to BHP
    Well 96 control mode changed from LRAT to BHP
    Well 103 control mode changed from LRAT to BHP
    Well 11 control mode changed from LRAT to BHP
    Well 111 control mode changed from LRAT to BHP
    Well 20 control mode changed from LRAT to BHP
    Well 23 control mode changed from LRAT to BHP
    Well 24 control mode changed from LRAT to BHP
    Well 98 control mode changed from LRAT to BHP
    Well 99 control mode changed from LRAT to BHP
Well 52 will be shut as it can not operate under current reservoir conditions.
 Newton its= 3, linearizations= 4 (1.9sec), linear its=  6 (1.8sec)

Report step 49/371 at day 2710/12511, date = 01-Nov-1998

Starting time step 0, stepsize 30 days, at day 2710/2740, date = 01-Nov-1998
    Well 1 control mode changed from LRAT to BHP
    Well 10 control mode changed from LRAT to BHP
    Well 2 control mode changed from LRAT to BHP
    Well 3 control mode changed from LRAT to BHP
    Well 46 control mode changed from LRAT to BHP
    Well 53 control mode changed from LRAT to BHP
    Well 6 control mode changed from LRAT to BHP
    Well 60 control mode changed from LRAT to BHP
    Well 7 control mode changed from LRAT to BHP
    Well 8 control mode changed from LRAT to BHP
    Well 52 control mode changed from LRAT to BHP
    Well 13 control mode changed from LRAT to BHP
    Well 43 control mode changed from LRAT to BHP
    Well 22 control mode changed from LRAT to BHP
    Well 78 control mode changed from LRAT to BHP
    Well 57 control mode changed from LRAT to BHP
    Well 65 control mode changed from LRAT to BHP
    Well 66 control mode changed from LRAT to BHP
    Well 88 control mode changed from LRAT to BHP
    Well 94 control mode changed from LRAT to BHP
    Well 56 control mode changed from LRAT to BHP
    Well 58 control mode changed from LRAT to BHP
    Well 67 control mode changed from LRAT to BHP
    Well 79 control mode changed from LRAT to BHP
    Well 95 control mode changed from LRAT to BHP
    Well 68 control mode changed from LRAT to BHP
    Well 89 control mode changed from LRAT to BHP
    Well 76 control mode changed from LRAT to BHP
    Well 77 control mode changed from LRAT to BHP
    Well 80 control mode changed from LRAT to BHP
    Well 27 control mode changed from LRAT to BHP
    Well 62 control mode changed from LRAT to BHP
    Well 63 control mode changed from LRAT to BHP
    Well 74 control mode changed from LRAT to BHP
    Well 75 control mode changed from LRAT to BHP
    Well 64 control mode changed from LRAT to BHP
    Well 100 control mode changed from LRAT to BHP
    Well 73 control mode changed from LRAT to BHP
    Well 81 control mode changed from LRAT to BHP
    Well 92 control mode changed from LRAT to BHP
    Well 55 control mode changed from LRAT to BHP
    Well 101 control mode changed from LRAT to BHP
    Well 18 control mode changed from LRAT to BHP
    Well 93 control mode changed from LRAT to BHP
    Well 82 control mode changed from LRAT to BHP
    Well 48 control mode changed from LRAT to BHP
    Well 54 control mode changed from LRAT to BHP
    Well 47 control mode changed from LRAT to BHP
    Well 90 control mode changed from LRAT to BHP
    Well 83 control mode changed from LRAT to BHP
    Well 85 control mode changed from LRAT to BHP
    Well 91 control mode changed from LRAT to BHP
    Well 96 control mode changed from LRAT to BHP
    Well 103 control mode changed from LRAT to BHP
    Well 11 control mode changed from LRAT to BHP
    Well 111 control mode changed from LRAT to BHP
    Well 20 control mode changed from LRAT to BHP
    Well 23 control mode changed from LRAT to BHP
    Well 24 control mode changed from LRAT to BHP
    Well 98 control mode changed from LRAT to BHP
    Well 99 control mode changed from LRAT to BHP
 Newton its= 3, linearizations= 4 (1.8sec), linear its=  3 (2.3sec)

Report step 50/371 at day 2740/12511, date = 01-Dec-1998

Starting time step 0, stepsize 31 days, at day 2740/2771, date = 01-Dec-1998
    Well 1 control mode changed from LRAT to BHP
    Well 10 control mode changed from LRAT to BHP
    Well 2 control mode changed from LRAT to BHP
    Well 3 control mode changed from LRAT to BHP
    Well 46 control mode changed from LRAT to BHP
    Well 53 control mode changed from LRAT to BHP
    Well 6 control mode changed from LRAT to BHP
    Well 60 control mode changed from LRAT to BHP
    Well 7 control mode changed from LRAT to BHP
    Well 8 control mode changed from LRAT to BHP
    Well 52 control mode changed from LRAT to BHP
    Well 13 control mode changed from LRAT to BHP
    Well 43 control mode changed from LRAT to BHP
    Well 22 control mode changed from LRAT to BHP
    Well 78 control mode changed from LRAT to BHP
    Well 57 control mode changed from LRAT to BHP
    Well 65 control mode changed from LRAT to BHP
    Well 66 control mode changed from LRAT to BHP
    Well 88 control mode changed from LRAT to BHP
    Well 94 control mode changed from LRAT to BHP
    Well 56 control mode changed from LRAT to BHP
    Well 58 control mode changed from LRAT to BHP
    Well 67 control mode changed from LRAT to BHP
    Well 79 control mode changed from LRAT to BHP
    Well 95 control mode changed from LRAT to BHP
    Well 68 control mode changed from LRAT to BHP
    Well 89 control mode changed from LRAT to BHP
    Well 76 control mode changed from LRAT to BHP
    Well 77 control mode changed from LRAT to BHP
    Well 80 control mode changed from LRAT to BHP
    Well 27 control mode changed from LRAT to BHP
    Well 62 control mode changed from LRAT to BHP
    Well 63 control mode changed from LRAT to BHP
    Well 74 control mode changed from LRAT to BHP
    Well 75 control mode changed from LRAT to BHP
    Well 64 control mode changed from LRAT to BHP
    Well 100 control mode changed from LRAT to BHP
    Well 73 control mode changed from LRAT to BHP
    Well 81 control mode changed from LRAT to BHP
    Well 92 control mode changed from LRAT to BHP
    Well 55 control mode changed from LRAT to BHP
    Well 101 control mode changed from LRAT to BHP
    Well 18 control mode changed from LRAT to BHP
    Well 93 control mode changed from LRAT to BHP
    Well 82 control mode changed from LRAT to BHP
    Well 48 control mode changed from LRAT to BHP
    Well 54 control mode changed from LRAT to BHP
    Well 47 control mode changed from LRAT to BHP
    Well 90 control mode changed from LRAT to BHP
    Well 83 control mode changed from LRAT to BHP
    Well 85 control mode changed from LRAT to BHP
    Well 91 control mode changed from LRAT to BHP
    Well 96 control mode changed from LRAT to BHP
    Well 103 control mode changed from LRAT to BHP
    Well 11 control mode changed from LRAT to BHP
    Well 111 control mode changed from LRAT to BHP
    Well 20 control mode changed from LRAT to BHP
    Well 23 control mode changed from LRAT to BHP
    Well 24 control mode changed from LRAT to BHP
    Well 98 control mode changed from LRAT to BHP
    Well 99 control mode changed from LRAT to BHP
    Well 106 control mode changed from LRAT to BHP
    Well 107 control mode changed from LRAT to BHP
    Well 109 control mode changed from LRAT to BHP
 Newton its= 3, linearizations= 4 (1.9sec), linear its=  4 (1.8sec)

Report step 51/371 at day 2771/12511, date = 01-Jan-1999

Starting time step 0, stepsize 31 days, at day 2771/2802, date = 01-Jan-1999
    Well 1 control mode changed from LRAT to BHP
    Well 10 control mode changed from LRAT to BHP
    Well 2 control mode changed from LRAT to BHP
    Well 3 control mode changed from LRAT to BHP
    Well 46 control mode changed from LRAT to BHP
    Well 53 control mode changed from LRAT to BHP
    Well 6 control mode changed from LRAT to BHP
    Well 60 control mode changed from LRAT to BHP
    Well 7 control mode changed from LRAT to BHP
    Well 8 control mode changed from LRAT to BHP
    Well 52 control mode changed from LRAT to BHP
    Well 13 control mode changed from LRAT to BHP
    Well 43 control mode changed from LRAT to BHP
    Well 22 control mode changed from LRAT to BHP
    Well 78 control mode changed from LRAT to BHP
    Well 57 control mode changed from LRAT to BHP
    Well 65 control mode changed from LRAT to BHP
    Well 66 control mode changed from LRAT to BHP
    Well 88 control mode changed from LRAT to BHP
    Well 94 control mode changed from LRAT to BHP
    Well 56 control mode changed from LRAT to BHP
    Well 58 control mode changed from LRAT to BHP
    Well 67 control mode changed from LRAT to BHP
    Well 79 control mode changed from LRAT to BHP
    Well 95 control mode changed from LRAT to BHP
    Well 68 control mode changed from LRAT to BHP
    Well 89 control mode changed from LRAT to BHP
    Well 76 control mode changed from LRAT to BHP
    Well 77 control mode changed from LRAT to BHP
    Well 80 control mode changed from LRAT to BHP
    Well 27 control mode changed from LRAT to BHP
    Well 62 control mode changed from LRAT to BHP
    Well 63 control mode changed from LRAT to BHP
    Well 74 control mode changed from LRAT to BHP
    Well 75 control mode changed from LRAT to BHP
    Well 64 control mode changed from LRAT to BHP
    Well 100 control mode changed from LRAT to BHP
    Well 73 control mode changed from LRAT to BHP
    Well 81 control mode changed from LRAT to BHP
    Well 92 control mode changed from LRAT to BHP
    Well 55 control mode changed from LRAT to BHP
    Well 101 control mode changed from LRAT to BHP
    Well 18 control mode changed from LRAT to BHP
    Well 93 control mode changed from LRAT to BHP
    Well 82 control mode changed from LRAT to BHP
    Well 48 control mode changed from LRAT to BHP
    Well 54 control mode changed from LRAT to BHP
    Well 47 control mode changed from LRAT to BHP
    Well 90 control mode changed from LRAT to BHP
    Well 83 control mode changed from LRAT to BHP
    Well 85 control mode changed from LRAT to BHP
    Well 91 control mode changed from LRAT to BHP
    Well 96 control mode changed from LRAT to BHP
    Well 103 control mode changed from LRAT to BHP
    Well 11 control mode changed from LRAT to BHP
    Well 111 control mode changed from LRAT to BHP
    Well 20 control mode changed from LRAT to BHP
    Well 23 control mode changed from LRAT to BHP
    Well 24 control mode changed from LRAT to BHP
    Well 98 control mode changed from LRAT to BHP
    Well 99 control mode changed from LRAT to BHP
    Well 106 control mode changed from LRAT to BHP
    Well 107 control mode changed from LRAT to BHP
    Well 109 control mode changed from LRAT to BHP
 Newton its= 3, linearizations= 4 (2.0sec), linear its=  4 (1.7sec)

Report step 52/371 at day 2802/12511, date = 01-Feb-1999

Starting time step 0, stepsize 28 days, at day 2802/2830, date = 01-Feb-1999
    Well 1 control mode changed from LRAT to BHP
    Well 10 control mode changed from LRAT to BHP
    Well 2 control mode changed from LRAT to BHP
    Well 3 control mode changed from LRAT to BHP
    Well 46 control mode changed from LRAT to BHP
    Well 53 control mode changed from LRAT to BHP
    Well 6 control mode changed from LRAT to BHP
    Well 60 control mode changed from LRAT to BHP
    Well 7 control mode changed from LRAT to BHP
    Well 8 control mode changed from LRAT to BHP
    Well 52 control mode changed from LRAT to BHP
    Well 13 control mode changed from LRAT to BHP
    Well 43 control mode changed from LRAT to BHP
    Well 22 control mode changed from LRAT to BHP
    Well 78 control mode changed from LRAT to BHP
    Well 57 control mode changed from LRAT to BHP
    Well 65 control mode changed from LRAT to BHP
    Well 66 control mode changed from LRAT to BHP
    Well 88 control mode changed from LRAT to BHP
    Well 94 control mode changed from LRAT to BHP
    Well 56 control mode changed from LRAT to BHP
    Well 58 control mode changed from LRAT to BHP
    Well 67 control mode changed from LRAT to BHP
    Well 79 control mode changed from LRAT to BHP
    Well 95 control mode changed from LRAT to BHP
    Well 68 control mode changed from LRAT to BHP
    Well 89 control mode changed from LRAT to BHP
    Well 76 control mode changed from LRAT to BHP
    Well 77 control mode changed from LRAT to BHP
    Well 80 control mode changed from LRAT to BHP
    Well 27 control mode changed from LRAT to BHP
    Well 62 control mode changed from LRAT to BHP
    Well 63 control mode changed from LRAT to BHP
    Well 74 control mode changed from LRAT to BHP
    Well 75 control mode changed from LRAT to BHP
    Well 64 control mode changed from LRAT to BHP
    Well 100 control mode changed from LRAT to BHP
    Well 73 control mode changed from LRAT to BHP
    Well 81 control mode changed from LRAT to BHP
    Well 92 control mode changed from LRAT to BHP
    Well 55 control mode changed from LRAT to BHP
    Well 101 control mode changed from LRAT to BHP
    Well 18 control mode changed from LRAT to BHP
    Well 93 control mode changed from LRAT to BHP
    Well 82 control mode changed from LRAT to BHP
    Well 48 control mode changed from LRAT to BHP
    Well 54 control mode changed from LRAT to BHP
    Well 47 control mode changed from LRAT to BHP
    Well 90 control mode changed from LRAT to BHP
    Well 83 control mode changed from LRAT to BHP
    Well 85 control mode changed from LRAT to BHP
    Well 91 control mode changed from LRAT to BHP
    Well 96 control mode changed from LRAT to BHP
    Well 103 control mode changed from LRAT to BHP
    Well 11 control mode changed from LRAT to BHP
    Well 111 control mode changed from LRAT to BHP
    Well 20 control mode changed from LRAT to BHP
    Well 23 control mode changed from LRAT to BHP
    Well 24 control mode changed from LRAT to BHP
    Well 98 control mode changed from LRAT to BHP
    Well 99 control mode changed from LRAT to BHP
    Well 106 control mode changed from LRAT to BHP
    Well 107 control mode changed from LRAT to BHP
    Well 109 control mode changed from LRAT to BHP
 Newton its= 4, linearizations= 5 (2.5sec), linear its=  6 (2.5sec)

Report step 53/371 at day 2830/12511, date = 01-Mar-1999

Starting time step 0, stepsize 31 days, at day 2830/2861, date = 01-Mar-1999
    Well 1 control mode changed from LRAT to BHP
    Well 10 control mode changed from LRAT to BHP
    Well 2 control mode changed from LRAT to BHP
    Well 3 control mode changed from LRAT to BHP
    Well 46 control mode changed from LRAT to BHP
    Well 53 control mode changed from LRAT to BHP
    Well 6 control mode changed from LRAT to BHP
    Well 60 control mode changed from LRAT to BHP
    Well 7 control mode changed from LRAT to BHP
    Well 70 control mode changed from BHP to RATE
    Well 8 control mode changed from LRAT to BHP
    Well 52 control mode changed from LRAT to BHP
    Well 13 control mode changed from LRAT to BHP
    Well 43 control mode changed from LRAT to BHP
    Well 22 control mode changed from LRAT to BHP
    Well 78 control mode changed from LRAT to BHP
    Well 57 control mode changed from LRAT to BHP
    Well 65 control mode changed from LRAT to BHP
    Well 66 control mode changed from LRAT to BHP
    Well 88 control mode changed from LRAT to BHP
    Well 94 control mode changed from LRAT to BHP
    Well 56 control mode changed from LRAT to BHP
    Well 58 control mode changed from LRAT to BHP
    Well 67 control mode changed from LRAT to BHP
    Well 79 control mode changed from LRAT to BHP
    Well 95 control mode changed from LRAT to BHP
    Well 68 control mode changed from LRAT to BHP
    Well 89 control mode changed from LRAT to BHP
    Well 76 control mode changed from LRAT to BHP
    Well 77 control mode changed from LRAT to BHP
    Well 80 control mode changed from LRAT to BHP
    Well 27 control mode changed from LRAT to BHP
    Well 62 control mode changed from LRAT to BHP
    Well 63 control mode changed from LRAT to BHP
    Well 74 control mode changed from LRAT to BHP
    Well 75 control mode changed from LRAT to BHP
    Well 64 control mode changed from LRAT to BHP
    Well 100 control mode changed from LRAT to BHP
    Well 73 control mode changed from LRAT to BHP
    Well 81 control mode changed from LRAT to BHP
    Well 92 control mode changed from LRAT to BHP
    Well 55 control mode changed from LRAT to BHP
    Well 101 control mode changed from LRAT to BHP
    Well 18 control mode changed from LRAT to BHP
    Well 93 control mode changed from LRAT to BHP
    Well 82 control mode changed from LRAT to BHP
    Well 48 control mode changed from LRAT to BHP
    Well 54 control mode changed from LRAT to BHP
    Well 47 control mode changed from LRAT to BHP
    Well 90 control mode changed from LRAT to BHP
    Well 83 control mode changed from LRAT to BHP
    Well 85 control mode changed from LRAT to BHP
    Well 91 control mode changed from LRAT to BHP
    Well 96 control mode changed from LRAT to BHP
    Well 103 control mode changed from LRAT to BHP
    Well 11 control mode changed from LRAT to BHP
    Well 111 control mode changed from LRAT to BHP
    Well 20 control mode changed from LRAT to BHP
    Well 23 control mode changed from LRAT to BHP
    Well 24 control mode changed from LRAT to BHP
    Well 98 control mode changed from LRAT to BHP
    Well 99 control mode changed from LRAT to BHP
    Well 104 control mode changed from LRAT to BHP
    Well 106 control mode changed from LRAT to BHP
    Well 107 control mode changed from LRAT to BHP
    Well 109 control mode changed from LRAT to BHP
 Newton its= 2, linearizations= 3 (1.2sec), linear its=  3 (1.3sec)

Report step 54/371 at day 2861/12511, date = 01-Apr-1999

Starting time step 0, stepsize 30 days, at day 2861/2891, date = 01-Apr-1999
    Well 1 control mode changed from LRAT to BHP
    Well 10 control mode changed from LRAT to BHP
    Well 2 control mode changed from LRAT to BHP
    Well 3 control mode changed from LRAT to BHP
    Well 46 control mode changed from LRAT to BHP
    Well 53 control mode changed from LRAT to BHP
    Well 6 control mode changed from LRAT to BHP
    Well 60 control mode changed from LRAT to BHP
    Well 7 control mode changed from LRAT to BHP
    Well 8 control mode changed from LRAT to BHP
    Well 52 control mode changed from LRAT to BHP
    Well 13 control mode changed from LRAT to BHP
    Well 43 control mode changed from LRAT to BHP
    Well 22 control mode changed from LRAT to BHP
    Well 78 control mode changed from LRAT to BHP
    Well 57 control mode changed from LRAT to BHP
    Well 65 control mode changed from LRAT to BHP
    Well 66 control mode changed from LRAT to BHP
    Well 88 control mode changed from LRAT to BHP
    Well 94 control mode changed from LRAT to BHP
    Well 56 control mode changed from LRAT to BHP
    Well 58 control mode changed from LRAT to BHP
    Well 67 control mode changed from LRAT to BHP
    Well 79 control mode changed from LRAT to BHP
    Well 95 control mode changed from LRAT to BHP
    Well 68 control mode changed from LRAT to BHP
    Well 89 control mode changed from LRAT to BHP
    Well 76 control mode changed from LRAT to BHP
    Well 77 control mode changed from LRAT to BHP
    Well 80 control mode changed from LRAT to BHP
    Well 27 control mode changed from LRAT to BHP
    Well 62 control mode changed from LRAT to BHP
    Well 63 control mode changed from LRAT to BHP
    Well 74 control mode changed from LRAT to BHP
    Well 75 control mode changed from LRAT to BHP
    Well 64 control mode changed from LRAT to BHP
    Well 100 control mode changed from LRAT to BHP
    Well 73 control mode changed from LRAT to BHP
    Well 81 control mode changed from LRAT to BHP
    Well 92 control mode changed from LRAT to BHP
    Well 55 control mode changed from LRAT to BHP
    Well 101 control mode changed from LRAT to BHP
    Well 18 control mode changed from LRAT to BHP
    Well 93 control mode changed from LRAT to BHP
    Well 82 control mode changed from LRAT to BHP
    Well 48 control mode changed from LRAT to BHP
    Well 54 control mode changed from LRAT to BHP
    Well 47 control mode changed from LRAT to BHP
    Well 90 control mode changed from LRAT to BHP
    Well 83 control mode changed from LRAT to BHP
    Well 85 control mode changed from LRAT to BHP
    Well 91 control mode changed from LRAT to BHP
    Well 96 control mode changed from LRAT to BHP
    Well 103 control mode changed from LRAT to BHP
    Well 11 control mode changed from LRAT to BHP
    Well 111 control mode changed from LRAT to BHP
    Well 20 control mode changed from LRAT to BHP
    Well 23 control mode changed from LRAT to BHP
    Well 24 control mode changed from LRAT to BHP
    Well 98 control mode changed from LRAT to BHP
    Well 99 control mode changed from LRAT to BHP
    Well 104 control mode changed from LRAT to BHP
    Well 106 control mode changed from LRAT to BHP
    Well 107 control mode changed from LRAT to BHP
    Well 109 control mode changed from LRAT to BHP
 Newton its= 2, linearizations= 3 (1.4sec), linear its=  3 (1.1sec)

Report step 55/371 at day 2891/12511, date = 01-May-1999

Starting time step 0, stepsize 31 days, at day 2891/2922, date = 01-May-1999
    Well 1 control mode changed from LRAT to BHP
    Well 10 control mode changed from LRAT to BHP
    Well 2 control mode changed from LRAT to BHP
    Well 3 control mode changed from LRAT to BHP
    Well 46 control mode changed from LRAT to BHP
    Well 53 control mode changed from LRAT to BHP
    Well 6 control mode changed from LRAT to BHP
    Well 60 control mode changed from LRAT to BHP
    Well 7 control mode changed from LRAT to BHP
    Well 8 control mode changed from LRAT to BHP
    Well 52 control mode changed from LRAT to BHP
    Well 13 control mode changed from LRAT to BHP
    Well 43 control mode changed from LRAT to BHP
    Well 22 control mode changed from LRAT to BHP
    Well 78 control mode changed from LRAT to BHP
    Well 57 control mode changed from LRAT to BHP
    Well 65 control mode changed from LRAT to BHP
    Well 66 control mode changed from LRAT to BHP
    Well 88 control mode changed from LRAT to BHP
    Well 94 control mode changed from LRAT to BHP
    Well 56 control mode changed from LRAT to BHP
    Well 58 control mode changed from LRAT to BHP
    Well 67 control mode changed from LRAT to BHP
    Well 79 control mode changed from LRAT to BHP
    Well 95 control mode changed from LRAT to BHP
    Well 68 control mode changed from LRAT to BHP
    Well 89 control mode changed from LRAT to BHP
    Well 76 control mode changed from LRAT to BHP
    Well 77 control mode changed from LRAT to BHP
    Well 80 control mode changed from LRAT to BHP
    Well 27 control mode changed from LRAT to BHP
    Well 62 control mode changed from LRAT to BHP
    Well 63 control mode changed from LRAT to BHP
    Well 74 control mode changed from LRAT to BHP
    Well 75 control mode changed from LRAT to BHP
    Well 64 control mode changed from LRAT to BHP
    Well 100 control mode changed from LRAT to BHP
    Well 73 control mode changed from LRAT to BHP
    Well 81 control mode changed from LRAT to BHP
    Well 92 control mode changed from LRAT to BHP
    Well 55 control mode changed from LRAT to BHP
    Well 101 control mode changed from LRAT to BHP
    Well 18 control mode changed from LRAT to BHP
    Well 93 control mode changed from LRAT to BHP
    Well 82 control mode changed from LRAT to BHP
    Well 48 control mode changed from LRAT to BHP
    Well 54 control mode changed from LRAT to BHP
    Well 47 control mode changed from LRAT to BHP
    Well 90 control mode changed from LRAT to BHP
    Well 83 control mode changed from LRAT to BHP
    Well 85 control mode changed from LRAT to BHP
    Well 91 control mode changed from LRAT to BHP
    Well 96 control mode changed from LRAT to BHP
    Well 103 control mode changed from LRAT to BHP
    Well 11 control mode changed from LRAT to BHP
    Well 111 control mode changed from LRAT to BHP
    Well 20 control mode changed from LRAT to BHP
    Well 23 control mode changed from LRAT to BHP
    Well 24 control mode changed from LRAT to BHP
    Well 98 control mode changed from LRAT to BHP
    Well 99 control mode changed from LRAT to BHP
    Well 104 control mode changed from LRAT to BHP
    Well 106 control mode changed from LRAT to BHP
    Well 107 control mode changed from LRAT to BHP
    Well 109 control mode changed from LRAT to BHP
 Newton its= 2, linearizations= 3 (1.5sec), linear its=  3 (1.3sec)

Report step 56/371 at day 2922/12511, date = 01-Jun-1999

Starting time step 0, stepsize 30 days, at day 2922/2952, date = 01-Jun-1999
    Well 1 control mode changed from LRAT to BHP
    Well 10 control mode changed from LRAT to BHP
    Well 2 control mode changed from LRAT to BHP
    Well 3 control mode changed from LRAT to BHP
    Well 46 control mode changed from LRAT to BHP
    Well 53 control mode changed from LRAT to BHP
    Well 6 control mode changed from LRAT to BHP
    Well 60 control mode changed from LRAT to BHP
    Well 7 control mode changed from LRAT to BHP
    Well 8 control mode changed from LRAT to BHP
    Well 52 control mode changed from LRAT to BHP
    Well 13 control mode changed from LRAT to BHP
    Well 43 control mode changed from LRAT to BHP
    Well 22 control mode changed from LRAT to BHP
    Well 78 control mode changed from LRAT to BHP
    Well 57 control mode changed from LRAT to BHP
    Well 65 control mode changed from LRAT to BHP
    Well 66 control mode changed from LRAT to BHP
    Well 88 control mode changed from LRAT to BHP
    Well 94 control mode changed from LRAT to BHP
    Well 56 control mode changed from LRAT to BHP
    Well 58 control mode changed from LRAT to BHP
    Well 67 control mode changed from LRAT to BHP
    Well 79 control mode changed from LRAT to BHP
    Well 95 control mode changed from LRAT to BHP
    Well 68 control mode changed from LRAT to BHP
    Well 89 control mode changed from LRAT to BHP
    Well 76 control mode changed from LRAT to BHP
    Well 77 control mode changed from LRAT to BHP
    Well 80 control mode changed from LRAT to BHP
    Well 27 control mode changed from LRAT to BHP
    Well 62 control mode changed from LRAT to BHP
    Well 63 control mode changed from LRAT to BHP
    Well 74 control mode changed from LRAT to BHP
    Well 75 control mode changed from LRAT to BHP
    Well 64 control mode changed from LRAT to BHP
    Well 100 control mode changed from LRAT to BHP
    Well 73 control mode changed from LRAT to BHP
    Well 81 control mode changed from LRAT to BHP
    Well 92 control mode changed from LRAT to BHP
    Well 55 control mode changed from LRAT to BHP
    Well 101 control mode changed from LRAT to BHP
    Well 18 control mode changed from LRAT to BHP
    Well 93 control mode changed from LRAT to BHP
    Well 82 control mode changed from LRAT to BHP
    Well 48 control mode changed from LRAT to BHP
    Well 54 control mode changed from LRAT to BHP
    Well 47 control mode changed from LRAT to BHP
    Well 90 control mode changed from LRAT to BHP
    Well 83 control mode changed from LRAT to BHP
    Well 85 control mode changed from LRAT to BHP
    Well 91 control mode changed from LRAT to BHP
    Well 96 control mode changed from LRAT to BHP
    Well 103 control mode changed from LRAT to BHP
    Well 11 control mode changed from LRAT to BHP
    Well 111 control mode changed from LRAT to BHP
    Well 20 control mode changed from LRAT to BHP
    Well 23 control mode changed from LRAT to BHP
    Well 24 control mode changed from LRAT to BHP
    Well 98 control mode changed from LRAT to BHP
    Well 99 control mode changed from LRAT to BHP
    Well 104 control mode changed from LRAT to BHP
    Well 106 control mode changed from LRAT to BHP
    Well 107 control mode changed from LRAT to BHP
    Well 109 control mode changed from LRAT to BHP
Well 52 will be shut as it can not operate under current reservoir conditions.
 Newton its= 2, linearizations= 3 (1.5sec), linear its=  3 (1.2sec)

Report step 57/371 at day 2952/12511, date = 01-Jul-1999

Starting time step 0, stepsize 31 days, at day 2952/2983, date = 01-Jul-1999
    Well 1 control mode changed from LRAT to BHP
    Well 10 control mode changed from LRAT to BHP
    Well 2 control mode changed from LRAT to BHP
    Well 3 control mode changed from LRAT to BHP
    Well 46 control mode changed from LRAT to BHP
    Well 53 control mode changed from LRAT to BHP
    Well 6 control mode changed from LRAT to BHP
    Well 60 control mode changed from LRAT to BHP
    Well 7 control mode changed from LRAT to BHP
    Well 8 control mode changed from LRAT to BHP
    Well 52 control mode changed from LRAT to BHP
    Well 13 control mode changed from LRAT to BHP
    Well 43 control mode changed from LRAT to BHP
    Well 22 control mode changed from LRAT to BHP
    Well 78 control mode changed from LRAT to BHP
    Well 57 control mode changed from LRAT to BHP
    Well 65 control mode changed from LRAT to BHP
    Well 66 control mode changed from LRAT to BHP
    Well 88 control mode changed from LRAT to BHP
    Well 94 control mode changed from LRAT to BHP
    Well 56 control mode changed from LRAT to BHP
    Well 58 control mode changed from LRAT to BHP
    Well 67 control mode changed from LRAT to BHP
    Well 79 control mode changed from LRAT to BHP
    Well 95 control mode changed from LRAT to BHP
    Well 68 control mode changed from LRAT to BHP
    Well 89 control mode changed from LRAT to BHP
    Well 76 control mode changed from LRAT to BHP
    Well 77 control mode changed from LRAT to BHP
    Well 80 control mode changed from LRAT to BHP
    Well 27 control mode changed from LRAT to BHP
    Well 62 control mode changed from LRAT to BHP
    Well 63 control mode changed from LRAT to BHP
    Well 74 control mode changed from LRAT to BHP
    Well 75 control mode changed from LRAT to BHP
    Well 64 control mode changed from LRAT to BHP
    Well 100 control mode changed from LRAT to BHP
    Well 73 control mode changed from LRAT to BHP
    Well 81 control mode changed from LRAT to BHP
    Well 92 control mode changed from LRAT to BHP
    Well 55 control mode changed from LRAT to BHP
    Well 101 control mode changed from LRAT to BHP
    Well 18 control mode changed from LRAT to BHP
    Well 93 control mode changed from LRAT to BHP
    Well 82 control mode changed from LRAT to BHP
    Well 48 control mode changed from LRAT to BHP
    Well 54 control mode changed from LRAT to BHP
    Well 47 control mode changed from LRAT to BHP
    Well 90 control mode changed from LRAT to BHP
    Well 83 control mode changed from LRAT to BHP
    Well 85 control mode changed from LRAT to BHP
    Well 91 control mode changed from LRAT to BHP
    Well 96 control mode changed from LRAT to BHP
    Well 103 control mode changed from LRAT to BHP
    Well 11 control mode changed from LRAT to BHP
    Well 111 control mode changed from LRAT to BHP
    Well 20 control mode changed from LRAT to BHP
    Well 23 control mode changed from LRAT to BHP
    Well 24 control mode changed from LRAT to BHP
    Well 98 control mode changed from LRAT to BHP
    Well 99 control mode changed from LRAT to BHP
    Well 104 control mode changed from LRAT to BHP
    Well 106 control mode changed from LRAT to BHP
    Well 107 control mode changed from LRAT to BHP
    Well 109 control mode changed from LRAT to BHP
    Well 102 control mode changed from LRAT to BHP
    Well 108 control mode changed from LRAT to BHP
Well 52 will be shut as it can not operate under current reservoir conditions.
 Newton its= 2, linearizations= 3 (1.5sec), linear its=  3 (1.2sec)

Report step 58/371 at day 2983/12511, date = 01-Aug-1999

Starting time step 0, stepsize 31 days, at day 2983/3014, date = 01-Aug-1999
    Well 1 control mode changed from LRAT to BHP
    Well 10 control mode changed from LRAT to BHP
    Well 2 control mode changed from LRAT to BHP
    Well 3 control mode changed from LRAT to BHP
    Well 46 control mode changed from LRAT to BHP
    Well 53 control mode changed from LRAT to BHP
    Well 6 control mode changed from LRAT to BHP
    Well 60 control mode changed from LRAT to BHP
    Well 7 control mode changed from LRAT to BHP
    Well 8 control mode changed from LRAT to BHP
    Well 52 control mode changed from LRAT to BHP
    Well 13 control mode changed from LRAT to BHP
    Well 43 control mode changed from LRAT to BHP
    Well 22 control mode changed from LRAT to BHP
    Well 78 control mode changed from LRAT to BHP
    Well 57 control mode changed from LRAT to BHP
    Well 65 control mode changed from LRAT to BHP
    Well 66 control mode changed from LRAT to BHP
    Well 88 control mode changed from LRAT to BHP
    Well 94 control mode changed from LRAT to BHP
    Well 56 control mode changed from LRAT to BHP
    Well 58 control mode changed from LRAT to BHP
    Well 67 control mode changed from LRAT to BHP
    Well 79 control mode changed from LRAT to BHP
    Well 95 control mode changed from LRAT to BHP
    Well 68 control mode changed from LRAT to BHP
    Well 89 control mode changed from LRAT to BHP
    Well 76 control mode changed from LRAT to BHP
    Well 77 control mode changed from LRAT to BHP
    Well 80 control mode changed from LRAT to BHP
    Well 27 control mode changed from LRAT to BHP
    Well 62 control mode changed from LRAT to BHP
    Well 63 control mode changed from LRAT to BHP
    Well 74 control mode changed from LRAT to BHP
    Well 75 control mode changed from LRAT to BHP
    Well 64 control mode changed from LRAT to BHP
    Well 100 control mode changed from LRAT to BHP
    Well 73 control mode changed from LRAT to BHP
    Well 81 control mode changed from LRAT to BHP
    Well 92 control mode changed from LRAT to BHP
    Well 55 control mode changed from LRAT to BHP
    Well 101 control mode changed from LRAT to BHP
    Well 18 control mode changed from LRAT to BHP
    Well 93 control mode changed from LRAT to BHP
    Well 82 control mode changed from LRAT to BHP
    Well 48 control mode changed from LRAT to BHP
    Well 54 control mode changed from LRAT to BHP
    Well 47 control mode changed from LRAT to BHP
    Well 90 control mode changed from LRAT to BHP
    Well 83 control mode changed from LRAT to BHP
    Well 85 control mode changed from LRAT to BHP
    Well 91 control mode changed from LRAT to BHP
    Well 96 control mode changed from LRAT to BHP
    Well 103 control mode changed from LRAT to BHP
    Well 11 control mode changed from LRAT to BHP
    Well 111 control mode changed from LRAT to BHP
    Well 20 control mode changed from LRAT to BHP
    Well 23 control mode changed from LRAT to BHP
    Well 24 control mode changed from LRAT to BHP
    Well 98 control mode changed from LRAT to BHP
    Well 99 control mode changed from LRAT to BHP
    Well 104 control mode changed from LRAT to BHP
    Well 106 control mode changed from LRAT to BHP
    Well 107 control mode changed from LRAT to BHP
    Well 109 control mode changed from LRAT to BHP
    Well 102 control mode changed from LRAT to BHP
    Well 108 control mode changed from LRAT to BHP
 Newton its= 2, linearizations= 3 (1.7sec), linear its=  3 (1.6sec)

Report step 59/371 at day 3014/12511, date = 01-Sep-1999

Starting time step 0, stepsize 30 days, at day 3014/3044, date = 01-Sep-1999
    Well 1 control mode changed from LRAT to BHP
    Well 10 control mode changed from LRAT to BHP
    Well 2 control mode changed from LRAT to BHP
    Well 3 control mode changed from LRAT to BHP
    Well 46 control mode changed from LRAT to BHP
    Well 53 control mode changed from LRAT to BHP
    Well 6 control mode changed from LRAT to BHP
    Well 60 control mode changed from LRAT to BHP
    Well 7 control mode changed from LRAT to BHP
    Well 8 control mode changed from LRAT to BHP
    Well 52 control mode changed from LRAT to BHP
    Well 13 control mode changed from LRAT to BHP
    Well 43 control mode changed from LRAT to BHP
    Well 22 control mode changed from LRAT to BHP
    Well 78 control mode changed from LRAT to BHP
    Well 57 control mode changed from LRAT to BHP
    Well 65 control mode changed from LRAT to BHP
    Well 66 control mode changed from LRAT to BHP
    Well 88 control mode changed from LRAT to BHP
    Well 94 control mode changed from LRAT to BHP
    Well 56 control mode changed from LRAT to BHP
    Well 58 control mode changed from LRAT to BHP
    Well 67 control mode changed from LRAT to BHP
    Well 79 control mode changed from LRAT to BHP
    Well 95 control mode changed from LRAT to BHP
    Well 68 control mode changed from LRAT to BHP
    Well 89 control mode changed from LRAT to BHP
    Well 76 control mode changed from LRAT to BHP
    Well 77 control mode changed from LRAT to BHP
    Well 80 control mode changed from LRAT to BHP
    Well 27 control mode changed from LRAT to BHP
    Well 62 control mode changed from LRAT to BHP
    Well 63 control mode changed from LRAT to BHP
    Well 74 control mode changed from LRAT to BHP
    Well 75 control mode changed from LRAT to BHP
    Well 64 control mode changed from LRAT to BHP
    Well 100 control mode changed from LRAT to BHP
    Well 73 control mode changed from LRAT to BHP
    Well 81 control mode changed from LRAT to BHP
    Well 92 control mode changed from LRAT to BHP
    Well 55 control mode changed from LRAT to BHP
    Well 101 control mode changed from LRAT to BHP
    Well 18 control mode changed from LRAT to BHP
    Well 93 control mode changed from LRAT to BHP
    Well 82 control mode changed from LRAT to BHP
    Well 48 control mode changed from LRAT to BHP
    Well 54 control mode changed from LRAT to BHP
    Well 47 control mode changed from LRAT to BHP
    Well 90 control mode changed from LRAT to BHP
    Well 83 control mode changed from LRAT to BHP
    Well 85 control mode changed from LRAT to BHP
    Well 91 control mode changed from LRAT to BHP
    Well 96 control mode changed from LRAT to BHP
    Well 103 control mode changed from LRAT to BHP
    Well 11 control mode changed from LRAT to BHP
    Well 111 control mode changed from LRAT to BHP
    Well 20 control mode changed from LRAT to BHP
    Well 23 control mode changed from LRAT to BHP
    Well 24 control mode changed from LRAT to BHP
    Well 98 control mode changed from LRAT to BHP
    Well 99 control mode changed from LRAT to BHP
    Well 104 control mode changed from LRAT to BHP
    Well 106 control mode changed from LRAT to BHP
    Well 107 control mode changed from LRAT to BHP
    Well 109 control mode changed from LRAT to BHP
    Well 102 control mode changed from LRAT to BHP
    Well 108 control mode changed from LRAT to BHP
 Newton its= 2, linearizations= 3 (1.2sec), linear its=  3 (1.1sec)

Report step 60/371 at day 3044/12511, date = 01-Oct-1999

Starting time step 0, stepsize 31 days, at day 3044/3075, date = 01-Oct-1999
    Well 1 control mode changed from LRAT to BHP
    Well 10 control mode changed from LRAT to BHP
    Well 2 control mode changed from LRAT to BHP
    Well 3 control mode changed from LRAT to BHP
    Well 46 control mode changed from LRAT to BHP
    Well 53 control mode changed from LRAT to BHP
    Well 6 control mode changed from LRAT to BHP
    Well 60 control mode changed from LRAT to BHP
    Well 7 control mode changed from LRAT to BHP
    Well 8 control mode changed from LRAT to BHP
    Well 52 control mode changed from LRAT to BHP
    Well 13 control mode changed from LRAT to BHP
    Well 43 control mode changed from LRAT to BHP
    Well 22 control mode changed from LRAT to BHP
    Well 78 control mode changed from LRAT to BHP
    Well 57 control mode changed from LRAT to BHP
    Well 65 control mode changed from LRAT to BHP
    Well 66 control mode changed from LRAT to BHP
    Well 88 control mode changed from LRAT to BHP
    Well 94 control mode changed from LRAT to BHP
    Well 56 control mode changed from LRAT to BHP
    Well 58 control mode changed from LRAT to BHP
    Well 67 control mode changed from LRAT to BHP
    Well 79 control mode changed from LRAT to BHP
    Well 95 control mode changed from LRAT to BHP
    Well 68 control mode changed from LRAT to BHP
    Well 89 control mode changed from LRAT to BHP
    Well 76 control mode changed from LRAT to BHP
    Well 77 control mode changed from LRAT to BHP
    Well 80 control mode changed from LRAT to BHP
    Well 27 control mode changed from LRAT to BHP
    Well 62 control mode changed from LRAT to BHP
    Well 63 control mode changed from LRAT to BHP
    Well 74 control mode changed from LRAT to BHP
    Well 75 control mode changed from LRAT to BHP
    Well 64 control mode changed from LRAT to BHP
    Well 100 control mode changed from LRAT to BHP
    Well 73 control mode changed from LRAT to BHP
    Well 81 control mode changed from LRAT to BHP
    Well 92 control mode changed from LRAT to BHP
    Well 55 control mode changed from LRAT to BHP
    Well 101 control mode changed from LRAT to BHP
    Well 18 control mode changed from LRAT to BHP
    Well 93 control mode changed from LRAT to BHP
    Well 82 control mode changed from LRAT to BHP
    Well 48 control mode changed from LRAT to BHP
    Well 54 control mode changed from LRAT to BHP
    Well 47 control mode changed from LRAT to BHP
    Well 90 control mode changed from LRAT to BHP
    Well 83 control mode changed from LRAT to BHP
    Well 85 control mode changed from LRAT to BHP
    Well 91 control mode changed from LRAT to BHP
    Well 96 control mode changed from LRAT to BHP
    Well 103 control mode changed from LRAT to BHP
    Well 11 control mode changed from LRAT to BHP
    Well 111 control mode changed from LRAT to BHP
    Well 20 control mode changed from LRAT to BHP
    Well 23 control mode changed from LRAT to BHP
    Well 24 control mode changed from LRAT to BHP
    Well 98 control mode changed from LRAT to BHP
    Well 99 control mode changed from LRAT to BHP
    Well 104 control mode changed from LRAT to BHP
    Well 106 control mode changed from LRAT to BHP
    Well 107 control mode changed from LRAT to BHP
    Well 109 control mode changed from LRAT to BHP
    Well 102 control mode changed from LRAT to BHP
    Well 108 control mode changed from LRAT to BHP
    Well 86 control mode changed from LRAT to BHP
Well 52 will be shut as it can not operate under current reservoir conditions.
 Newton its= 2, linearizations= 3 (1.5sec), linear its=  3 (1.3sec)

Report step 61/371 at day 3075/12511, date = 01-Nov-1999

Starting time step 0, stepsize 30 days, at day 3075/3105, date = 01-Nov-1999
    Well 1 control mode changed from LRAT to BHP
    Well 10 control mode changed from LRAT to BHP
    Well 2 control mode changed from LRAT to BHP
    Well 3 control mode changed from LRAT to BHP
    Well 46 control mode changed from LRAT to BHP
    Well 53 control mode changed from LRAT to BHP
    Well 6 control mode changed from LRAT to BHP
    Well 60 control mode changed from LRAT to BHP
    Well 7 control mode changed from LRAT to BHP
    Well 8 control mode changed from LRAT to BHP
    Well 52 control mode changed from LRAT to BHP
    Well 13 control mode changed from LRAT to BHP
    Well 43 control mode changed from LRAT to BHP
    Well 22 control mode changed from LRAT to BHP
    Well 78 control mode changed from LRAT to BHP
    Well 57 control mode changed from LRAT to BHP
    Well 65 control mode changed from LRAT to BHP
    Well 66 control mode changed from LRAT to BHP
    Well 88 control mode changed from LRAT to BHP
    Well 94 control mode changed from LRAT to BHP
    Well 56 control mode changed from LRAT to BHP
    Well 58 control mode changed from LRAT to BHP
    Well 67 control mode changed from LRAT to BHP
    Well 79 control mode changed from LRAT to BHP
    Well 95 control mode changed from LRAT to BHP
    Well 68 control mode changed from LRAT to BHP
    Well 89 control mode changed from LRAT to BHP
    Well 76 control mode changed from LRAT to BHP
    Well 77 control mode changed from LRAT to BHP
    Well 80 control mode changed from LRAT to BHP
    Well 27 control mode changed from LRAT to BHP
    Well 62 control mode changed from LRAT to BHP
    Well 63 control mode changed from LRAT to BHP
    Well 74 control mode changed from LRAT to BHP
    Well 75 control mode changed from LRAT to BHP
    Well 64 control mode changed from LRAT to BHP
    Well 100 control mode changed from LRAT to BHP
    Well 73 control mode changed from LRAT to BHP
    Well 81 control mode changed from LRAT to BHP
    Well 92 control mode changed from LRAT to BHP
    Well 55 control mode changed from LRAT to BHP
    Well 101 control mode changed from LRAT to BHP
    Well 18 control mode changed from LRAT to BHP
    Well 93 control mode changed from LRAT to BHP
    Well 82 control mode changed from LRAT to BHP
    Well 48 control mode changed from LRAT to BHP
    Well 54 control mode changed from LRAT to BHP
    Well 47 control mode changed from LRAT to BHP
    Well 90 control mode changed from LRAT to BHP
    Well 83 control mode changed from LRAT to BHP
    Well 85 control mode changed from LRAT to BHP
    Well 91 control mode changed from LRAT to BHP
    Well 96 control mode changed from LRAT to BHP
    Well 103 control mode changed from LRAT to BHP
    Well 11 control mode changed from LRAT to BHP
    Well 111 control mode changed from LRAT to BHP
    Well 20 control mode changed from LRAT to BHP
    Well 23 control mode changed from LRAT to BHP
    Well 24 control mode changed from LRAT to BHP
    Well 98 control mode changed from LRAT to BHP
    Well 99 control mode changed from LRAT to BHP
    Well 104 control mode changed from LRAT to BHP
    Well 106 control mode changed from LRAT to BHP
    Well 107 control mode changed from LRAT to BHP
    Well 109 control mode changed from LRAT to BHP
    Well 102 control mode changed from LRAT to BHP
    Well 108 control mode changed from LRAT to BHP
    Well 86 control mode changed from LRAT to BHP
Well 52 will be shut as it can not operate under current reservoir conditions.
 Newton its= 2, linearizations= 3 (1.6sec), linear its=  3 (1.2sec)

Report step 62/371 at day 3105/12511, date = 01-Dec-1999

Starting time step 0, stepsize 31 days, at day 3105/3136, date = 01-Dec-1999
    Well 1 control mode changed from LRAT to BHP
    Well 10 control mode changed from LRAT to BHP
    Well 2 control mode changed from LRAT to BHP
    Well 3 control mode changed from LRAT to BHP
    Well 46 control mode changed from LRAT to BHP
    Well 53 control mode changed from LRAT to BHP
    Well 6 control mode changed from LRAT to BHP
    Well 60 control mode changed from LRAT to BHP
    Well 7 control mode changed from LRAT to BHP
    Well 8 control mode changed from LRAT to BHP
    Well 52 control mode changed from LRAT to BHP
    Well 13 control mode changed from LRAT to BHP
    Well 43 control mode changed from LRAT to BHP
    Well 22 control mode changed from LRAT to BHP
    Well 78 control mode changed from LRAT to BHP
    Well 57 control mode changed from LRAT to BHP
    Well 65 control mode changed from LRAT to BHP
    Well 66 control mode changed from LRAT to BHP
    Well 88 control mode changed from LRAT to BHP
    Well 94 control mode changed from LRAT to BHP
    Well 56 control mode changed from LRAT to BHP
    Well 58 control mode changed from LRAT to BHP
    Well 67 control mode changed from LRAT to BHP
    Well 79 control mode changed from LRAT to BHP
    Well 95 control mode changed from LRAT to BHP
    Well 68 control mode changed from LRAT to BHP
    Well 89 control mode changed from LRAT to BHP
    Well 76 control mode changed from LRAT to BHP
    Well 77 control mode changed from LRAT to BHP
    Well 80 control mode changed from LRAT to BHP
    Well 27 control mode changed from LRAT to BHP
    Well 62 control mode changed from LRAT to BHP
    Well 63 control mode changed from LRAT to BHP
    Well 74 control mode changed from LRAT to BHP
    Well 75 control mode changed from LRAT to BHP
    Well 64 control mode changed from LRAT to BHP
    Well 100 control mode changed from LRAT to BHP
    Well 73 control mode changed from LRAT to BHP
    Well 81 control mode changed from LRAT to BHP
    Well 92 control mode changed from LRAT to BHP
    Well 55 control mode changed from LRAT to BHP
    Well 101 control mode changed from LRAT to BHP
    Well 18 control mode changed from LRAT to BHP
    Well 93 control mode changed from LRAT to BHP
    Well 82 control mode changed from LRAT to BHP
    Well 48 control mode changed from LRAT to BHP
    Well 54 control mode changed from LRAT to BHP
    Well 47 control mode changed from LRAT to BHP
    Well 90 control mode changed from LRAT to BHP
    Well 83 control mode changed from LRAT to BHP
    Well 85 control mode changed from LRAT to BHP
    Well 91 control mode changed from LRAT to BHP
    Well 96 control mode changed from LRAT to BHP
    Well 103 control mode changed from LRAT to BHP
    Well 11 control mode changed from LRAT to BHP
    Well 111 control mode changed from LRAT to BHP
    Well 20 control mode changed from LRAT to BHP
    Well 23 control mode changed from LRAT to BHP
    Well 24 control mode changed from LRAT to BHP
    Well 98 control mode changed from LRAT to BHP
    Well 99 control mode changed from LRAT to BHP
    Well 104 control mode changed from LRAT to BHP
    Well 106 control mode changed from LRAT to BHP
    Well 107 control mode changed from LRAT to BHP
    Well 109 control mode changed from LRAT to BHP
    Well 102 control mode changed from LRAT to BHP
    Well 108 control mode changed from LRAT to BHP
    Well 86 control mode changed from LRAT to BHP
 Newton its= 2, linearizations= 3 (1.4sec), linear its=  3 (2.1sec)

Report step 63/371 at day 3136/12511, date = 01-Jan-2000

Starting time step 0, stepsize 31 days, at day 3136/3167, date = 01-Jan-2000
    Well 1 control mode changed from LRAT to BHP
    Well 10 control mode changed from LRAT to BHP
    Well 2 control mode changed from LRAT to BHP
    Well 3 control mode changed from LRAT to BHP
    Well 46 control mode changed from LRAT to BHP
    Well 53 control mode changed from LRAT to BHP
    Well 6 control mode changed from LRAT to BHP
    Well 60 control mode changed from LRAT to BHP
    Well 7 control mode changed from LRAT to BHP
    Well 8 control mode changed from LRAT to BHP
    Well 52 control mode changed from LRAT to BHP
    Well 13 control mode changed from LRAT to BHP
    Well 43 control mode changed from LRAT to BHP
    Well 22 control mode changed from LRAT to BHP
    Well 78 control mode changed from LRAT to BHP
    Well 57 control mode changed from LRAT to BHP
    Well 65 control mode changed from LRAT to BHP
    Well 66 control mode changed from LRAT to BHP
    Well 88 control mode changed from LRAT to BHP
    Well 94 control mode changed from LRAT to BHP
    Well 56 control mode changed from LRAT to BHP
    Well 58 control mode changed from LRAT to BHP
    Well 67 control mode changed from LRAT to BHP
    Well 79 control mode changed from LRAT to BHP
    Well 95 control mode changed from LRAT to BHP
    Well 68 control mode changed from LRAT to BHP
    Well 89 control mode changed from LRAT to BHP
    Well 76 control mode changed from LRAT to BHP
    Well 77 control mode changed from LRAT to BHP
    Well 80 control mode changed from LRAT to BHP
    Well 27 control mode changed from LRAT to BHP
    Well 62 control mode changed from LRAT to BHP
    Well 63 control mode changed from LRAT to BHP
    Well 74 control mode changed from LRAT to BHP
    Well 75 control mode changed from LRAT to BHP
    Well 64 control mode changed from LRAT to BHP
    Well 100 control mode changed from LRAT to BHP
    Well 73 control mode changed from LRAT to BHP
    Well 81 control mode changed from LRAT to BHP
    Well 92 control mode changed from LRAT to BHP
    Well 55 control mode changed from LRAT to BHP
    Well 101 control mode changed from LRAT to BHP
    Well 18 control mode changed from LRAT to BHP
    Well 93 control mode changed from LRAT to BHP
    Well 82 control mode changed from LRAT to BHP
    Well 48 control mode changed from LRAT to BHP
    Well 54 control mode changed from LRAT to BHP
    Well 47 control mode changed from LRAT to BHP
    Well 90 control mode changed from LRAT to BHP
    Well 83 control mode changed from LRAT to BHP
    Well 85 control mode changed from LRAT to BHP
    Well 91 control mode changed from LRAT to BHP
    Well 96 control mode changed from LRAT to BHP
    Well 103 control mode changed from LRAT to BHP
    Well 11 control mode changed from LRAT to BHP
    Well 111 control mode changed from LRAT to BHP
    Well 20 control mode changed from LRAT to BHP
    Well 23 control mode changed from LRAT to BHP
    Well 24 control mode changed from LRAT to BHP
    Well 98 control mode changed from LRAT to BHP
    Well 99 control mode changed from LRAT to BHP
    Well 104 control mode changed from LRAT to BHP
    Well 106 control mode changed from LRAT to BHP
    Well 107 control mode changed from LRAT to BHP
    Well 109 control mode changed from LRAT to BHP
    Well 102 control mode changed from LRAT to BHP
    Well 108 control mode changed from LRAT to BHP
    Well 86 control mode changed from LRAT to BHP
 Newton its= 2, linearizations= 3 (1.3sec), linear its=  3 (1.3sec)

Report step 64/371 at day 3167/12511, date = 01-Feb-2000

Starting time step 0, stepsize 29 days, at day 3167/3196, date = 01-Feb-2000
    Well 1 control mode changed from LRAT to BHP
    Well 10 control mode changed from LRAT to BHP
    Well 2 control mode changed from LRAT to BHP
    Well 3 control mode changed from LRAT to BHP
    Well 46 control mode changed from LRAT to BHP
    Well 53 control mode changed from LRAT to BHP
    Well 6 control mode changed from LRAT to BHP
    Well 60 control mode changed from LRAT to BHP
    Well 7 control mode changed from LRAT to BHP
    Well 8 control mode changed from LRAT to BHP
    Well 52 control mode changed from LRAT to BHP
    Well 13 control mode changed from LRAT to BHP
    Well 43 control mode changed from LRAT to BHP
    Well 22 control mode changed from LRAT to BHP
    Well 78 control mode changed from LRAT to BHP
    Well 57 control mode changed from LRAT to BHP
    Well 65 control mode changed from LRAT to BHP
    Well 66 control mode changed from LRAT to BHP
    Well 88 control mode changed from LRAT to BHP
    Well 94 control mode changed from LRAT to BHP
    Well 56 control mode changed from LRAT to BHP
    Well 58 control mode changed from LRAT to BHP
    Well 67 control mode changed from LRAT to BHP
    Well 79 control mode changed from LRAT to BHP
    Well 95 control mode changed from LRAT to BHP
    Well 68 control mode changed from LRAT to BHP
    Well 89 control mode changed from LRAT to BHP
    Well 76 control mode changed from LRAT to BHP
    Well 77 control mode changed from LRAT to BHP
    Well 80 control mode changed from LRAT to BHP
    Well 27 control mode changed from LRAT to BHP
    Well 62 control mode changed from LRAT to BHP
    Well 63 control mode changed from LRAT to BHP
    Well 74 control mode changed from LRAT to BHP
    Well 75 control mode changed from LRAT to BHP
    Well 64 control mode changed from LRAT to BHP
    Well 100 control mode changed from LRAT to BHP
    Well 73 control mode changed from LRAT to BHP
    Well 81 control mode changed from LRAT to BHP
    Well 92 control mode changed from LRAT to BHP
    Well 55 control mode changed from LRAT to BHP
    Well 101 control mode changed from LRAT to BHP
    Well 18 control mode changed from LRAT to BHP
    Well 93 control mode changed from LRAT to BHP
    Well 82 control mode changed from LRAT to BHP
    Well 48 control mode changed from LRAT to BHP
    Well 54 control mode changed from LRAT to BHP
    Well 47 control mode changed from LRAT to BHP
    Well 90 control mode changed from LRAT to BHP
    Well 83 control mode changed from LRAT to BHP
    Well 85 control mode changed from LRAT to BHP
    Well 91 control mode changed from LRAT to BHP
    Well 96 control mode changed from LRAT to BHP
    Well 103 control mode changed from LRAT to BHP
    Well 11 control mode changed from LRAT to BHP
    Well 111 control mode changed from LRAT to BHP
    Well 20 control mode changed from LRAT to BHP
    Well 23 control mode changed from LRAT to BHP
    Well 24 control mode changed from LRAT to BHP
    Well 98 control mode changed from LRAT to BHP
    Well 99 control mode changed from LRAT to BHP
    Well 104 control mode changed from LRAT to BHP
    Well 106 control mode changed from LRAT to BHP
    Well 107 control mode changed from LRAT to BHP
    Well 109 control mode changed from LRAT to BHP
    Well 102 control mode changed from LRAT to BHP
    Well 108 control mode changed from LRAT to BHP
    Well 86 control mode changed from LRAT to BHP
 Newton its= 2, linearizations= 3 (1.4sec), linear its=  3 (1.3sec)

Report step 65/371 at day 3196/12511, date = 01-Mar-2000

Starting time step 0, stepsize 31 days, at day 3196/3227, date = 01-Mar-2000
    Well 1 control mode changed from LRAT to BHP
    Well 10 control mode changed from LRAT to BHP
    Well 2 control mode changed from LRAT to BHP
    Well 3 control mode changed from LRAT to BHP
    Well 46 control mode changed from LRAT to BHP
    Well 53 control mode changed from LRAT to BHP
    Well 6 control mode changed from LRAT to BHP
    Well 60 control mode changed from LRAT to BHP
    Well 7 control mode changed from LRAT to BHP
    Well 8 control mode changed from LRAT to BHP
    Well 52 control mode changed from LRAT to BHP
    Well 13 control mode changed from LRAT to BHP
    Well 43 control mode changed from LRAT to BHP
    Well 22 control mode changed from LRAT to BHP
    Well 78 control mode changed from LRAT to BHP
    Well 57 control mode changed from LRAT to BHP
    Well 65 control mode changed from LRAT to BHP
    Well 66 control mode changed from LRAT to BHP
    Well 88 control mode changed from LRAT to BHP
    Well 94 control mode changed from LRAT to BHP
    Well 56 control mode changed from LRAT to BHP
    Well 58 control mode changed from LRAT to BHP
    Well 67 control mode changed from LRAT to BHP
    Well 79 control mode changed from LRAT to BHP
    Well 95 control mode changed from LRAT to BHP
    Well 68 control mode changed from LRAT to BHP
    Well 89 control mode changed from LRAT to BHP
    Well 76 control mode changed from LRAT to BHP
    Well 77 control mode changed from LRAT to BHP
    Well 80 control mode changed from LRAT to BHP
    Well 27 control mode changed from LRAT to BHP
    Well 62 control mode changed from LRAT to BHP
    Well 63 control mode changed from LRAT to BHP
    Well 74 control mode changed from LRAT to BHP
    Well 75 control mode changed from LRAT to BHP
    Well 64 control mode changed from LRAT to BHP
    Well 100 control mode changed from LRAT to BHP
    Well 73 control mode changed from LRAT to BHP
    Well 81 control mode changed from LRAT to BHP
    Well 92 control mode changed from LRAT to BHP
    Well 55 control mode changed from LRAT to BHP
    Well 101 control mode changed from LRAT to BHP
    Well 18 control mode changed from LRAT to BHP
    Well 93 control mode changed from LRAT to BHP
    Well 82 control mode changed from LRAT to BHP
    Well 48 control mode changed from LRAT to BHP
    Well 54 control mode changed from LRAT to BHP
    Well 47 control mode changed from LRAT to BHP
    Well 90 control mode changed from LRAT to BHP
    Well 83 control mode changed from LRAT to BHP
    Well 85 control mode changed from LRAT to BHP
    Well 91 control mode changed from LRAT to BHP
    Well 96 control mode changed from LRAT to BHP
    Well 103 control mode changed from LRAT to BHP
    Well 11 control mode changed from LRAT to BHP
    Well 111 control mode changed from LRAT to BHP
    Well 20 control mode changed from LRAT to BHP
    Well 23 control mode changed from LRAT to BHP
    Well 24 control mode changed from LRAT to BHP
    Well 98 control mode changed from LRAT to BHP
    Well 99 control mode changed from LRAT to BHP
    Well 104 control mode changed from LRAT to BHP
    Well 106 control mode changed from LRAT to BHP
    Well 107 control mode changed from LRAT to BHP
    Well 109 control mode changed from LRAT to BHP
    Well 102 control mode changed from LRAT to BHP
    Well 108 control mode changed from LRAT to BHP
    Well 86 control mode changed from LRAT to BHP
Well 52 will be shut as it can not operate under current reservoir conditions.
 Newton its= 2, linearizations= 3 (1.3sec), linear its=  3 (1.3sec)

Report step 66/371 at day 3227/12511, date = 01-Apr-2000

Starting time step 0, stepsize 30 days, at day 3227/3257, date = 01-Apr-2000
    Well 1 control mode changed from LRAT to BHP
    Well 10 control mode changed from LRAT to BHP
    Well 2 control mode changed from LRAT to BHP
    Well 3 control mode changed from LRAT to BHP
    Well 46 control mode changed from LRAT to BHP
    Well 53 control mode changed from LRAT to BHP
    Well 6 control mode changed from LRAT to BHP
    Well 60 control mode changed from LRAT to BHP
    Well 7 control mode changed from LRAT to BHP
    Well 8 control mode changed from LRAT to BHP
    Well 52 control mode changed from LRAT to BHP
    Well 13 control mode changed from LRAT to BHP
    Well 43 control mode changed from LRAT to BHP
    Well 22 control mode changed from LRAT to BHP
    Well 78 control mode changed from LRAT to BHP
    Well 57 control mode changed from LRAT to BHP
    Well 65 control mode changed from LRAT to BHP
    Well 66 control mode changed from LRAT to BHP
    Well 88 control mode changed from LRAT to BHP
    Well 94 control mode changed from LRAT to BHP
    Well 56 control mode changed from LRAT to BHP
    Well 58 control mode changed from LRAT to BHP
    Well 67 control mode changed from LRAT to BHP
    Well 79 control mode changed from LRAT to BHP
    Well 95 control mode changed from LRAT to BHP
    Well 68 control mode changed from LRAT to BHP
    Well 89 control mode changed from LRAT to BHP
    Well 76 control mode changed from LRAT to BHP
    Well 77 control mode changed from LRAT to BHP
    Well 80 control mode changed from LRAT to BHP
    Well 27 control mode changed from LRAT to BHP
    Well 62 control mode changed from LRAT to BHP
    Well 63 control mode changed from LRAT to BHP
    Well 74 control mode changed from LRAT to BHP
    Well 75 control mode changed from LRAT to BHP
    Well 64 control mode changed from LRAT to BHP
    Well 100 control mode changed from LRAT to BHP
    Well 73 control mode changed from LRAT to BHP
    Well 81 control mode changed from LRAT to BHP
    Well 92 control mode changed from LRAT to BHP
    Well 55 control mode changed from LRAT to BHP
    Well 101 control mode changed from LRAT to BHP
    Well 18 control mode changed from LRAT to BHP
    Well 93 control mode changed from LRAT to BHP
    Well 82 control mode changed from LRAT to BHP
    Well 48 control mode changed from LRAT to BHP
    Well 54 control mode changed from LRAT to BHP
    Well 47 control mode changed from LRAT to BHP
    Well 90 control mode changed from LRAT to BHP
    Well 83 control mode changed from LRAT to BHP
    Well 85 control mode changed from LRAT to BHP
    Well 91 control mode changed from LRAT to BHP
    Well 96 control mode changed from LRAT to BHP
    Well 103 control mode changed from LRAT to BHP
    Well 11 control mode changed from LRAT to BHP
    Well 111 control mode changed from LRAT to BHP
    Well 20 control mode changed from LRAT to BHP
    Well 23 control mode changed from LRAT to BHP
    Well 24 control mode changed from LRAT to BHP
    Well 98 control mode changed from LRAT to BHP
    Well 99 control mode changed from LRAT to BHP
    Well 104 control mode changed from LRAT to BHP
    Well 106 control mode changed from LRAT to BHP
    Well 107 control mode changed from LRAT to BHP
    Well 109 control mode changed from LRAT to BHP
    Well 102 control mode changed from LRAT to BHP
    Well 108 control mode changed from LRAT to BHP
    Well 86 control mode changed from LRAT to BHP
Well 52 will be shut as it can not operate under current reservoir conditions.
 Newton its= 2, linearizations= 3 (1.2sec), linear its=  3 (1.3sec)

Report step 67/371 at day 3257/12511, date = 01-May-2000

Starting time step 0, stepsize 31 days, at day 3257/3288, date = 01-May-2000
    Oscillating behavior detected: Relaxation set to 0.900000
    Oscillating behavior detected: Relaxation set to 0.800000
    Oscillating behavior detected: Relaxation set to 0.700000
    Oscillating behavior detected: Relaxation set to 0.600000
    Oscillating behavior detected: Relaxation set to 0.500000
    Oscillating behavior detected: Relaxation set to 0.500000
    Oscillating behavior detected: Relaxation set to 0.500000
    The control mode for well 59 is oscillating. 
We don't allow for more than 3 switches after NUPCOL iterations. (NUPCOL = 3) 
The control is kept at RATE.

Problem: Solver convergence failure - Iteration limit reached
Timestep chopped to 10.23 days


Starting time step 0, stepsize 10.23 days, at day 3257/3288, date = 01-May-2000
    Oscillating behavior detected: Relaxation set to 0.900000
    Well 1 control mode changed from LRAT to BHP
    Well 10 control mode changed from LRAT to BHP
    Well 2 control mode changed from LRAT to BHP
    Well 3 control mode changed from LRAT to BHP
    Well 46 control mode changed from LRAT to BHP
    Well 53 control mode changed from LRAT to BHP
    Well 6 control mode changed from LRAT to BHP
    Well 60 control mode changed from LRAT to BHP
    Well 7 control mode changed from LRAT to BHP
    Well 8 control mode changed from LRAT to BHP
    Well 52 control mode changed from LRAT to BHP
    Well 13 control mode changed from LRAT to BHP
    Well 43 control mode changed from LRAT to BHP
    Well 22 control mode changed from LRAT to BHP
    Well 78 control mode changed from LRAT to BHP
    Well 57 control mode changed from LRAT to BHP
    Well 65 control mode changed from LRAT to BHP
    Well 66 control mode changed from LRAT to BHP
    Well 88 control mode changed from LRAT to BHP
    Well 94 control mode changed from LRAT to BHP
    Well 56 control mode changed from LRAT to BHP
    Well 58 control mode changed from LRAT to BHP
    Well 67 control mode changed from LRAT to BHP
    Well 79 control mode changed from LRAT to BHP
    Well 95 control mode changed from LRAT to BHP
    Well 68 control mode changed from LRAT to BHP
    Well 89 control mode changed from LRAT to BHP
    Well 76 control mode changed from LRAT to BHP
    Well 77 control mode changed from LRAT to BHP
    Well 80 control mode changed from LRAT to BHP
    Well 27 control mode changed from LRAT to BHP
    Well 59 control mode changed from RATE to BHP
    Well 62 control mode changed from LRAT to BHP
    Well 63 control mode changed from LRAT to BHP
    Well 74 control mode changed from LRAT to BHP
    Well 75 control mode changed from LRAT to BHP
    Well 64 control mode changed from LRAT to BHP
    Well 100 control mode changed from LRAT to BHP
    Well 73 control mode changed from LRAT to BHP
    Well 81 control mode changed from LRAT to BHP
    Well 92 control mode changed from LRAT to BHP
    Well 55 control mode changed from LRAT to BHP
    Well 101 control mode changed from LRAT to BHP
    Well 18 control mode changed from LRAT to BHP
    Well 93 control mode changed from LRAT to BHP
    Well 82 control mode changed from LRAT to BHP
    Well 48 control mode changed from LRAT to BHP
    Well 54 control mode changed from LRAT to BHP
    Well 47 control mode changed from LRAT to BHP
    Well 90 control mode changed from LRAT to BHP
    Well 83 control mode changed from LRAT to BHP
    Well 85 control mode changed from LRAT to BHP
    Well 91 control mode changed from LRAT to BHP
    Well 96 control mode changed from LRAT to BHP
    Well 103 control mode changed from LRAT to BHP
    Well 11 control mode changed from LRAT to BHP
    Well 111 control mode changed from LRAT to BHP
    Well 20 control mode changed from LRAT to BHP
    Well 23 control mode changed from LRAT to BHP
    Well 24 control mode changed from LRAT to BHP
    Well 98 control mode changed from LRAT to BHP
    Well 99 control mode changed from LRAT to BHP
    Well 104 control mode changed from LRAT to BHP
    Well 106 control mode changed from LRAT to BHP
    Well 107 control mode changed from LRAT to BHP
    Well 109 control mode changed from LRAT to BHP
    Well 102 control mode changed from LRAT to BHP
    Well 108 control mode changed from LRAT to BHP
    Well 86 control mode changed from LRAT to BHP
 Newton its= 3, linearizations= 4 (2.0sec), linear its=  3 (2.5sec)

Starting time step 1, stepsize 20.77 days, at day 3267.23/3288, date = 11-May-2000
 Newton its= 2, linearizations= 3 (1.6sec), linear its=  5 (1.4sec)

Report step 68/371 at day 3288/12511, date = 01-Jun-2000

Starting time step 0, stepsize 30 days, at day 3288/3318, date = 01-Jun-2000
    Well 1 control mode changed from LRAT to BHP
    Well 10 control mode changed from LRAT to BHP
    Well 2 control mode changed from LRAT to BHP
    Well 3 control mode changed from LRAT to BHP
    Well 46 control mode changed from LRAT to BHP
    Well 53 control mode changed from LRAT to BHP
    Well 6 control mode changed from LRAT to BHP
    Well 60 control mode changed from LRAT to BHP
    Well 7 control mode changed from LRAT to BHP
    Well 8 control mode changed from LRAT to BHP
    Well 52 control mode changed from LRAT to BHP
    Well 13 control mode changed from LRAT to BHP
    Well 43 control mode changed from LRAT to BHP
    Well 22 control mode changed from LRAT to BHP
    Well 78 control mode changed from LRAT to BHP
    Well 57 control mode changed from LRAT to BHP
    Well 65 control mode changed from LRAT to BHP
    Well 66 control mode changed from LRAT to BHP
    Well 88 control mode changed from LRAT to BHP
    Well 94 control mode changed from LRAT to BHP
    Well 56 control mode changed from LRAT to BHP
    Well 58 control mode changed from LRAT to BHP
    Well 67 control mode changed from LRAT to BHP
    Well 79 control mode changed from LRAT to BHP
    Well 95 control mode changed from LRAT to BHP
    Well 68 control mode changed from LRAT to BHP
    Well 89 control mode changed from LRAT to BHP
    Well 76 control mode changed from LRAT to BHP
    Well 77 control mode changed from LRAT to BHP
    Well 80 control mode changed from LRAT to BHP
    Well 27 control mode changed from RATE to BHP
    Well 59 control mode changed from RATE to BHP
    Well 62 control mode changed from LRAT to BHP
    Well 63 control mode changed from LRAT to BHP
    Well 74 control mode changed from LRAT to BHP
    Well 75 control mode changed from LRAT to BHP
    Well 64 control mode changed from LRAT to BHP
    Well 100 control mode changed from LRAT to BHP
    Well 73 control mode changed from LRAT to BHP
    Well 81 control mode changed from LRAT to BHP
    Well 92 control mode changed from LRAT to BHP
    Well 55 control mode changed from LRAT to BHP
    Well 101 control mode changed from LRAT to BHP
    Well 18 control mode changed from LRAT to BHP
    Well 93 control mode changed from LRAT to BHP
    Well 82 control mode changed from LRAT to BHP
    Well 48 control mode changed from LRAT to BHP
    Well 54 control mode changed from LRAT to BHP
    Well 47 control mode changed from LRAT to BHP
    Well 90 control mode changed from LRAT to BHP
    Well 83 control mode changed from LRAT to BHP
    Well 85 control mode changed from LRAT to BHP
    Well 91 control mode changed from LRAT to BHP
    Well 96 control mode changed from LRAT to BHP
    Well 103 control mode changed from LRAT to BHP
    Well 11 control mode changed from LRAT to BHP
    Well 111 control mode changed from LRAT to BHP
    Well 20 control mode changed from LRAT to BHP
    Well 23 control mode changed from LRAT to BHP
    Well 24 control mode changed from LRAT to BHP
    Well 98 control mode changed from LRAT to BHP
    Well 99 control mode changed from LRAT to BHP
    Well 104 control mode changed from LRAT to BHP
    Well 106 control mode changed from LRAT to BHP
    Well 107 control mode changed from LRAT to BHP
    Well 109 control mode changed from LRAT to BHP
    Well 102 control mode changed from LRAT to BHP
    Well 108 control mode changed from LRAT to BHP
    Well 86 control mode changed from LRAT to BHP
 Newton its= 2, linearizations= 3 (1.7sec), linear its=  4 (1.4sec)

Report step 69/371 at day 3318/12511, date = 01-Jul-2000

Starting time step 0, stepsize 31 days, at day 3318/3349, date = 01-Jul-2000
    Well 1 control mode changed from LRAT to BHP
    Well 10 control mode changed from LRAT to BHP
    Well 2 control mode changed from LRAT to BHP
    Well 3 control mode changed from LRAT to BHP
    Well 46 control mode changed from LRAT to BHP
    Well 53 control mode changed from LRAT to BHP
    Well 6 control mode changed from LRAT to BHP
    Well 60 control mode changed from LRAT to BHP
    Well 7 control mode changed from LRAT to BHP
    Well 8 control mode changed from LRAT to BHP
    Well 52 control mode changed from LRAT to BHP
    Well 13 control mode changed from LRAT to BHP
    Well 43 control mode changed from LRAT to BHP
    Well 22 control mode changed from LRAT to BHP
    Well 78 control mode changed from LRAT to BHP
    Well 57 control mode changed from LRAT to BHP
    Well 65 control mode changed from LRAT to BHP
    Well 66 control mode changed from LRAT to BHP
    Well 88 control mode changed from LRAT to BHP
    Well 94 control mode changed from LRAT to BHP
    Well 56 control mode changed from LRAT to BHP
    Well 58 control mode changed from LRAT to BHP
    Well 67 control mode changed from LRAT to BHP
    Well 79 control mode changed from LRAT to BHP
    Well 95 control mode changed from LRAT to BHP
    Well 68 control mode changed from LRAT to BHP
    Well 89 control mode changed from LRAT to BHP
    Well 76 control mode changed from LRAT to BHP
    Well 77 control mode changed from LRAT to BHP
    Well 80 control mode changed from LRAT to BHP
    Well 62 control mode changed from LRAT to BHP
    Well 63 control mode changed from LRAT to BHP
    Well 74 control mode changed from LRAT to BHP
    Well 75 control mode changed from LRAT to BHP
    Well 64 control mode changed from LRAT to BHP
    Well 100 control mode changed from LRAT to BHP
    Well 73 control mode changed from LRAT to BHP
    Well 81 control mode changed from LRAT to BHP
    Well 92 control mode changed from LRAT to BHP
    Well 55 control mode changed from LRAT to BHP
    Well 101 control mode changed from LRAT to BHP
    Well 18 control mode changed from LRAT to BHP
    Well 93 control mode changed from LRAT to BHP
    Well 82 control mode changed from LRAT to BHP
    Well 48 control mode changed from LRAT to BHP
    Well 54 control mode changed from LRAT to BHP
    Well 47 control mode changed from LRAT to BHP
    Well 90 control mode changed from LRAT to BHP
    Well 83 control mode changed from LRAT to BHP
    Well 85 control mode changed from LRAT to BHP
    Well 91 control mode changed from LRAT to BHP
    Well 96 control mode changed from LRAT to BHP
    Well 103 control mode changed from LRAT to BHP
    Well 11 control mode changed from LRAT to BHP
    Well 111 control mode changed from LRAT to BHP
    Well 20 control mode changed from LRAT to BHP
    Well 23 control mode changed from LRAT to BHP
    Well 24 control mode changed from LRAT to BHP
    Well 98 control mode changed from LRAT to BHP
    Well 99 control mode changed from LRAT to BHP
    Well 104 control mode changed from LRAT to BHP
    Well 106 control mode changed from LRAT to BHP
    Well 107 control mode changed from LRAT to BHP
    Well 109 control mode changed from LRAT to BHP
    Well 102 control mode changed from LRAT to BHP
    Well 108 control mode changed from LRAT to BHP
    Well 86 control mode changed from LRAT to BHP
    Well 14 control mode changed from LRAT to BHP
    Well 61 control mode changed from LRAT to BHP
 Newton its= 2, linearizations= 3 (1.5sec), linear its=  4 (1.1sec)

Report step 70/371 at day 3349/12511, date = 01-Aug-2000

Starting time step 0, stepsize 31 days, at day 3349/3380, date = 01-Aug-2000
    Well 1 control mode changed from LRAT to BHP
    Well 10 control mode changed from LRAT to BHP
    Well 2 control mode changed from LRAT to BHP
    Well 3 control mode changed from LRAT to BHP
    Well 46 control mode changed from LRAT to BHP
    Well 53 control mode changed from LRAT to BHP
    Well 6 control mode changed from LRAT to BHP
    Well 60 control mode changed from LRAT to BHP
    Well 7 control mode changed from LRAT to BHP
    Well 8 control mode changed from LRAT to BHP
    Well 52 control mode changed from LRAT to BHP
    Well 13 control mode changed from LRAT to BHP
    Well 43 control mode changed from LRAT to BHP
    Well 22 control mode changed from LRAT to BHP
    Well 78 control mode changed from LRAT to BHP
    Well 57 control mode changed from LRAT to BHP
    Well 65 control mode changed from LRAT to BHP
    Well 66 control mode changed from LRAT to BHP
    Well 88 control mode changed from LRAT to BHP
    Well 94 control mode changed from LRAT to BHP
    Well 56 control mode changed from LRAT to BHP
    Well 58 control mode changed from LRAT to BHP
    Well 67 control mode changed from LRAT to BHP
    Well 79 control mode changed from LRAT to BHP
    Well 95 control mode changed from LRAT to BHP
    Well 68 control mode changed from LRAT to BHP
    Well 89 control mode changed from LRAT to BHP
    Well 76 control mode changed from LRAT to BHP
    Well 77 control mode changed from LRAT to BHP
    Well 80 control mode changed from LRAT to BHP
    Well 62 control mode changed from LRAT to BHP
    Well 63 control mode changed from LRAT to BHP
    Well 74 control mode changed from LRAT to BHP
    Well 75 control mode changed from LRAT to BHP
    Well 64 control mode changed from LRAT to BHP
    Well 100 control mode changed from LRAT to BHP
    Well 73 control mode changed from LRAT to BHP
    Well 81 control mode changed from LRAT to BHP
    Well 92 control mode changed from LRAT to BHP
    Well 55 control mode changed from LRAT to BHP
    Well 101 control mode changed from LRAT to BHP
    Well 18 control mode changed from LRAT to BHP
    Well 93 control mode changed from LRAT to BHP
    Well 82 control mode changed from LRAT to BHP
    Well 48 control mode changed from LRAT to BHP
    Well 54 control mode changed from LRAT to BHP
    Well 47 control mode changed from LRAT to BHP
    Well 90 control mode changed from LRAT to BHP
    Well 83 control mode changed from LRAT to BHP
    Well 85 control mode changed from LRAT to BHP
    Well 91 control mode changed from LRAT to BHP
    Well 96 control mode changed from LRAT to BHP
    Well 103 control mode changed from LRAT to BHP
    Well 11 control mode changed from LRAT to BHP
    Well 111 control mode changed from LRAT to BHP
    Well 20 control mode changed from LRAT to BHP
    Well 23 control mode changed from LRAT to BHP
    Well 24 control mode changed from LRAT to BHP
    Well 98 control mode changed from LRAT to BHP
    Well 99 control mode changed from LRAT to BHP
    Well 104 control mode changed from LRAT to BHP
    Well 106 control mode changed from LRAT to BHP
    Well 107 control mode changed from LRAT to BHP
    Well 109 control mode changed from LRAT to BHP
    Well 102 control mode changed from LRAT to BHP
    Well 108 control mode changed from LRAT to BHP
    Well 86 control mode changed from LRAT to BHP
    Well 14 control mode changed from LRAT to BHP
    Well 61 control mode changed from LRAT to BHP
Well 52 will be shut as it can not operate under current reservoir conditions.
 Newton its= 2, linearizations= 3 (1.6sec), linear its=  4 (1.3sec)

Report step 71/371 at day 3380/12511, date = 01-Sep-2000

Starting time step 0, stepsize 30 days, at day 3380/3410, date = 01-Sep-2000
    Well 1 control mode changed from LRAT to BHP
    Well 10 control mode changed from LRAT to BHP
    Well 2 control mode changed from LRAT to BHP
    Well 3 control mode changed from LRAT to BHP
    Well 46 control mode changed from LRAT to BHP
    Well 53 control mode changed from LRAT to BHP
    Well 6 control mode changed from LRAT to BHP
    Well 60 control mode changed from LRAT to BHP
    Well 7 control mode changed from LRAT to BHP
    Well 8 control mode changed from LRAT to BHP
    Well 52 control mode changed from LRAT to BHP
    Well 13 control mode changed from LRAT to BHP
    Well 43 control mode changed from LRAT to BHP
    Well 22 control mode changed from LRAT to BHP
    Well 78 control mode changed from LRAT to BHP
    Well 57 control mode changed from LRAT to BHP
    Well 65 control mode changed from LRAT to BHP
    Well 66 control mode changed from LRAT to BHP
    Well 88 control mode changed from LRAT to BHP
    Well 94 control mode changed from LRAT to BHP
    Well 56 control mode changed from LRAT to BHP
    Well 58 control mode changed from LRAT to BHP
    Well 67 control mode changed from LRAT to BHP
    Well 79 control mode changed from LRAT to BHP
    Well 95 control mode changed from LRAT to BHP
    Well 68 control mode changed from LRAT to BHP
    Well 89 control mode changed from LRAT to BHP
    Well 76 control mode changed from LRAT to BHP
    Well 77 control mode changed from LRAT to BHP
    Well 80 control mode changed from LRAT to BHP
    Well 62 control mode changed from LRAT to BHP
    Well 63 control mode changed from LRAT to BHP
    Well 74 control mode changed from LRAT to BHP
    Well 75 control mode changed from LRAT to BHP
    Well 64 control mode changed from LRAT to BHP
    Well 100 control mode changed from LRAT to BHP
    Well 73 control mode changed from LRAT to BHP
    Well 81 control mode changed from LRAT to BHP
    Well 92 control mode changed from LRAT to BHP
    Well 55 control mode changed from LRAT to BHP
    Well 101 control mode changed from LRAT to BHP
    Well 18 control mode changed from LRAT to BHP
    Well 93 control mode changed from LRAT to BHP
    Well 82 control mode changed from LRAT to BHP
    Well 48 control mode changed from LRAT to BHP
    Well 54 control mode changed from LRAT to BHP
    Well 47 control mode changed from LRAT to BHP
    Well 90 control mode changed from LRAT to BHP
    Well 83 control mode changed from LRAT to BHP
    Well 85 control mode changed from LRAT to BHP
    Well 91 control mode changed from LRAT to BHP
    Well 96 control mode changed from LRAT to BHP
    Well 103 control mode changed from LRAT to BHP
    Well 11 control mode changed from LRAT to BHP
    Well 111 control mode changed from LRAT to BHP
    Well 20 control mode changed from LRAT to BHP
    Well 23 control mode changed from LRAT to BHP
    Well 24 control mode changed from LRAT to BHP
    Well 98 control mode changed from LRAT to BHP
    Well 99 control mode changed from LRAT to BHP
    Well 104 control mode changed from LRAT to BHP
    Well 106 control mode changed from LRAT to BHP
    Well 107 control mode changed from LRAT to BHP
    Well 109 control mode changed from LRAT to BHP
    Well 102 control mode changed from LRAT to BHP
    Well 108 control mode changed from LRAT to BHP
    Well 86 control mode changed from LRAT to BHP
    Well 14 control mode changed from LRAT to BHP
    Well 61 control mode changed from LRAT to BHP
Well 52 will be shut as it can not operate under current reservoir conditions.
 Newton its= 2, linearizations= 3 (1.5sec), linear its=  4 (1.4sec)

Report step 72/371 at day 3410/12511, date = 01-Oct-2000

Starting time step 0, stepsize 31 days, at day 3410/3441, date = 01-Oct-2000
    Well 1 control mode changed from LRAT to BHP
    Well 10 control mode changed from LRAT to BHP
    Well 2 control mode changed from LRAT to BHP
    Well 3 control mode changed from LRAT to BHP
    Well 46 control mode changed from LRAT to BHP
    Well 53 control mode changed from LRAT to BHP
    Well 6 control mode changed from LRAT to BHP
    Well 60 control mode changed from LRAT to BHP
    Well 7 control mode changed from LRAT to BHP
    Well 8 control mode changed from LRAT to BHP
    Well 52 control mode changed from LRAT to BHP
    Well 13 control mode changed from LRAT to BHP
    Well 43 control mode changed from LRAT to BHP
    Well 22 control mode changed from LRAT to BHP
    Well 78 control mode changed from LRAT to BHP
    Well 57 control mode changed from LRAT to BHP
    Well 65 control mode changed from LRAT to BHP
    Well 66 control mode changed from LRAT to BHP
    Well 88 control mode changed from LRAT to BHP
    Well 94 control mode changed from LRAT to BHP
    Well 56 control mode changed from LRAT to BHP
    Well 58 control mode changed from LRAT to BHP
    Well 67 control mode changed from LRAT to BHP
    Well 79 control mode changed from LRAT to BHP
    Well 95 control mode changed from LRAT to BHP
    Well 68 control mode changed from LRAT to BHP
    Well 89 control mode changed from LRAT to BHP
    Well 76 control mode changed from LRAT to BHP
    Well 77 control mode changed from LRAT to BHP
    Well 80 control mode changed from LRAT to BHP
    Well 62 control mode changed from LRAT to BHP
    Well 63 control mode changed from LRAT to BHP
    Well 74 control mode changed from LRAT to BHP
    Well 75 control mode changed from LRAT to BHP
    Well 64 control mode changed from LRAT to BHP
    Well 100 control mode changed from LRAT to BHP
    Well 73 control mode changed from LRAT to BHP
    Well 81 control mode changed from LRAT to BHP
    Well 92 control mode changed from LRAT to BHP
    Well 55 control mode changed from LRAT to BHP
    Well 101 control mode changed from LRAT to BHP
    Well 18 control mode changed from LRAT to BHP
    Well 93 control mode changed from LRAT to BHP
    Well 82 control mode changed from LRAT to BHP
    Well 48 control mode changed from LRAT to BHP
    Well 54 control mode changed from LRAT to BHP
    Well 47 control mode changed from LRAT to BHP
    Well 90 control mode changed from LRAT to BHP
    Well 83 control mode changed from LRAT to BHP
    Well 85 control mode changed from LRAT to BHP
    Well 91 control mode changed from LRAT to BHP
    Well 96 control mode changed from LRAT to BHP
    Well 103 control mode changed from LRAT to BHP
    Well 11 control mode changed from LRAT to BHP
    Well 111 control mode changed from LRAT to BHP
    Well 20 control mode changed from LRAT to BHP
    Well 23 control mode changed from LRAT to BHP
    Well 24 control mode changed from LRAT to BHP
    Well 98 control mode changed from LRAT to BHP
    Well 99 control mode changed from LRAT to BHP
    Well 104 control mode changed from LRAT to BHP
    Well 106 control mode changed from LRAT to BHP
    Well 107 control mode changed from LRAT to BHP
    Well 109 control mode changed from LRAT to BHP
    Well 102 control mode changed from LRAT to BHP
    Well 108 control mode changed from LRAT to BHP
    Well 86 control mode changed from LRAT to BHP
    Well 14 control mode changed from LRAT to BHP
    Well 61 control mode changed from LRAT to BHP
 Newton its= 2, linearizations= 3 (1.4sec), linear its=  4 (1.4sec)

Report step 73/371 at day 3441/12511, date = 01-Nov-2000

Starting time step 0, stepsize 30 days, at day 3441/3471, date = 01-Nov-2000
    Well 1 control mode changed from LRAT to BHP
    Well 10 control mode changed from LRAT to BHP
    Well 2 control mode changed from LRAT to BHP
    Well 3 control mode changed from LRAT to BHP
    Well 46 control mode changed from LRAT to BHP
    Well 53 control mode changed from LRAT to BHP
    Well 6 control mode changed from LRAT to BHP
    Well 60 control mode changed from LRAT to BHP
    Well 7 control mode changed from LRAT to BHP
    Well 8 control mode changed from LRAT to BHP
    Well 52 control mode changed from LRAT to BHP
    Well 13 control mode changed from LRAT to BHP
    Well 43 control mode changed from LRAT to BHP
    Well 22 control mode changed from LRAT to BHP
    Well 78 control mode changed from LRAT to BHP
    Well 57 control mode changed from LRAT to BHP
    Well 65 control mode changed from LRAT to BHP
    Well 66 control mode changed from LRAT to BHP
    Well 88 control mode changed from LRAT to BHP
    Well 94 control mode changed from LRAT to BHP
    Well 56 control mode changed from LRAT to BHP
    Well 58 control mode changed from LRAT to BHP
    Well 67 control mode changed from LRAT to BHP
    Well 79 control mode changed from LRAT to BHP
    Well 95 control mode changed from LRAT to BHP
    Well 68 control mode changed from LRAT to BHP
    Well 89 control mode changed from LRAT to BHP
    Well 76 control mode changed from LRAT to BHP
    Well 77 control mode changed from LRAT to BHP
    Well 80 control mode changed from LRAT to BHP
    Well 62 control mode changed from LRAT to BHP
    Well 63 control mode changed from LRAT to BHP
    Well 74 control mode changed from LRAT to BHP
    Well 75 control mode changed from LRAT to BHP
    Well 64 control mode changed from LRAT to BHP
    Well 100 control mode changed from LRAT to BHP
    Well 73 control mode changed from LRAT to BHP
    Well 81 control mode changed from LRAT to BHP
    Well 92 control mode changed from LRAT to BHP
    Well 55 control mode changed from LRAT to BHP
    Well 101 control mode changed from LRAT to BHP
    Well 18 control mode changed from LRAT to BHP
    Well 93 control mode changed from LRAT to BHP
    Well 82 control mode changed from LRAT to BHP
    Well 48 control mode changed from LRAT to BHP
    Well 54 control mode changed from LRAT to BHP
    Well 47 control mode changed from LRAT to BHP
    Well 90 control mode changed from LRAT to BHP
    Well 83 control mode changed from LRAT to BHP
    Well 85 control mode changed from LRAT to BHP
    Well 91 control mode changed from LRAT to BHP
    Well 96 control mode changed from LRAT to BHP
    Well 103 control mode changed from LRAT to BHP
    Well 11 control mode changed from LRAT to BHP
    Well 111 control mode changed from LRAT to BHP
    Well 20 control mode changed from LRAT to BHP
    Well 23 control mode changed from LRAT to BHP
    Well 24 control mode changed from LRAT to BHP
    Well 98 control mode changed from LRAT to BHP
    Well 99 control mode changed from LRAT to BHP
    Well 104 control mode changed from LRAT to BHP
    Well 106 control mode changed from LRAT to BHP
    Well 107 control mode changed from LRAT to BHP
    Well 109 control mode changed from LRAT to BHP
    Well 102 control mode changed from LRAT to BHP
    Well 108 control mode changed from LRAT to BHP
    Well 86 control mode changed from LRAT to BHP
    Well 14 control mode changed from LRAT to BHP
    Well 61 control mode changed from LRAT to BHP
 Newton its= 2, linearizations= 3 (1.6sec), linear its=  4 (1.5sec)

Report step 74/371 at day 3471/12511, date = 01-Dec-2000

Starting time step 0, stepsize 31 days, at day 3471/3502, date = 01-Dec-2000
    Well 1 control mode changed from LRAT to BHP
    Well 10 control mode changed from LRAT to BHP
    Well 2 control mode changed from LRAT to BHP
    Well 3 control mode changed from LRAT to BHP
    Well 46 control mode changed from LRAT to BHP
    Well 53 control mode changed from LRAT to BHP
    Well 6 control mode changed from LRAT to BHP
    Well 60 control mode changed from LRAT to BHP
    Well 7 control mode changed from LRAT to BHP
    Well 8 control mode changed from LRAT to BHP
    Well 52 control mode changed from LRAT to BHP
    Well 13 control mode changed from LRAT to BHP
    Well 43 control mode changed from LRAT to BHP
    Well 22 control mode changed from LRAT to BHP
    Well 78 control mode changed from LRAT to BHP
    Well 57 control mode changed from LRAT to BHP
    Well 65 control mode changed from LRAT to BHP
    Well 66 control mode changed from LRAT to BHP
    Well 88 control mode changed from LRAT to BHP
    Well 94 control mode changed from LRAT to BHP
    Well 56 control mode changed from LRAT to BHP
    Well 58 control mode changed from LRAT to BHP
    Well 67 control mode changed from LRAT to BHP
    Well 79 control mode changed from LRAT to BHP
    Well 95 control mode changed from LRAT to BHP
    Well 68 control mode changed from LRAT to BHP
    Well 89 control mode changed from LRAT to BHP
    Well 76 control mode changed from LRAT to BHP
    Well 77 control mode changed from LRAT to BHP
    Well 80 control mode changed from LRAT to BHP
    Well 27 control mode changed from RATE to BHP
    Well 59 control mode changed from RATE to BHP
    Well 62 control mode changed from LRAT to BHP
    Well 63 control mode changed from LRAT to BHP
    Well 74 control mode changed from LRAT to BHP
    Well 75 control mode changed from LRAT to BHP
    Well 64 control mode changed from LRAT to BHP
    Well 100 control mode changed from LRAT to BHP
    Well 73 control mode changed from LRAT to BHP
    Well 81 control mode changed from LRAT to BHP
    Well 92 control mode changed from LRAT to BHP
    Well 55 control mode changed from LRAT to BHP
    Well 101 control mode changed from LRAT to BHP
    Well 18 control mode changed from LRAT to BHP
    Well 93 control mode changed from LRAT to BHP
    Well 82 control mode changed from LRAT to BHP
    Well 48 control mode changed from LRAT to BHP
    Well 54 control mode changed from LRAT to BHP
    Well 47 control mode changed from LRAT to BHP
    Well 90 control mode changed from LRAT to BHP
    Well 83 control mode changed from LRAT to BHP
    Well 85 control mode changed from LRAT to BHP
    Well 91 control mode changed from LRAT to BHP
    Well 96 control mode changed from LRAT to BHP
    Well 103 control mode changed from LRAT to BHP
    Well 11 control mode changed from LRAT to BHP
    Well 111 control mode changed from LRAT to BHP
    Well 20 control mode changed from LRAT to BHP
    Well 23 control mode changed from LRAT to BHP
    Well 24 control mode changed from LRAT to BHP
    Well 98 control mode changed from LRAT to BHP
    Well 99 control mode changed from LRAT to BHP
    Well 104 control mode changed from LRAT to BHP
    Well 106 control mode changed from LRAT to BHP
    Well 107 control mode changed from LRAT to BHP
    Well 109 control mode changed from LRAT to BHP
    Well 102 control mode changed from LRAT to BHP
    Well 108 control mode changed from LRAT to BHP
    Well 86 control mode changed from LRAT to BHP
    Well 14 control mode changed from LRAT to BHP
    Well 61 control mode changed from LRAT to BHP
 Newton its= 2, linearizations= 3 (1.7sec), linear its=  4 (1.6sec)

Report step 75/371 at day 3502/12511, date = 01-Jan-2001

Starting time step 0, stepsize 31 days, at day 3502/3533, date = 01-Jan-2001
    Well 1 control mode changed from LRAT to BHP
    Well 10 control mode changed from LRAT to BHP
    Well 2 control mode changed from LRAT to BHP
    Well 3 control mode changed from LRAT to BHP
    Well 46 control mode changed from LRAT to BHP
    Well 53 control mode changed from LRAT to BHP
    Well 6 control mode changed from LRAT to BHP
    Well 60 control mode changed from LRAT to BHP
    Well 7 control mode changed from LRAT to BHP
    Well 8 control mode changed from LRAT to BHP
    Well 52 control mode changed from LRAT to BHP
    Well 13 control mode changed from LRAT to BHP
    Well 43 control mode changed from LRAT to BHP
    Well 22 control mode changed from LRAT to BHP
    Well 78 control mode changed from LRAT to BHP
    Well 57 control mode changed from LRAT to BHP
    Well 65 control mode changed from LRAT to BHP
    Well 66 control mode changed from LRAT to BHP
    Well 88 control mode changed from LRAT to BHP
    Well 94 control mode changed from LRAT to BHP
    Well 56 control mode changed from LRAT to BHP
    Well 58 control mode changed from LRAT to BHP
    Well 67 control mode changed from LRAT to BHP
    Well 79 control mode changed from LRAT to BHP
    Well 95 control mode changed from LRAT to BHP
    Well 68 control mode changed from LRAT to BHP
    Well 89 control mode changed from LRAT to BHP
    Well 76 control mode changed from LRAT to BHP
    Well 77 control mode changed from LRAT to BHP
    Well 80 control mode changed from LRAT to BHP
    Well 62 control mode changed from LRAT to BHP
    Well 63 control mode changed from LRAT to BHP
    Well 74 control mode changed from LRAT to BHP
    Well 75 control mode changed from LRAT to BHP
    Well 64 control mode changed from LRAT to BHP
    Well 100 control mode changed from LRAT to BHP
    Well 73 control mode changed from LRAT to BHP
    Well 81 control mode changed from LRAT to BHP
    Well 92 control mode changed from LRAT to BHP
    Well 55 control mode changed from LRAT to BHP
    Well 101 control mode changed from LRAT to BHP
    Well 18 control mode changed from LRAT to BHP
    Well 93 control mode changed from LRAT to BHP
    Well 82 control mode changed from LRAT to BHP
    Well 48 control mode changed from LRAT to BHP
    Well 54 control mode changed from LRAT to BHP
    Well 47 control mode changed from LRAT to BHP
    Well 90 control mode changed from LRAT to BHP
    Well 83 control mode changed from LRAT to BHP
    Well 85 control mode changed from LRAT to BHP
    Well 91 control mode changed from LRAT to BHP
    Well 96 control mode changed from LRAT to BHP
    Well 103 control mode changed from LRAT to BHP
    Well 11 control mode changed from LRAT to BHP
    Well 111 control mode changed from LRAT to BHP
    Well 20 control mode changed from LRAT to BHP
    Well 23 control mode changed from LRAT to BHP
    Well 24 control mode changed from LRAT to BHP
    Well 98 control mode changed from LRAT to BHP
    Well 99 control mode changed from LRAT to BHP
    Well 104 control mode changed from LRAT to BHP
    Well 106 control mode changed from LRAT to BHP
    Well 107 control mode changed from LRAT to BHP
    Well 109 control mode changed from LRAT to BHP
    Well 102 control mode changed from LRAT to BHP
    Well 108 control mode changed from LRAT to BHP
    Well 86 control mode changed from LRAT to BHP
    Well 14 control mode changed from LRAT to BHP
    Well 61 control mode changed from LRAT to BHP
Well 52 will be shut as it can not operate under current reservoir conditions.
 Newton its= 2, linearizations= 3 (1.7sec), linear its=  4 (1.5sec)

Report step 76/371 at day 3533/12511, date = 01-Feb-2001

Starting time step 0, stepsize 28 days, at day 3533/3561, date = 01-Feb-2001
    Well 1 control mode changed from LRAT to BHP
    Well 10 control mode changed from LRAT to BHP
    Well 2 control mode changed from LRAT to BHP
    Well 3 control mode changed from LRAT to BHP
    Well 46 control mode changed from LRAT to BHP
    Well 53 control mode changed from LRAT to BHP
    Well 6 control mode changed from LRAT to BHP
    Well 60 control mode changed from LRAT to BHP
    Well 7 control mode changed from LRAT to BHP
    Well 8 control mode changed from LRAT to BHP
    Well 52 control mode changed from LRAT to BHP
    Well 13 control mode changed from LRAT to BHP
    Well 43 control mode changed from LRAT to BHP
    Well 22 control mode changed from LRAT to BHP
    Well 78 control mode changed from LRAT to BHP
    Well 57 control mode changed from LRAT to BHP
    Well 65 control mode changed from LRAT to BHP
    Well 66 control mode changed from LRAT to BHP
    Well 88 control mode changed from LRAT to BHP
    Well 94 control mode changed from LRAT to BHP
    Well 56 control mode changed from LRAT to BHP
    Well 58 control mode changed from LRAT to BHP
    Well 67 control mode changed from LRAT to BHP
    Well 79 control mode changed from LRAT to BHP
    Well 95 control mode changed from LRAT to BHP
    Well 68 control mode changed from LRAT to BHP
    Well 89 control mode changed from LRAT to BHP
    Well 76 control mode changed from LRAT to BHP
    Well 77 control mode changed from LRAT to BHP
    Well 80 control mode changed from LRAT to BHP
    Well 62 control mode changed from LRAT to BHP
    Well 63 control mode changed from LRAT to BHP
    Well 74 control mode changed from LRAT to BHP
    Well 75 control mode changed from LRAT to BHP
    Well 64 control mode changed from LRAT to BHP
    Well 100 control mode changed from LRAT to BHP
    Well 73 control mode changed from LRAT to BHP
    Well 81 control mode changed from LRAT to BHP
    Well 92 control mode changed from LRAT to BHP
    Well 55 control mode changed from LRAT to BHP
    Well 101 control mode changed from LRAT to BHP
    Well 18 control mode changed from LRAT to BHP
    Well 93 control mode changed from LRAT to BHP
    Well 82 control mode changed from LRAT to BHP
    Well 48 control mode changed from LRAT to BHP
    Well 54 control mode changed from LRAT to BHP
    Well 47 control mode changed from LRAT to BHP
    Well 90 control mode changed from LRAT to BHP
    Well 83 control mode changed from LRAT to BHP
    Well 85 control mode changed from LRAT to BHP
    Well 91 control mode changed from LRAT to BHP
    Well 96 control mode changed from LRAT to BHP
    Well 103 control mode changed from LRAT to BHP
    Well 11 control mode changed from LRAT to BHP
    Well 111 control mode changed from LRAT to BHP
    Well 20 control mode changed from LRAT to BHP
    Well 23 control mode changed from LRAT to BHP
    Well 24 control mode changed from LRAT to BHP
    Well 98 control mode changed from LRAT to BHP
    Well 99 control mode changed from LRAT to BHP
    Well 104 control mode changed from LRAT to BHP
    Well 106 control mode changed from LRAT to BHP
    Well 107 control mode changed from LRAT to BHP
    Well 109 control mode changed from LRAT to BHP
    Well 102 control mode changed from LRAT to BHP
    Well 108 control mode changed from LRAT to BHP
    Well 86 control mode changed from LRAT to BHP
    Well 14 control mode changed from LRAT to BHP
    Well 61 control mode changed from LRAT to BHP
Well 52 will be shut as it can not operate under current reservoir conditions.
 Newton its= 2, linearizations= 3 (1.5sec), linear its=  4 (1.7sec)

Report step 77/371 at day 3561/12511, date = 01-Mar-2001

Starting time step 0, stepsize 31 days, at day 3561/3592, date = 01-Mar-2001
    Oscillating behavior detected: Relaxation set to 0.900000
    Well 1 control mode changed from LRAT to BHP
    Well 10 control mode changed from LRAT to BHP
    Well 2 control mode changed from LRAT to BHP
    Well 3 control mode changed from LRAT to BHP
    Well 46 control mode changed from LRAT to BHP
    Well 53 control mode changed from LRAT to BHP
    Well 6 control mode changed from LRAT to BHP
    Well 60 control mode changed from LRAT to BHP
    Well 7 control mode changed from LRAT to BHP
    Well 8 control mode changed from LRAT to BHP
    Well 52 control mode changed from LRAT to BHP
    Well 43 control mode changed from LRAT to BHP
    Well 22 control mode changed from LRAT to BHP
    Well 78 control mode changed from LRAT to BHP
    Well 57 control mode changed from LRAT to BHP
    Well 65 control mode changed from LRAT to BHP
    Well 66 control mode changed from LRAT to BHP
    Well 88 control mode changed from LRAT to BHP
    Well 94 control mode changed from LRAT to BHP
    Well 56 control mode changed from LRAT to BHP
    Well 58 control mode changed from LRAT to BHP
    Well 67 control mode changed from LRAT to BHP
    Well 79 control mode changed from LRAT to BHP
    Well 95 control mode changed from LRAT to BHP
    Well 68 control mode changed from LRAT to BHP
    Well 89 control mode changed from LRAT to BHP
    Well 76 control mode changed from LRAT to BHP
    Well 77 control mode changed from LRAT to BHP
    Well 80 control mode changed from LRAT to BHP
    Well 62 control mode changed from LRAT to BHP
    Well 63 control mode changed from LRAT to BHP
    Well 74 control mode changed from LRAT to BHP
    Well 75 control mode changed from LRAT to BHP
    Well 64 control mode changed from LRAT to BHP
    Well 100 control mode changed from LRAT to BHP
    Well 73 control mode changed from LRAT to BHP
    Well 81 control mode changed from LRAT to BHP
    Well 92 control mode changed from LRAT to BHP
    Well 55 control mode changed from LRAT to BHP
    Well 101 control mode changed from LRAT to BHP
    Well 18 control mode changed from LRAT to BHP
    Well 93 control mode changed from LRAT to BHP
    Well 82 control mode changed from LRAT to BHP
    Well 48 control mode changed from LRAT to BHP
    Well 54 control mode changed from LRAT to BHP
    Well 47 control mode changed from LRAT to BHP
    Well 90 control mode changed from LRAT to BHP
    Well 83 control mode changed from LRAT to BHP
    Well 85 control mode changed from LRAT to BHP
    Well 91 control mode changed from LRAT to BHP
    Well 96 control mode changed from LRAT to BHP
    Well 103 control mode changed from LRAT to BHP
    Well 11 control mode changed from LRAT to BHP
    Well 111 control mode changed from LRAT to BHP
    Well 20 control mode changed from LRAT to BHP
    Well 23 control mode changed from LRAT to BHP
    Well 24 control mode changed from LRAT to BHP
    Well 98 control mode changed from LRAT to BHP
    Well 99 control mode changed from LRAT to BHP
    Well 104 control mode changed from LRAT to BHP
    Well 106 control mode changed from LRAT to BHP
    Well 107 control mode changed from LRAT to BHP
    Well 109 control mode changed from LRAT to BHP
    Well 102 control mode changed from LRAT to BHP
    Well 108 control mode changed from LRAT to BHP
    Well 86 control mode changed from LRAT to BHP
    Well 14 control mode changed from LRAT to BHP
    Well 61 control mode changed from LRAT to BHP
 Newton its= 3, linearizations= 4 (2.1sec), linear its=  5 (2.1sec)

Report step 78/371 at day 3592/12511, date = 01-Apr-2001

Starting time step 0, stepsize 30 days, at day 3592/3622, date = 01-Apr-2001
    Well 1 control mode changed from LRAT to BHP
    Well 10 control mode changed from LRAT to BHP
    Well 2 control mode changed from LRAT to BHP
    Well 3 control mode changed from LRAT to BHP
    Well 46 control mode changed from LRAT to BHP
    Well 53 control mode changed from LRAT to BHP
    Well 6 control mode changed from LRAT to BHP
    Well 60 control mode changed from LRAT to BHP
    Well 7 control mode changed from LRAT to BHP
    Well 8 control mode changed from LRAT to BHP
    Well 52 control mode changed from LRAT to BHP
    Well 43 control mode changed from LRAT to BHP
    Well 22 control mode changed from LRAT to BHP
    Well 78 control mode changed from LRAT to BHP
    Well 57 control mode changed from LRAT to BHP
    Well 65 control mode changed from LRAT to BHP
    Well 66 control mode changed from LRAT to BHP
    Well 88 control mode changed from LRAT to BHP
    Well 94 control mode changed from LRAT to BHP
    Well 56 control mode changed from LRAT to BHP
    Well 58 control mode changed from LRAT to BHP
    Well 67 control mode changed from LRAT to BHP
    Well 79 control mode changed from LRAT to BHP
    Well 95 control mode changed from LRAT to BHP
    Well 68 control mode changed from LRAT to BHP
    Well 89 control mode changed from LRAT to BHP
    Well 76 control mode changed from LRAT to BHP
    Well 77 control mode changed from LRAT to BHP
    Well 80 control mode changed from LRAT to BHP
    Well 62 control mode changed from LRAT to BHP
    Well 63 control mode changed from LRAT to BHP
    Well 74 control mode changed from LRAT to BHP
    Well 75 control mode changed from LRAT to BHP
    Well 64 control mode changed from LRAT to BHP
    Well 100 control mode changed from LRAT to BHP
    Well 73 control mode changed from LRAT to BHP
    Well 81 control mode changed from LRAT to BHP
    Well 92 control mode changed from LRAT to BHP
    Well 55 control mode changed from LRAT to BHP
    Well 101 control mode changed from LRAT to BHP
    Well 18 control mode changed from LRAT to BHP
    Well 93 control mode changed from LRAT to BHP
    Well 82 control mode changed from LRAT to BHP
    Well 48 control mode changed from LRAT to BHP
    Well 54 control mode changed from LRAT to BHP
    Well 47 control mode changed from LRAT to BHP
    Well 90 control mode changed from LRAT to BHP
    Well 83 control mode changed from LRAT to BHP
    Well 85 control mode changed from LRAT to BHP
    Well 91 control mode changed from LRAT to BHP
    Well 96 control mode changed from LRAT to BHP
    Well 103 control mode changed from LRAT to BHP
    Well 11 control mode changed from LRAT to BHP
    Well 111 control mode changed from LRAT to BHP
    Well 20 control mode changed from LRAT to BHP
    Well 23 control mode changed from LRAT to BHP
    Well 24 control mode changed from LRAT to BHP
    Well 98 control mode changed from LRAT to BHP
    Well 99 control mode changed from LRAT to BHP
    Well 104 control mode changed from LRAT to BHP
    Well 106 control mode changed from LRAT to BHP
    Well 107 control mode changed from LRAT to BHP
    Well 109 control mode changed from LRAT to BHP
    Well 102 control mode changed from LRAT to BHP
    Well 108 control mode changed from LRAT to BHP
    Well 86 control mode changed from LRAT to BHP
    Well 14 control mode changed from LRAT to BHP
    Well 61 control mode changed from LRAT to BHP
 Newton its= 3, linearizations= 4 (2.1sec), linear its=  5 (1.8sec)

Report step 79/371 at day 3622/12511, date = 01-May-2001

Starting time step 0, stepsize 31 days, at day 3622/3653, date = 01-May-2001
    Well 1 control mode changed from LRAT to BHP
    Well 10 control mode changed from LRAT to BHP
    Well 2 control mode changed from LRAT to BHP
    Well 3 control mode changed from LRAT to BHP
    Well 46 control mode changed from LRAT to BHP
    Well 53 control mode changed from LRAT to BHP
    Well 6 control mode changed from LRAT to BHP
    Well 60 control mode changed from LRAT to BHP
    Well 7 control mode changed from LRAT to BHP
    Well 8 control mode changed from LRAT to BHP
    Well 52 control mode changed from LRAT to BHP
    Well 43 control mode changed from LRAT to BHP
    Well 22 control mode changed from LRAT to BHP
    Well 78 control mode changed from LRAT to BHP
    Well 57 control mode changed from LRAT to BHP
    Well 65 control mode changed from LRAT to BHP
    Well 66 control mode changed from LRAT to BHP
    Well 88 control mode changed from LRAT to BHP
    Well 94 control mode changed from LRAT to BHP
    Well 56 control mode changed from LRAT to BHP
    Well 58 control mode changed from LRAT to BHP
    Well 67 control mode changed from LRAT to BHP
    Well 79 control mode changed from LRAT to BHP
    Well 95 control mode changed from LRAT to BHP
    Well 68 control mode changed from LRAT to BHP
    Well 89 control mode changed from LRAT to BHP
    Well 76 control mode changed from LRAT to BHP
    Well 77 control mode changed from LRAT to BHP
    Well 80 control mode changed from LRAT to BHP
    Well 62 control mode changed from LRAT to BHP
    Well 63 control mode changed from LRAT to BHP
    Well 74 control mode changed from LRAT to BHP
    Well 75 control mode changed from LRAT to BHP
    Well 64 control mode changed from LRAT to BHP
    Well 100 control mode changed from LRAT to BHP
    Well 73 control mode changed from LRAT to BHP
    Well 81 control mode changed from LRAT to BHP
    Well 92 control mode changed from LRAT to BHP
    Well 55 control mode changed from LRAT to BHP
    Well 101 control mode changed from LRAT to BHP
    Well 18 control mode changed from LRAT to BHP
    Well 93 control mode changed from LRAT to BHP
    Well 82 control mode changed from LRAT to BHP
    Well 48 control mode changed from LRAT to BHP
    Well 54 control mode changed from LRAT to BHP
    Well 47 control mode changed from LRAT to BHP
    Well 90 control mode changed from LRAT to BHP
    Well 83 control mode changed from LRAT to BHP
    Well 85 control mode changed from LRAT to BHP
    Well 91 control mode changed from LRAT to BHP
    Well 96 control mode changed from LRAT to BHP
    Well 103 control mode changed from LRAT to BHP
    Well 11 control mode changed from LRAT to BHP
    Well 111 control mode changed from LRAT to BHP
    Well 20 control mode changed from LRAT to BHP
    Well 23 control mode changed from LRAT to BHP
    Well 24 control mode changed from LRAT to BHP
    Well 98 control mode changed from LRAT to BHP
    Well 99 control mode changed from LRAT to BHP
    Well 104 control mode changed from LRAT to BHP
    Well 106 control mode changed from LRAT to BHP
    Well 107 control mode changed from LRAT to BHP
    Well 109 control mode changed from LRAT to BHP
    Well 102 control mode changed from LRAT to BHP
    Well 108 control mode changed from LRAT to BHP
    Well 86 control mode changed from LRAT to BHP
    Well 14 control mode changed from LRAT to BHP
    Well 61 control mode changed from LRAT to BHP
 Newton its= 3, linearizations= 4 (1.9sec), linear its=  4 (2.5sec)

Report step 80/371 at day 3653/12511, date = 01-Jun-2001

Starting time step 0, stepsize 30 days, at day 3653/3683, date = 01-Jun-2001
    Well 1 control mode changed from LRAT to BHP
    Well 10 control mode changed from LRAT to BHP
    Well 2 control mode changed from LRAT to BHP
    Well 3 control mode changed from LRAT to BHP
    Well 46 control mode changed from LRAT to BHP
    Well 53 control mode changed from LRAT to BHP
    Well 6 control mode changed from LRAT to BHP
    Well 60 control mode changed from LRAT to BHP
    Well 7 control mode changed from LRAT to BHP
    Well 8 control mode changed from LRAT to BHP
    Well 52 control mode changed from LRAT to BHP
    Well 43 control mode changed from LRAT to BHP
    Well 22 control mode changed from LRAT to BHP
    Well 78 control mode changed from LRAT to BHP
    Well 57 control mode changed from LRAT to BHP
    Well 65 control mode changed from LRAT to BHP
    Well 66 control mode changed from LRAT to BHP
    Well 88 control mode changed from LRAT to BHP
    Well 94 control mode changed from LRAT to BHP
    Well 56 control mode changed from LRAT to BHP
    Well 58 control mode changed from LRAT to BHP
    Well 67 control mode changed from LRAT to BHP
    Well 79 control mode changed from LRAT to BHP
    Well 95 control mode changed from LRAT to BHP
    Well 68 control mode changed from LRAT to BHP
    Well 89 control mode changed from LRAT to BHP
    Well 76 control mode changed from LRAT to BHP
    Well 77 control mode changed from LRAT to BHP
    Well 80 control mode changed from LRAT to BHP
    Well 62 control mode changed from LRAT to BHP
    Well 63 control mode changed from LRAT to BHP
    Well 74 control mode changed from LRAT to BHP
    Well 75 control mode changed from LRAT to BHP
    Well 64 control mode changed from LRAT to BHP
    Well 100 control mode changed from LRAT to BHP
    Well 73 control mode changed from LRAT to BHP
    Well 81 control mode changed from LRAT to BHP
    Well 92 control mode changed from LRAT to BHP
    Well 55 control mode changed from LRAT to BHP
    Well 101 control mode changed from LRAT to BHP
    Well 18 control mode changed from LRAT to BHP
    Well 93 control mode changed from LRAT to BHP
    Well 82 control mode changed from LRAT to BHP
    Well 48 control mode changed from LRAT to BHP
    Well 54 control mode changed from LRAT to BHP
    Well 47 control mode changed from LRAT to BHP
    Well 49 control mode changed from RATE to BHP
    Well 90 control mode changed from LRAT to BHP
    Well 83 control mode changed from LRAT to BHP
    Well 85 control mode changed from LRAT to BHP
    Well 91 control mode changed from LRAT to BHP
    Well 96 control mode changed from LRAT to BHP
    Well 103 control mode changed from LRAT to BHP
    Well 11 control mode changed from LRAT to BHP
    Well 111 control mode changed from LRAT to BHP
    Well 20 control mode changed from LRAT to BHP
    Well 23 control mode changed from LRAT to BHP
    Well 24 control mode changed from LRAT to BHP
    Well 98 control mode changed from LRAT to BHP
    Well 99 control mode changed from LRAT to BHP
    Well 104 control mode changed from LRAT to BHP
    Well 106 control mode changed from LRAT to BHP
    Well 107 control mode changed from LRAT to BHP
    Well 109 control mode changed from LRAT to BHP
    Well 102 control mode changed from LRAT to BHP
    Well 108 control mode changed from LRAT to BHP
    Well 86 control mode changed from LRAT to BHP
    Well 14 control mode changed from LRAT to BHP
    Well 61 control mode changed from LRAT to BHP
 Newton its= 3, linearizations= 4 (1.8sec), linear its=  4 (1.8sec)

Report step 81/371 at day 3683/12511, date = 01-Jul-2001

Starting time step 0, stepsize 31 days, at day 3683/3714, date = 01-Jul-2001
    Well 1 control mode changed from LRAT to BHP
    Well 10 control mode changed from LRAT to BHP
    Well 2 control mode changed from LRAT to BHP
    Well 3 control mode changed from LRAT to BHP
    Well 46 control mode changed from LRAT to BHP
    Well 53 control mode changed from LRAT to BHP
    Well 6 control mode changed from LRAT to BHP
    Well 60 control mode changed from LRAT to BHP
    Well 7 control mode changed from LRAT to BHP
    Well 8 control mode changed from LRAT to BHP
    Well 52 control mode changed from LRAT to BHP
    Well 43 control mode changed from LRAT to BHP
    Well 22 control mode changed from LRAT to BHP
    Well 78 control mode changed from LRAT to BHP
    Well 57 control mode changed from LRAT to BHP
    Well 65 control mode changed from LRAT to BHP
    Well 66 control mode changed from LRAT to BHP
    Well 88 control mode changed from LRAT to BHP
    Well 94 control mode changed from LRAT to BHP
    Well 56 control mode changed from LRAT to BHP
    Well 58 control mode changed from LRAT to BHP
    Well 67 control mode changed from LRAT to BHP
    Well 79 control mode changed from LRAT to BHP
    Well 95 control mode changed from LRAT to BHP
    Well 68 control mode changed from LRAT to BHP
    Well 89 control mode changed from LRAT to BHP
    Well 76 control mode changed from LRAT to BHP
    Well 77 control mode changed from LRAT to BHP
    Well 80 control mode changed from LRAT to BHP
    Well 62 control mode changed from LRAT to BHP
    Well 63 control mode changed from LRAT to BHP
    Well 74 control mode changed from LRAT to BHP
    Well 75 control mode changed from LRAT to BHP
    Well 64 control mode changed from LRAT to BHP
    Well 100 control mode changed from LRAT to BHP
    Well 73 control mode changed from LRAT to BHP
    Well 81 control mode changed from LRAT to BHP
    Well 92 control mode changed from LRAT to BHP
    Well 55 control mode changed from LRAT to BHP
    Well 101 control mode changed from LRAT to BHP
    Well 18 control mode changed from LRAT to BHP
    Well 93 control mode changed from LRAT to BHP
    Well 82 control mode changed from LRAT to BHP
    Well 48 control mode changed from LRAT to BHP
    Well 54 control mode changed from LRAT to BHP
    Well 47 control mode changed from LRAT to BHP
    Well 90 control mode changed from LRAT to BHP
    Well 83 control mode changed from LRAT to BHP
    Well 85 control mode changed from LRAT to BHP
    Well 91 control mode changed from LRAT to BHP
    Well 96 control mode changed from LRAT to BHP
    Well 103 control mode changed from LRAT to BHP
    Well 11 control mode changed from LRAT to BHP
    Well 111 control mode changed from LRAT to BHP
    Well 20 control mode changed from LRAT to BHP
    Well 23 control mode changed from LRAT to BHP
    Well 24 control mode changed from LRAT to BHP
    Well 98 control mode changed from LRAT to BHP
    Well 99 control mode changed from LRAT to BHP
    Well 104 control mode changed from LRAT to BHP
    Well 106 control mode changed from LRAT to BHP
    Well 107 control mode changed from LRAT to BHP
    Well 109 control mode changed from LRAT to BHP
    Well 102 control mode changed from LRAT to BHP
    Well 108 control mode changed from LRAT to BHP
    Well 86 control mode changed from LRAT to BHP
    Well 14 control mode changed from LRAT to BHP
    Well 61 control mode changed from LRAT to BHP
 Newton its= 2, linearizations= 3 (1.5sec), linear its=  3 (1.3sec)

Report step 82/371 at day 3714/12511, date = 01-Aug-2001

Starting time step 0, stepsize 31 days, at day 3714/3745, date = 01-Aug-2001
    Well 1 control mode changed from LRAT to BHP
    Well 10 control mode changed from LRAT to BHP
    Well 2 control mode changed from LRAT to BHP
    Well 3 control mode changed from LRAT to BHP
    Well 46 control mode changed from LRAT to BHP
    Well 53 control mode changed from LRAT to BHP
    Well 6 control mode changed from LRAT to BHP
    Well 60 control mode changed from LRAT to BHP
    Well 7 control mode changed from LRAT to BHP
    Well 8 control mode changed from LRAT to BHP
    Well 52 control mode changed from LRAT to BHP
    Well 43 control mode changed from LRAT to BHP
    Well 22 control mode changed from LRAT to BHP
    Well 78 control mode changed from LRAT to BHP
    Well 57 control mode changed from LRAT to BHP
    Well 65 control mode changed from LRAT to BHP
    Well 66 control mode changed from LRAT to BHP
    Well 88 control mode changed from LRAT to BHP
    Well 94 control mode changed from LRAT to BHP
    Well 56 control mode changed from LRAT to BHP
    Well 58 control mode changed from LRAT to BHP
    Well 67 control mode changed from LRAT to BHP
    Well 79 control mode changed from LRAT to BHP
    Well 95 control mode changed from LRAT to BHP
    Well 68 control mode changed from LRAT to BHP
    Well 89 control mode changed from LRAT to BHP
    Well 76 control mode changed from LRAT to BHP
    Well 77 control mode changed from LRAT to BHP
    Well 80 control mode changed from LRAT to BHP
    Well 62 control mode changed from LRAT to BHP
    Well 63 control mode changed from LRAT to BHP
    Well 74 control mode changed from LRAT to BHP
    Well 75 control mode changed from LRAT to BHP
    Well 64 control mode changed from LRAT to BHP
    Well 100 control mode changed from LRAT to BHP
    Well 73 control mode changed from LRAT to BHP
    Well 81 control mode changed from LRAT to BHP
    Well 92 control mode changed from LRAT to BHP
    Well 55 control mode changed from LRAT to BHP
    Well 101 control mode changed from LRAT to BHP
    Well 18 control mode changed from LRAT to BHP
    Well 93 control mode changed from LRAT to BHP
    Well 82 control mode changed from LRAT to BHP
    Well 48 control mode changed from LRAT to BHP
    Well 54 control mode changed from LRAT to BHP
    Well 47 control mode changed from LRAT to BHP
    Well 90 control mode changed from LRAT to BHP
    Well 83 control mode changed from LRAT to BHP
    Well 85 control mode changed from LRAT to BHP
    Well 91 control mode changed from LRAT to BHP
    Well 96 control mode changed from LRAT to BHP
    Well 103 control mode changed from LRAT to BHP
    Well 11 control mode changed from LRAT to BHP
    Well 111 control mode changed from LRAT to BHP
    Well 20 control mode changed from LRAT to BHP
    Well 23 control mode changed from LRAT to BHP
    Well 24 control mode changed from LRAT to BHP
    Well 98 control mode changed from LRAT to BHP
    Well 99 control mode changed from LRAT to BHP
    Well 104 control mode changed from LRAT to BHP
    Well 106 control mode changed from LRAT to BHP
    Well 107 control mode changed from LRAT to BHP
    Well 109 control mode changed from LRAT to BHP
    Well 102 control mode changed from LRAT to BHP
    Well 108 control mode changed from LRAT to BHP
    Well 86 control mode changed from LRAT to BHP
    Well 14 control mode changed from LRAT to BHP
    Well 61 control mode changed from LRAT to BHP
 Newton its= 2, linearizations= 3 (1.6sec), linear its=  3 (1.5sec)

Report step 83/371 at day 3745/12511, date = 01-Sep-2001

Starting time step 0, stepsize 30 days, at day 3745/3775, date = 01-Sep-2001
    Well 1 control mode changed from LRAT to BHP
    Well 10 control mode changed from LRAT to BHP
    Well 2 control mode changed from LRAT to BHP
    Well 3 control mode changed from LRAT to BHP
    Well 46 control mode changed from LRAT to BHP
    Well 53 control mode changed from LRAT to BHP
    Well 6 control mode changed from LRAT to BHP
    Well 60 control mode changed from LRAT to BHP
    Well 7 control mode changed from LRAT to BHP
    Well 8 control mode changed from LRAT to BHP
    Well 52 control mode changed from LRAT to BHP
    Well 43 control mode changed from LRAT to BHP
    Well 22 control mode changed from LRAT to BHP
    Well 78 control mode changed from LRAT to BHP
    Well 57 control mode changed from LRAT to BHP
    Well 65 control mode changed from LRAT to BHP
    Well 66 control mode changed from LRAT to BHP
    Well 88 control mode changed from LRAT to BHP
    Well 94 control mode changed from LRAT to BHP
    Well 56 control mode changed from LRAT to BHP
    Well 58 control mode changed from LRAT to BHP
    Well 67 control mode changed from LRAT to BHP
    Well 79 control mode changed from LRAT to BHP
    Well 95 control mode changed from LRAT to BHP
    Well 68 control mode changed from LRAT to BHP
    Well 89 control mode changed from LRAT to BHP
    Well 76 control mode changed from LRAT to BHP
    Well 77 control mode changed from LRAT to BHP
    Well 80 control mode changed from LRAT to BHP
    Well 62 control mode changed from LRAT to BHP
    Well 63 control mode changed from LRAT to BHP
    Well 74 control mode changed from LRAT to BHP
    Well 75 control mode changed from LRAT to BHP
    Well 64 control mode changed from LRAT to BHP
    Well 100 control mode changed from LRAT to BHP
    Well 73 control mode changed from LRAT to BHP
    Well 81 control mode changed from LRAT to BHP
    Well 92 control mode changed from LRAT to BHP
    Well 55 control mode changed from LRAT to BHP
    Well 101 control mode changed from LRAT to BHP
    Well 18 control mode changed from LRAT to BHP
    Well 93 control mode changed from LRAT to BHP
    Well 82 control mode changed from LRAT to BHP
    Well 48 control mode changed from LRAT to BHP
    Well 54 control mode changed from LRAT to BHP
    Well 47 control mode changed from LRAT to BHP
    Well 90 control mode changed from LRAT to BHP
    Well 83 control mode changed from LRAT to BHP
    Well 85 control mode changed from LRAT to BHP
    Well 91 control mode changed from LRAT to BHP
    Well 96 control mode changed from LRAT to BHP
    Well 103 control mode changed from LRAT to BHP
    Well 11 control mode changed from LRAT to BHP
    Well 111 control mode changed from LRAT to BHP
    Well 20 control mode changed from LRAT to BHP
    Well 23 control mode changed from LRAT to BHP
    Well 24 control mode changed from LRAT to BHP
    Well 98 control mode changed from LRAT to BHP
    Well 99 control mode changed from LRAT to BHP
    Well 104 control mode changed from LRAT to BHP
    Well 106 control mode changed from LRAT to BHP
    Well 107 control mode changed from LRAT to BHP
    Well 109 control mode changed from LRAT to BHP
    Well 102 control mode changed from LRAT to BHP
    Well 108 control mode changed from LRAT to BHP
    Well 86 control mode changed from LRAT to BHP
    Well 14 control mode changed from LRAT to BHP
    Well 61 control mode changed from LRAT to BHP
 Newton its= 2, linearizations= 3 (1.6sec), linear its=  3 (1.4sec)

Report step 84/371 at day 3775/12511, date = 01-Oct-2001

Starting time step 0, stepsize 31 days, at day 3775/3806, date = 01-Oct-2001
    Well 1 control mode changed from LRAT to BHP
    Well 10 control mode changed from LRAT to BHP
    Well 2 control mode changed from LRAT to BHP
    Well 3 control mode changed from LRAT to BHP
    Well 46 control mode changed from LRAT to BHP
    Well 53 control mode changed from LRAT to BHP
    Well 6 control mode changed from LRAT to BHP
    Well 60 control mode changed from LRAT to BHP
    Well 7 control mode changed from LRAT to BHP
    Well 8 control mode changed from LRAT to BHP
    Well 52 control mode changed from LRAT to BHP
    Well 43 control mode changed from LRAT to BHP
    Well 22 control mode changed from LRAT to BHP
    Well 78 control mode changed from LRAT to BHP
    Well 57 control mode changed from LRAT to BHP
    Well 65 control mode changed from LRAT to BHP
    Well 66 control mode changed from LRAT to BHP
    Well 88 control mode changed from LRAT to BHP
    Well 94 control mode changed from LRAT to BHP
    Well 56 control mode changed from LRAT to BHP
    Well 58 control mode changed from LRAT to BHP
    Well 67 control mode changed from LRAT to BHP
    Well 79 control mode changed from LRAT to BHP
    Well 95 control mode changed from LRAT to BHP
    Well 68 control mode changed from LRAT to BHP
    Well 89 control mode changed from LRAT to BHP
    Well 76 control mode changed from LRAT to BHP
    Well 77 control mode changed from LRAT to BHP
    Well 80 control mode changed from LRAT to BHP
    Well 62 control mode changed from LRAT to BHP
    Well 63 control mode changed from LRAT to BHP
    Well 74 control mode changed from LRAT to BHP
    Well 75 control mode changed from LRAT to BHP
    Well 64 control mode changed from LRAT to BHP
    Well 100 control mode changed from LRAT to BHP
    Well 73 control mode changed from LRAT to BHP
    Well 81 control mode changed from LRAT to BHP
    Well 92 control mode changed from LRAT to BHP
    Well 55 control mode changed from LRAT to BHP
    Well 101 control mode changed from LRAT to BHP
    Well 18 control mode changed from LRAT to BHP
    Well 93 control mode changed from LRAT to BHP
    Well 82 control mode changed from LRAT to BHP
    Well 48 control mode changed from LRAT to BHP
    Well 54 control mode changed from LRAT to BHP
    Well 47 control mode changed from LRAT to BHP
    Well 90 control mode changed from LRAT to BHP
    Well 83 control mode changed from LRAT to BHP
    Well 85 control mode changed from LRAT to BHP
    Well 91 control mode changed from LRAT to BHP
    Well 96 control mode changed from LRAT to BHP
    Well 103 control mode changed from LRAT to BHP
    Well 11 control mode changed from LRAT to BHP
    Well 111 control mode changed from LRAT to BHP
    Well 20 control mode changed from LRAT to BHP
    Well 23 control mode changed from LRAT to BHP
    Well 24 control mode changed from LRAT to BHP
    Well 98 control mode changed from LRAT to BHP
    Well 99 control mode changed from LRAT to BHP
    Well 104 control mode changed from LRAT to BHP
    Well 106 control mode changed from LRAT to BHP
    Well 107 control mode changed from LRAT to BHP
    Well 109 control mode changed from LRAT to BHP
    Well 102 control mode changed from LRAT to BHP
    Well 108 control mode changed from LRAT to BHP
    Well 86 control mode changed from LRAT to BHP
    Well 14 control mode changed from LRAT to BHP
    Well 61 control mode changed from LRAT to BHP
Well 52 will be shut as it can not operate under current reservoir conditions.
 Newton its= 2, linearizations= 3 (1.5sec), linear its=  3 (1.5sec)

Report step 85/371 at day 3806/12511, date = 01-Nov-2001

Starting time step 0, stepsize 30 days, at day 3806/3836, date = 01-Nov-2001
    Well 1 control mode changed from LRAT to BHP
    Well 10 control mode changed from LRAT to BHP
    Well 2 control mode changed from LRAT to BHP
    Well 3 control mode changed from LRAT to BHP
    Well 46 control mode changed from LRAT to BHP
    Well 53 control mode changed from LRAT to BHP
    Well 6 control mode changed from LRAT to BHP
    Well 60 control mode changed from LRAT to BHP
    Well 7 control mode changed from LRAT to BHP
    Well 8 control mode changed from LRAT to BHP
    Well 52 control mode changed from LRAT to BHP
    Well 43 control mode changed from LRAT to BHP
    Well 22 control mode changed from LRAT to BHP
    Well 78 control mode changed from LRAT to BHP
    Well 57 control mode changed from LRAT to BHP
    Well 65 control mode changed from LRAT to BHP
    Well 66 control mode changed from LRAT to BHP
    Well 88 control mode changed from LRAT to BHP
    Well 94 control mode changed from LRAT to BHP
    Well 56 control mode changed from LRAT to BHP
    Well 58 control mode changed from LRAT to BHP
    Well 67 control mode changed from LRAT to BHP
    Well 79 control mode changed from LRAT to BHP
    Well 95 control mode changed from LRAT to BHP
    Well 68 control mode changed from LRAT to BHP
    Well 89 control mode changed from LRAT to BHP
    Well 76 control mode changed from LRAT to BHP
    Well 77 control mode changed from LRAT to BHP
    Well 80 control mode changed from LRAT to BHP
    Well 62 control mode changed from LRAT to BHP
    Well 63 control mode changed from LRAT to BHP
    Well 74 control mode changed from LRAT to BHP
    Well 75 control mode changed from LRAT to BHP
    Well 64 control mode changed from LRAT to BHP
    Well 100 control mode changed from LRAT to BHP
    Well 73 control mode changed from LRAT to BHP
    Well 81 control mode changed from LRAT to BHP
    Well 92 control mode changed from LRAT to BHP
    Well 55 control mode changed from LRAT to BHP
    Well 101 control mode changed from LRAT to BHP
    Well 18 control mode changed from LRAT to BHP
    Well 93 control mode changed from LRAT to BHP
    Well 82 control mode changed from LRAT to BHP
    Well 48 control mode changed from LRAT to BHP
    Well 54 control mode changed from LRAT to BHP
    Well 47 control mode changed from LRAT to BHP
    Well 90 control mode changed from LRAT to BHP
    Well 83 control mode changed from LRAT to BHP
    Well 85 control mode changed from LRAT to BHP
    Well 91 control mode changed from LRAT to BHP
    Well 96 control mode changed from LRAT to BHP
    Well 103 control mode changed from LRAT to BHP
    Well 11 control mode changed from LRAT to BHP
    Well 111 control mode changed from LRAT to BHP
    Well 20 control mode changed from LRAT to BHP
    Well 23 control mode changed from LRAT to BHP
    Well 24 control mode changed from LRAT to BHP
    Well 98 control mode changed from LRAT to BHP
    Well 99 control mode changed from LRAT to BHP
    Well 104 control mode changed from LRAT to BHP
    Well 106 control mode changed from LRAT to BHP
    Well 107 control mode changed from LRAT to BHP
    Well 109 control mode changed from LRAT to BHP
    Well 102 control mode changed from LRAT to BHP
    Well 108 control mode changed from LRAT to BHP
    Well 86 control mode changed from LRAT to BHP
    Well 14 control mode changed from LRAT to BHP
    Well 61 control mode changed from LRAT to BHP
 Newton its= 2, linearizations= 3 (1.5sec), linear its=  3 (1.2sec)

Report step 86/371 at day 3836/12511, date = 01-Dec-2001

Starting time step 0, stepsize 31 days, at day 3836/3867, date = 01-Dec-2001
    Well 1 control mode changed from LRAT to BHP
    Well 10 control mode changed from LRAT to BHP
    Well 2 control mode changed from LRAT to BHP
    Well 3 control mode changed from LRAT to BHP
    Well 46 control mode changed from LRAT to BHP
    Well 53 control mode changed from LRAT to BHP
    Well 6 control mode changed from LRAT to BHP
    Well 60 control mode changed from LRAT to BHP
    Well 7 control mode changed from LRAT to BHP
    Well 8 control mode changed from LRAT to BHP
    Well 52 control mode changed from LRAT to BHP
    Well 43 control mode changed from LRAT to BHP
    Well 22 control mode changed from LRAT to BHP
    Well 78 control mode changed from LRAT to BHP
    Well 57 control mode changed from LRAT to BHP
    Well 65 control mode changed from LRAT to BHP
    Well 66 control mode changed from LRAT to BHP
    Well 88 control mode changed from LRAT to BHP
    Well 94 control mode changed from LRAT to BHP
    Well 56 control mode changed from LRAT to BHP
    Well 58 control mode changed from LRAT to BHP
    Well 67 control mode changed from LRAT to BHP
    Well 79 control mode changed from LRAT to BHP
    Well 95 control mode changed from LRAT to BHP
    Well 68 control mode changed from LRAT to BHP
    Well 89 control mode changed from LRAT to BHP
    Well 76 control mode changed from LRAT to BHP
    Well 77 control mode changed from LRAT to BHP
    Well 80 control mode changed from LRAT to BHP
    Well 27 control mode changed from RATE to BHP
    Well 59 control mode changed from RATE to BHP
    Well 62 control mode changed from LRAT to BHP
    Well 63 control mode changed from LRAT to BHP
    Well 74 control mode changed from LRAT to BHP
    Well 75 control mode changed from LRAT to BHP
    Well 64 control mode changed from LRAT to BHP
    Well 100 control mode changed from LRAT to BHP
    Well 73 control mode changed from LRAT to BHP
    Well 81 control mode changed from LRAT to BHP
    Well 92 control mode changed from LRAT to BHP
    Well 55 control mode changed from LRAT to BHP
    Well 101 control mode changed from LRAT to BHP
    Well 18 control mode changed from LRAT to BHP
    Well 93 control mode changed from LRAT to BHP
    Well 82 control mode changed from LRAT to BHP
    Well 48 control mode changed from LRAT to BHP
    Well 54 control mode changed from LRAT to BHP
    Well 47 control mode changed from LRAT to BHP
    Well 90 control mode changed from LRAT to BHP
    Well 83 control mode changed from LRAT to BHP
    Well 85 control mode changed from LRAT to BHP
    Well 91 control mode changed from LRAT to BHP
    Well 96 control mode changed from LRAT to BHP
    Well 103 control mode changed from LRAT to BHP
    Well 11 control mode changed from LRAT to BHP
    Well 111 control mode changed from LRAT to BHP
    Well 20 control mode changed from LRAT to BHP
    Well 23 control mode changed from LRAT to BHP
    Well 24 control mode changed from LRAT to BHP
    Well 98 control mode changed from LRAT to BHP
    Well 99 control mode changed from LRAT to BHP
    Well 104 control mode changed from LRAT to BHP
    Well 106 control mode changed from LRAT to BHP
    Well 107 control mode changed from LRAT to BHP
    Well 109 control mode changed from LRAT to BHP
    Well 102 control mode changed from LRAT to BHP
    Well 108 control mode changed from LRAT to BHP
    Well 86 control mode changed from LRAT to BHP
    Well 14 control mode changed from LRAT to BHP
    Well 61 control mode changed from LRAT to BHP
 Newton its= 2, linearizations= 3 (1.4sec), linear its=  3 (1.2sec)

Report step 87/371 at day 3867/12511, date = 01-Jan-2002

Starting time step 0, stepsize 31 days, at day 3867/3898, date = 01-Jan-2002
    Well 1 control mode changed from LRAT to BHP
    Well 10 control mode changed from LRAT to BHP
    Well 2 control mode changed from LRAT to BHP
    Well 3 control mode changed from LRAT to BHP
    Well 46 control mode changed from LRAT to BHP
    Well 53 control mode changed from LRAT to BHP
    Well 6 control mode changed from LRAT to BHP
    Well 60 control mode changed from LRAT to BHP
    Well 7 control mode changed from LRAT to BHP
    Well 8 control mode changed from LRAT to BHP
    Well 52 control mode changed from LRAT to BHP
    Well 43 control mode changed from LRAT to BHP
    Well 22 control mode changed from LRAT to BHP
    Well 78 control mode changed from LRAT to BHP
    Well 57 control mode changed from LRAT to BHP
    Well 65 control mode changed from LRAT to BHP
    Well 66 control mode changed from LRAT to BHP
    Well 88 control mode changed from LRAT to BHP
    Well 94 control mode changed from LRAT to BHP
    Well 56 control mode changed from LRAT to BHP
    Well 58 control mode changed from LRAT to BHP
    Well 67 control mode changed from LRAT to BHP
    Well 79 control mode changed from LRAT to BHP
    Well 95 control mode changed from LRAT to BHP
    Well 68 control mode changed from LRAT to BHP
    Well 89 control mode changed from LRAT to BHP
    Well 76 control mode changed from LRAT to BHP
    Well 77 control mode changed from LRAT to BHP
    Well 80 control mode changed from LRAT to BHP
    Well 62 control mode changed from LRAT to BHP
    Well 63 control mode changed from LRAT to BHP
    Well 74 control mode changed from LRAT to BHP
    Well 75 control mode changed from LRAT to BHP
    Well 64 control mode changed from LRAT to BHP
    Well 100 control mode changed from LRAT to BHP
    Well 73 control mode changed from LRAT to BHP
    Well 81 control mode changed from LRAT to BHP
    Well 92 control mode changed from LRAT to BHP
    Well 55 control mode changed from LRAT to BHP
    Well 101 control mode changed from LRAT to BHP
    Well 18 control mode changed from LRAT to BHP
    Well 93 control mode changed from LRAT to BHP
    Well 82 control mode changed from LRAT to BHP
    Well 48 control mode changed from LRAT to BHP
    Well 54 control mode changed from LRAT to BHP
    Well 47 control mode changed from LRAT to BHP
    Well 90 control mode changed from LRAT to BHP
    Well 83 control mode changed from LRAT to BHP
    Well 85 control mode changed from LRAT to BHP
    Well 91 control mode changed from LRAT to BHP
    Well 96 control mode changed from LRAT to BHP
    Well 103 control mode changed from LRAT to BHP
    Well 11 control mode changed from LRAT to BHP
    Well 111 control mode changed from LRAT to BHP
    Well 20 control mode changed from LRAT to BHP
    Well 23 control mode changed from LRAT to BHP
    Well 24 control mode changed from LRAT to BHP
    Well 98 control mode changed from LRAT to BHP
    Well 99 control mode changed from LRAT to BHP
    Well 104 control mode changed from LRAT to BHP
    Well 106 control mode changed from LRAT to BHP
    Well 107 control mode changed from LRAT to BHP
    Well 109 control mode changed from LRAT to BHP
    Well 102 control mode changed from LRAT to BHP
    Well 108 control mode changed from LRAT to BHP
    Well 86 control mode changed from LRAT to BHP
    Well 14 control mode changed from LRAT to BHP
    Well 61 control mode changed from LRAT to BHP
Well 52 will be shut as it can not operate under current reservoir conditions.
 Newton its= 2, linearizations= 3 (1.6sec), linear its=  3 (1.4sec)

Report step 88/371 at day 3898/12511, date = 01-Feb-2002

Starting time step 0, stepsize 28 days, at day 3898/3926, date = 01-Feb-2002
    Well 1 control mode changed from LRAT to BHP
    Well 10 control mode changed from LRAT to BHP
    Well 2 control mode changed from LRAT to BHP
    Well 3 control mode changed from LRAT to BHP
    Well 46 control mode changed from LRAT to BHP
    Well 53 control mode changed from LRAT to BHP
    Well 6 control mode changed from LRAT to BHP
    Well 60 control mode changed from LRAT to BHP
    Well 7 control mode changed from LRAT to BHP
    Well 8 control mode changed from LRAT to BHP
    Well 52 control mode changed from LRAT to BHP
    Well 43 control mode changed from LRAT to BHP
    Well 22 control mode changed from LRAT to BHP
    Well 78 control mode changed from LRAT to BHP
    Well 57 control mode changed from LRAT to BHP
    Well 65 control mode changed from LRAT to BHP
    Well 66 control mode changed from LRAT to BHP
    Well 88 control mode changed from LRAT to BHP
    Well 94 control mode changed from LRAT to BHP
    Well 56 control mode changed from LRAT to BHP
    Well 58 control mode changed from LRAT to BHP
    Well 67 control mode changed from LRAT to BHP
    Well 79 control mode changed from LRAT to BHP
    Well 95 control mode changed from LRAT to BHP
    Well 68 control mode changed from LRAT to BHP
    Well 89 control mode changed from LRAT to BHP
    Well 76 control mode changed from LRAT to BHP
    Well 77 control mode changed from LRAT to BHP
    Well 80 control mode changed from LRAT to BHP
    Well 62 control mode changed from LRAT to BHP
    Well 63 control mode changed from LRAT to BHP
    Well 74 control mode changed from LRAT to BHP
    Well 75 control mode changed from LRAT to BHP
    Well 64 control mode changed from LRAT to BHP
    Well 100 control mode changed from LRAT to BHP
    Well 73 control mode changed from LRAT to BHP
    Well 81 control mode changed from LRAT to BHP
    Well 92 control mode changed from LRAT to BHP
    Well 55 control mode changed from LRAT to BHP
    Well 101 control mode changed from LRAT to BHP
    Well 18 control mode changed from LRAT to BHP
    Well 93 control mode changed from LRAT to BHP
    Well 82 control mode changed from LRAT to BHP
    Well 48 control mode changed from LRAT to BHP
    Well 54 control mode changed from LRAT to BHP
    Well 47 control mode changed from LRAT to BHP
    Well 90 control mode changed from LRAT to BHP
    Well 83 control mode changed from LRAT to BHP
    Well 85 control mode changed from LRAT to BHP
    Well 91 control mode changed from LRAT to BHP
    Well 96 control mode changed from LRAT to BHP
    Well 103 control mode changed from LRAT to BHP
    Well 11 control mode changed from LRAT to BHP
    Well 111 control mode changed from LRAT to BHP
    Well 20 control mode changed from LRAT to BHP
    Well 23 control mode changed from LRAT to BHP
    Well 24 control mode changed from LRAT to BHP
    Well 98 control mode changed from LRAT to BHP
    Well 99 control mode changed from LRAT to BHP
    Well 104 control mode changed from LRAT to BHP
    Well 106 control mode changed from LRAT to BHP
    Well 107 control mode changed from LRAT to BHP
    Well 109 control mode changed from LRAT to BHP
    Well 102 control mode changed from LRAT to BHP
    Well 108 control mode changed from LRAT to BHP
    Well 86 control mode changed from LRAT to BHP
    Well 14 control mode changed from LRAT to BHP
    Well 61 control mode changed from LRAT to BHP
 Newton its= 2, linearizations= 3 (1.7sec), linear its=  3 (1.6sec)

Report step 89/371 at day 3926/12511, date = 01-Mar-2002

Starting time step 0, stepsize 31 days, at day 3926/3957, date = 01-Mar-2002
    Well 1 control mode changed from LRAT to BHP
    Well 10 control mode changed from LRAT to BHP
    Well 2 control mode changed from LRAT to BHP
    Well 3 control mode changed from LRAT to BHP
    Well 46 control mode changed from LRAT to BHP
    Well 53 control mode changed from LRAT to BHP
    Well 6 control mode changed from LRAT to BHP
    Well 60 control mode changed from LRAT to BHP
    Well 7 control mode changed from LRAT to BHP
    Well 8 control mode changed from LRAT to BHP
    Well 52 control mode changed from LRAT to BHP
    Well 43 control mode changed from LRAT to BHP
    Well 22 control mode changed from LRAT to BHP
    Well 78 control mode changed from LRAT to BHP
    Well 57 control mode changed from LRAT to BHP
    Well 65 control mode changed from LRAT to BHP
    Well 66 control mode changed from LRAT to BHP
    Well 88 control mode changed from LRAT to BHP
    Well 94 control mode changed from LRAT to BHP
    Well 56 control mode changed from LRAT to BHP
    Well 58 control mode changed from LRAT to BHP
    Well 67 control mode changed from LRAT to BHP
    Well 79 control mode changed from LRAT to BHP
    Well 95 control mode changed from LRAT to BHP
    Well 68 control mode changed from LRAT to BHP
    Well 89 control mode changed from LRAT to BHP
    Well 76 control mode changed from LRAT to BHP
    Well 77 control mode changed from LRAT to BHP
    Well 80 control mode changed from LRAT to BHP
    Well 62 control mode changed from LRAT to BHP
    Well 63 control mode changed from LRAT to BHP
    Well 74 control mode changed from LRAT to BHP
    Well 75 control mode changed from LRAT to BHP
    Well 64 control mode changed from LRAT to BHP
    Well 100 control mode changed from LRAT to BHP
    Well 73 control mode changed from LRAT to BHP
    Well 81 control mode changed from LRAT to BHP
    Well 92 control mode changed from LRAT to BHP
    Well 55 control mode changed from LRAT to BHP
    Well 101 control mode changed from LRAT to BHP
    Well 18 control mode changed from LRAT to BHP
    Well 93 control mode changed from LRAT to BHP
    Well 82 control mode changed from LRAT to BHP
    Well 48 control mode changed from LRAT to BHP
    Well 54 control mode changed from LRAT to BHP
    Well 47 control mode changed from LRAT to BHP
    Well 90 control mode changed from LRAT to BHP
    Well 83 control mode changed from LRAT to BHP
    Well 85 control mode changed from LRAT to BHP
    Well 91 control mode changed from LRAT to BHP
    Well 96 control mode changed from LRAT to BHP
    Well 103 control mode changed from LRAT to BHP
    Well 11 control mode changed from LRAT to BHP
    Well 111 control mode changed from LRAT to BHP
    Well 20 control mode changed from LRAT to BHP
    Well 23 control mode changed from LRAT to BHP
    Well 24 control mode changed from LRAT to BHP
    Well 98 control mode changed from LRAT to BHP
    Well 99 control mode changed from LRAT to BHP
    Well 104 control mode changed from LRAT to BHP
    Well 106 control mode changed from LRAT to BHP
    Well 107 control mode changed from LRAT to BHP
    Well 109 control mode changed from LRAT to BHP
    Well 102 control mode changed from LRAT to BHP
    Well 108 control mode changed from LRAT to BHP
    Well 86 control mode changed from LRAT to BHP
    Well 87 control mode changed from LRAT to BHP
    Well 14 control mode changed from LRAT to BHP
    Well 61 control mode changed from LRAT to BHP
 Newton its= 2, linearizations= 3 (1.4sec), linear its=  3 (1.3sec)

Report step 90/371 at day 3957/12511, date = 01-Apr-2002

Starting time step 0, stepsize 30 days, at day 3957/3987, date = 01-Apr-2002
    Well 1 control mode changed from LRAT to BHP
    Well 10 control mode changed from LRAT to BHP
    Well 2 control mode changed from LRAT to BHP
    Well 3 control mode changed from LRAT to BHP
    Well 46 control mode changed from LRAT to BHP
    Well 53 control mode changed from LRAT to BHP
    Well 6 control mode changed from LRAT to BHP
    Well 60 control mode changed from LRAT to BHP
    Well 7 control mode changed from LRAT to BHP
    Well 8 control mode changed from LRAT to BHP
    Well 52 control mode changed from LRAT to BHP
    Well 43 control mode changed from LRAT to BHP
    Well 22 control mode changed from LRAT to BHP
    Well 78 control mode changed from LRAT to BHP
    Well 57 control mode changed from LRAT to BHP
    Well 65 control mode changed from LRAT to BHP
    Well 66 control mode changed from LRAT to BHP
    Well 88 control mode changed from LRAT to BHP
    Well 94 control mode changed from LRAT to BHP
    Well 56 control mode changed from LRAT to BHP
    Well 58 control mode changed from LRAT to BHP
    Well 67 control mode changed from LRAT to BHP
    Well 79 control mode changed from LRAT to BHP
    Well 95 control mode changed from LRAT to BHP
    Well 68 control mode changed from LRAT to BHP
    Well 89 control mode changed from LRAT to BHP
    Well 76 control mode changed from LRAT to BHP
    Well 77 control mode changed from LRAT to BHP
    Well 80 control mode changed from LRAT to BHP
    Well 62 control mode changed from LRAT to BHP
    Well 63 control mode changed from LRAT to BHP
    Well 74 control mode changed from LRAT to BHP
    Well 75 control mode changed from LRAT to BHP
    Well 64 control mode changed from LRAT to BHP
    Well 100 control mode changed from LRAT to BHP
    Well 73 control mode changed from LRAT to BHP
    Well 81 control mode changed from LRAT to BHP
    Well 92 control mode changed from LRAT to BHP
    Well 55 control mode changed from LRAT to BHP
    Well 101 control mode changed from LRAT to BHP
    Well 18 control mode changed from LRAT to BHP
    Well 93 control mode changed from LRAT to BHP
    Well 82 control mode changed from LRAT to BHP
    Well 48 control mode changed from LRAT to BHP
    Well 54 control mode changed from LRAT to BHP
    Well 47 control mode changed from LRAT to BHP
    Well 90 control mode changed from LRAT to BHP
    Well 83 control mode changed from LRAT to BHP
    Well 85 control mode changed from LRAT to BHP
    Well 91 control mode changed from LRAT to BHP
    Well 96 control mode changed from LRAT to BHP
    Well 103 control mode changed from LRAT to BHP
    Well 11 control mode changed from LRAT to BHP
    Well 111 control mode changed from LRAT to BHP
    Well 20 control mode changed from LRAT to BHP
    Well 23 control mode changed from LRAT to BHP
    Well 24 control mode changed from LRAT to BHP
    Well 98 control mode changed from LRAT to BHP
    Well 99 control mode changed from LRAT to BHP
    Well 104 control mode changed from LRAT to BHP
    Well 106 control mode changed from LRAT to BHP
    Well 107 control mode changed from LRAT to BHP
    Well 109 control mode changed from LRAT to BHP
    Well 102 control mode changed from LRAT to BHP
    Well 108 control mode changed from LRAT to BHP
    Well 86 control mode changed from LRAT to BHP
    Well 87 control mode changed from LRAT to BHP
    Well 14 control mode changed from LRAT to BHP
    Well 61 control mode changed from LRAT to BHP
 Newton its= 2, linearizations= 3 (1.5sec), linear its=  3 (1.2sec)

Report step 91/371 at day 3987/12511, date = 01-May-2002

Starting time step 0, stepsize 31 days, at day 3987/4018, date = 01-May-2002
    Well 1 control mode changed from LRAT to BHP
    Well 10 control mode changed from LRAT to BHP
    Well 2 control mode changed from LRAT to BHP
    Well 3 control mode changed from LRAT to BHP
    Well 46 control mode changed from LRAT to BHP
    Well 53 control mode changed from LRAT to BHP
    Well 6 control mode changed from LRAT to BHP
    Well 60 control mode changed from LRAT to BHP
    Well 8 control mode changed from LRAT to BHP
    Well 52 control mode changed from LRAT to BHP
    Well 43 control mode changed from LRAT to BHP
    Well 22 control mode changed from LRAT to BHP
    Well 78 control mode changed from LRAT to BHP
    Well 57 control mode changed from LRAT to BHP
    Well 65 control mode changed from LRAT to BHP
    Well 66 control mode changed from LRAT to BHP
    Well 88 control mode changed from LRAT to BHP
    Well 94 control mode changed from LRAT to BHP
    Well 56 control mode changed from LRAT to BHP
    Well 58 control mode changed from LRAT to BHP
    Well 67 control mode changed from LRAT to BHP
    Well 79 control mode changed from LRAT to BHP
    Well 95 control mode changed from LRAT to BHP
    Well 68 control mode changed from LRAT to BHP
    Well 89 control mode changed from LRAT to BHP
    Well 76 control mode changed from LRAT to BHP
    Well 77 control mode changed from LRAT to BHP
    Well 80 control mode changed from LRAT to BHP
    Well 62 control mode changed from LRAT to BHP
    Well 63 control mode changed from LRAT to BHP
    Well 74 control mode changed from LRAT to BHP
    Well 75 control mode changed from LRAT to BHP
    Well 64 control mode changed from LRAT to BHP
    Well 100 control mode changed from LRAT to BHP
    Well 73 control mode changed from LRAT to BHP
    Well 81 control mode changed from LRAT to BHP
    Well 92 control mode changed from LRAT to BHP
    Well 55 control mode changed from LRAT to BHP
    Well 101 control mode changed from LRAT to BHP
    Well 18 control mode changed from LRAT to BHP
    Well 93 control mode changed from LRAT to BHP
    Well 82 control mode changed from LRAT to BHP
    Well 48 control mode changed from LRAT to BHP
    Well 54 control mode changed from LRAT to BHP
    Well 47 control mode changed from LRAT to BHP
    Well 90 control mode changed from LRAT to BHP
    Well 83 control mode changed from LRAT to BHP
    Well 85 control mode changed from LRAT to BHP
    Well 91 control mode changed from LRAT to BHP
    Well 96 control mode changed from LRAT to BHP
    Well 103 control mode changed from LRAT to BHP
    Well 11 control mode changed from LRAT to BHP
    Well 111 control mode changed from LRAT to BHP
    Well 20 control mode changed from LRAT to BHP
    Well 23 control mode changed from LRAT to BHP
    Well 24 control mode changed from LRAT to BHP
    Well 98 control mode changed from LRAT to BHP
    Well 99 control mode changed from LRAT to BHP
    Well 104 control mode changed from LRAT to BHP
    Well 106 control mode changed from LRAT to BHP
    Well 107 control mode changed from LRAT to BHP
    Well 109 control mode changed from LRAT to BHP
    Well 102 control mode changed from LRAT to BHP
    Well 108 control mode changed from LRAT to BHP
    Well 86 control mode changed from LRAT to BHP
    Well 87 control mode changed from LRAT to BHP
    Well 14 control mode changed from LRAT to BHP
    Well 61 control mode changed from LRAT to BHP
Well 52 will be shut as it can not operate under current reservoir conditions.
 Newton its= 2, linearizations= 3 (1.7sec), linear its=  4 (1.6sec)

Report step 92/371 at day 4018/12511, date = 01-Jun-2002

Starting time step 0, stepsize 30 days, at day 4018/4048, date = 01-Jun-2002
    Well 1 control mode changed from LRAT to BHP
    Well 10 control mode changed from LRAT to BHP
    Well 2 control mode changed from LRAT to BHP
    Well 3 control mode changed from LRAT to BHP
    Well 46 control mode changed from LRAT to BHP
    Well 53 control mode changed from LRAT to BHP
    Well 6 control mode changed from LRAT to BHP
    Well 60 control mode changed from LRAT to BHP
    Well 8 control mode changed from LRAT to BHP
    Well 52 control mode changed from LRAT to BHP
    Well 43 control mode changed from LRAT to BHP
    Well 22 control mode changed from LRAT to BHP
    Well 78 control mode changed from LRAT to BHP
    Well 57 control mode changed from LRAT to BHP
    Well 65 control mode changed from LRAT to BHP
    Well 66 control mode changed from LRAT to BHP
    Well 88 control mode changed from LRAT to BHP
    Well 94 control mode changed from LRAT to BHP
    Well 56 control mode changed from LRAT to BHP
    Well 58 control mode changed from LRAT to BHP
    Well 67 control mode changed from LRAT to BHP
    Well 79 control mode changed from LRAT to BHP
    Well 95 control mode changed from LRAT to BHP
    Well 68 control mode changed from LRAT to BHP
    Well 89 control mode changed from LRAT to BHP
    Well 76 control mode changed from LRAT to BHP
    Well 77 control mode changed from LRAT to BHP
    Well 80 control mode changed from LRAT to BHP
    Well 62 control mode changed from LRAT to BHP
    Well 63 control mode changed from LRAT to BHP
    Well 74 control mode changed from LRAT to BHP
    Well 75 control mode changed from LRAT to BHP
    Well 64 control mode changed from LRAT to BHP
    Well 100 control mode changed from LRAT to BHP
    Well 73 control mode changed from LRAT to BHP
    Well 81 control mode changed from LRAT to BHP
    Well 92 control mode changed from LRAT to BHP
    Well 55 control mode changed from LRAT to BHP
    Well 101 control mode changed from LRAT to BHP
    Well 18 control mode changed from LRAT to BHP
    Well 93 control mode changed from LRAT to BHP
    Well 82 control mode changed from LRAT to BHP
    Well 48 control mode changed from LRAT to BHP
    Well 54 control mode changed from LRAT to BHP
    Well 47 control mode changed from LRAT to BHP
    Well 90 control mode changed from LRAT to BHP
    Well 83 control mode changed from LRAT to BHP
    Well 85 control mode changed from LRAT to BHP
    Well 91 control mode changed from LRAT to BHP
    Well 96 control mode changed from LRAT to BHP
    Well 103 control mode changed from LRAT to BHP
    Well 11 control mode changed from LRAT to BHP
    Well 111 control mode changed from LRAT to BHP
    Well 20 control mode changed from LRAT to BHP
    Well 23 control mode changed from LRAT to BHP
    Well 24 control mode changed from LRAT to BHP
    Well 98 control mode changed from LRAT to BHP
    Well 99 control mode changed from LRAT to BHP
    Well 104 control mode changed from LRAT to BHP
    Well 106 control mode changed from LRAT to BHP
    Well 107 control mode changed from LRAT to BHP
    Well 109 control mode changed from LRAT to BHP
    Well 102 control mode changed from LRAT to BHP
    Well 108 control mode changed from LRAT to BHP
    Well 86 control mode changed from LRAT to BHP
    Well 87 control mode changed from LRAT to BHP
    Well 14 control mode changed from LRAT to BHP
    Well 61 control mode changed from LRAT to BHP
 Newton its= 2, linearizations= 3 (1.5sec), linear its=  3 (1.4sec)

Report step 93/371 at day 4048/12511, date = 01-Jul-2002

Starting time step 0, stepsize 31 days, at day 4048/4079, date = 01-Jul-2002
    Well 1 control mode changed from LRAT to BHP
    Well 10 control mode changed from LRAT to BHP
    Well 2 control mode changed from LRAT to BHP
    Well 3 control mode changed from LRAT to BHP
    Well 46 control mode changed from LRAT to BHP
    Well 53 control mode changed from LRAT to BHP
    Well 6 control mode changed from LRAT to BHP
    Well 60 control mode changed from LRAT to BHP
    Well 8 control mode changed from LRAT to BHP
    Well 52 control mode changed from LRAT to BHP
    Well 43 control mode changed from LRAT to BHP
    Well 22 control mode changed from LRAT to BHP
    Well 78 control mode changed from LRAT to BHP
    Well 57 control mode changed from LRAT to BHP
    Well 65 control mode changed from LRAT to BHP
    Well 66 control mode changed from LRAT to BHP
    Well 88 control mode changed from LRAT to BHP
    Well 94 control mode changed from LRAT to BHP
    Well 56 control mode changed from LRAT to BHP
    Well 58 control mode changed from LRAT to BHP
    Well 67 control mode changed from LRAT to BHP
    Well 79 control mode changed from LRAT to BHP
    Well 95 control mode changed from LRAT to BHP
    Well 68 control mode changed from LRAT to BHP
    Well 89 control mode changed from LRAT to BHP
    Well 76 control mode changed from LRAT to BHP
    Well 77 control mode changed from LRAT to BHP
    Well 80 control mode changed from LRAT to BHP
    Well 62 control mode changed from LRAT to BHP
    Well 63 control mode changed from LRAT to BHP
    Well 74 control mode changed from LRAT to BHP
    Well 75 control mode changed from LRAT to BHP
    Well 64 control mode changed from LRAT to BHP
    Well 100 control mode changed from LRAT to BHP
    Well 73 control mode changed from LRAT to BHP
    Well 81 control mode changed from LRAT to BHP
    Well 92 control mode changed from LRAT to BHP
    Well 55 control mode changed from LRAT to BHP
    Well 101 control mode changed from LRAT to BHP
    Well 18 control mode changed from LRAT to BHP
    Well 93 control mode changed from LRAT to BHP
    Well 82 control mode changed from LRAT to BHP
    Well 48 control mode changed from LRAT to BHP
    Well 54 control mode changed from LRAT to BHP
    Well 47 control mode changed from LRAT to BHP
    Well 90 control mode changed from LRAT to BHP
    Well 83 control mode changed from LRAT to BHP
    Well 85 control mode changed from LRAT to BHP
    Well 91 control mode changed from LRAT to BHP
    Well 96 control mode changed from LRAT to BHP
    Well 103 control mode changed from LRAT to BHP
    Well 11 control mode changed from LRAT to BHP
    Well 111 control mode changed from LRAT to BHP
    Well 20 control mode changed from LRAT to BHP
    Well 23 control mode changed from LRAT to BHP
    Well 24 control mode changed from LRAT to BHP
    Well 98 control mode changed from LRAT to BHP
    Well 99 control mode changed from LRAT to BHP
    Well 104 control mode changed from LRAT to BHP
    Well 106 control mode changed from LRAT to BHP
    Well 107 control mode changed from LRAT to BHP
    Well 109 control mode changed from LRAT to BHP
    Well 102 control mode changed from LRAT to BHP
    Well 108 control mode changed from LRAT to BHP
    Well 86 control mode changed from LRAT to BHP
    Well 87 control mode changed from LRAT to BHP
    Well 14 control mode changed from LRAT to BHP
    Well 61 control mode changed from LRAT to BHP
 Newton its= 2, linearizations= 3 (1.5sec), linear its=  3 (1.7sec)

Report step 94/371 at day 4079/12511, date = 01-Aug-2002

Starting time step 0, stepsize 31 days, at day 4079/4110, date = 01-Aug-2002
    Well 1 control mode changed from LRAT to BHP
    Well 10 control mode changed from LRAT to BHP
    Well 2 control mode changed from LRAT to BHP
    Well 3 control mode changed from LRAT to BHP
    Well 46 control mode changed from LRAT to BHP
    Well 53 control mode changed from LRAT to BHP
    Well 6 control mode changed from LRAT to BHP
    Well 60 control mode changed from LRAT to BHP
    Well 8 control mode changed from LRAT to BHP
    Well 52 control mode changed from LRAT to BHP
    Well 43 control mode changed from LRAT to BHP
    Well 22 control mode changed from LRAT to BHP
    Well 78 control mode changed from LRAT to BHP
    Well 57 control mode changed from LRAT to BHP
    Well 65 control mode changed from LRAT to BHP
    Well 66 control mode changed from LRAT to BHP
    Well 88 control mode changed from LRAT to BHP
    Well 94 control mode changed from LRAT to BHP
    Well 56 control mode changed from LRAT to BHP
    Well 58 control mode changed from LRAT to BHP
    Well 67 control mode changed from LRAT to BHP
    Well 79 control mode changed from LRAT to BHP
    Well 95 control mode changed from LRAT to BHP
    Well 68 control mode changed from LRAT to BHP
    Well 89 control mode changed from LRAT to BHP
    Well 76 control mode changed from LRAT to BHP
    Well 77 control mode changed from LRAT to BHP
    Well 80 control mode changed from LRAT to BHP
    Well 62 control mode changed from LRAT to BHP
    Well 63 control mode changed from LRAT to BHP
    Well 74 control mode changed from LRAT to BHP
    Well 75 control mode changed from LRAT to BHP
    Well 64 control mode changed from LRAT to BHP
    Well 100 control mode changed from LRAT to BHP
    Well 73 control mode changed from LRAT to BHP
    Well 81 control mode changed from LRAT to BHP
    Well 92 control mode changed from LRAT to BHP
    Well 55 control mode changed from LRAT to BHP
    Well 101 control mode changed from LRAT to BHP
    Well 18 control mode changed from LRAT to BHP
    Well 93 control mode changed from LRAT to BHP
    Well 82 control mode changed from LRAT to BHP
    Well 48 control mode changed from LRAT to BHP
    Well 54 control mode changed from LRAT to BHP
    Well 47 control mode changed from LRAT to BHP
    Well 90 control mode changed from LRAT to BHP
    Well 83 control mode changed from LRAT to BHP
    Well 85 control mode changed from LRAT to BHP
    Well 91 control mode changed from LRAT to BHP
    Well 96 control mode changed from LRAT to BHP
    Well 103 control mode changed from LRAT to BHP
    Well 11 control mode changed from LRAT to BHP
    Well 111 control mode changed from LRAT to BHP
    Well 20 control mode changed from LRAT to BHP
    Well 23 control mode changed from LRAT to BHP
    Well 24 control mode changed from LRAT to BHP
    Well 98 control mode changed from LRAT to BHP
    Well 99 control mode changed from LRAT to BHP
    Well 104 control mode changed from LRAT to BHP
    Well 106 control mode changed from LRAT to BHP
    Well 107 control mode changed from LRAT to BHP
    Well 109 control mode changed from LRAT to BHP
    Well 102 control mode changed from LRAT to BHP
    Well 108 control mode changed from LRAT to BHP
    Well 86 control mode changed from LRAT to BHP
    Well 87 control mode changed from LRAT to BHP
    Well 14 control mode changed from LRAT to BHP
    Well 61 control mode changed from LRAT to BHP
 Newton its= 2, linearizations= 3 (1.3sec), linear its=  3 (1.1sec)

Report step 95/371 at day 4110/12511, date = 01-Sep-2002

Starting time step 0, stepsize 30 days, at day 4110/4140, date = 01-Sep-2002
    Well 1 control mode changed from LRAT to BHP
    Well 10 control mode changed from LRAT to BHP
    Well 2 control mode changed from LRAT to BHP
    Well 3 control mode changed from LRAT to BHP
    Well 46 control mode changed from LRAT to BHP
    Well 53 control mode changed from LRAT to BHP
    Well 6 control mode changed from LRAT to BHP
    Well 60 control mode changed from LRAT to BHP
    Well 8 control mode changed from LRAT to BHP
    Well 52 control mode changed from LRAT to BHP
    Well 43 control mode changed from LRAT to BHP
    Well 22 control mode changed from LRAT to BHP
    Well 78 control mode changed from LRAT to BHP
    Well 57 control mode changed from LRAT to BHP
    Well 65 control mode changed from LRAT to BHP
    Well 66 control mode changed from LRAT to BHP
    Well 88 control mode changed from LRAT to BHP
    Well 94 control mode changed from LRAT to BHP
    Well 56 control mode changed from LRAT to BHP
    Well 58 control mode changed from LRAT to BHP
    Well 67 control mode changed from LRAT to BHP
    Well 79 control mode changed from LRAT to BHP
    Well 95 control mode changed from LRAT to BHP
    Well 68 control mode changed from LRAT to BHP
    Well 89 control mode changed from LRAT to BHP
    Well 76 control mode changed from LRAT to BHP
    Well 77 control mode changed from LRAT to BHP
    Well 80 control mode changed from LRAT to BHP
    Well 62 control mode changed from LRAT to BHP
    Well 63 control mode changed from LRAT to BHP
    Well 74 control mode changed from LRAT to BHP
    Well 75 control mode changed from LRAT to BHP
    Well 64 control mode changed from LRAT to BHP
    Well 100 control mode changed from LRAT to BHP
    Well 73 control mode changed from LRAT to BHP
    Well 81 control mode changed from LRAT to BHP
    Well 92 control mode changed from LRAT to BHP
    Well 55 control mode changed from LRAT to BHP
    Well 101 control mode changed from LRAT to BHP
    Well 18 control mode changed from LRAT to BHP
    Well 93 control mode changed from LRAT to BHP
    Well 82 control mode changed from LRAT to BHP
    Well 48 control mode changed from LRAT to BHP
    Well 54 control mode changed from LRAT to BHP
    Well 47 control mode changed from LRAT to BHP
    Well 90 control mode changed from LRAT to BHP
    Well 83 control mode changed from LRAT to BHP
    Well 85 control mode changed from LRAT to BHP
    Well 91 control mode changed from LRAT to BHP
    Well 96 control mode changed from LRAT to BHP
    Well 103 control mode changed from LRAT to BHP
    Well 11 control mode changed from LRAT to BHP
    Well 111 control mode changed from LRAT to BHP
    Well 20 control mode changed from LRAT to BHP
    Well 23 control mode changed from LRAT to BHP
    Well 24 control mode changed from LRAT to BHP
    Well 98 control mode changed from LRAT to BHP
    Well 99 control mode changed from LRAT to BHP
    Well 104 control mode changed from LRAT to BHP
    Well 106 control mode changed from LRAT to BHP
    Well 107 control mode changed from LRAT to BHP
    Well 109 control mode changed from LRAT to BHP
    Well 102 control mode changed from LRAT to BHP
    Well 108 control mode changed from LRAT to BHP
    Well 86 control mode changed from LRAT to BHP
    Well 87 control mode changed from LRAT to BHP
    Well 14 control mode changed from LRAT to BHP
    Well 61 control mode changed from LRAT to BHP
Well 52 will be shut as it can not operate under current reservoir conditions.
 Newton its= 2, linearizations= 3 (1.3sec), linear its=  3 (1.1sec)

Report step 96/371 at day 4140/12511, date = 01-Oct-2002

Starting time step 0, stepsize 31 days, at day 4140/4171, date = 01-Oct-2002
    Well 1 control mode changed from LRAT to BHP
    Well 10 control mode changed from LRAT to BHP
    Well 2 control mode changed from LRAT to BHP
    Well 3 control mode changed from LRAT to BHP
    Well 46 control mode changed from LRAT to BHP
    Well 53 control mode changed from LRAT to BHP
    Well 6 control mode changed from LRAT to BHP
    Well 60 control mode changed from LRAT to BHP
    Well 8 control mode changed from LRAT to BHP
    Well 52 control mode changed from LRAT to BHP
    Well 43 control mode changed from LRAT to BHP
    Well 22 control mode changed from LRAT to BHP
    Well 78 control mode changed from LRAT to BHP
    Well 57 control mode changed from LRAT to BHP
    Well 65 control mode changed from LRAT to BHP
    Well 66 control mode changed from LRAT to BHP
    Well 88 control mode changed from LRAT to BHP
    Well 94 control mode changed from LRAT to BHP
    Well 56 control mode changed from LRAT to BHP
    Well 58 control mode changed from LRAT to BHP
    Well 67 control mode changed from LRAT to BHP
    Well 79 control mode changed from LRAT to BHP
    Well 95 control mode changed from LRAT to BHP
    Well 68 control mode changed from LRAT to BHP
    Well 89 control mode changed from LRAT to BHP
    Well 76 control mode changed from LRAT to BHP
    Well 77 control mode changed from LRAT to BHP
    Well 80 control mode changed from LRAT to BHP
    Well 62 control mode changed from LRAT to BHP
    Well 63 control mode changed from LRAT to BHP
    Well 74 control mode changed from LRAT to BHP
    Well 75 control mode changed from LRAT to BHP
    Well 64 control mode changed from LRAT to BHP
    Well 100 control mode changed from LRAT to BHP
    Well 73 control mode changed from LRAT to BHP
    Well 81 control mode changed from LRAT to BHP
    Well 92 control mode changed from LRAT to BHP
    Well 55 control mode changed from LRAT to BHP
    Well 101 control mode changed from LRAT to BHP
    Well 18 control mode changed from LRAT to BHP
    Well 93 control mode changed from LRAT to BHP
    Well 82 control mode changed from LRAT to BHP
    Well 48 control mode changed from LRAT to BHP
    Well 54 control mode changed from LRAT to BHP
    Well 47 control mode changed from LRAT to BHP
    Well 90 control mode changed from LRAT to BHP
    Well 83 control mode changed from LRAT to BHP
    Well 85 control mode changed from LRAT to BHP
    Well 91 control mode changed from LRAT to BHP
    Well 96 control mode changed from LRAT to BHP
    Well 103 control mode changed from LRAT to BHP
    Well 11 control mode changed from LRAT to BHP
    Well 111 control mode changed from LRAT to BHP
    Well 20 control mode changed from LRAT to BHP
    Well 23 control mode changed from LRAT to BHP
    Well 24 control mode changed from LRAT to BHP
    Well 98 control mode changed from LRAT to BHP
    Well 99 control mode changed from LRAT to BHP
    Well 104 control mode changed from LRAT to BHP
    Well 106 control mode changed from LRAT to BHP
    Well 107 control mode changed from LRAT to BHP
    Well 109 control mode changed from LRAT to BHP
    Well 102 control mode changed from LRAT to BHP
    Well 108 control mode changed from LRAT to BHP
    Well 86 control mode changed from LRAT to BHP
    Well 87 control mode changed from LRAT to BHP
    Well 14 control mode changed from LRAT to BHP
    Well 61 control mode changed from LRAT to BHP
 Newton its= 2, linearizations= 3 (1.5sec), linear its=  3 (1.4sec)

Report step 97/371 at day 4171/12511, date = 01-Nov-2002

Starting time step 0, stepsize 30 days, at day 4171/4201, date = 01-Nov-2002
    Well 1 control mode changed from LRAT to BHP
    Well 10 control mode changed from LRAT to BHP
    Well 2 control mode changed from LRAT to BHP
    Well 3 control mode changed from LRAT to BHP
    Well 46 control mode changed from LRAT to BHP
    Well 53 control mode changed from LRAT to BHP
    Well 6 control mode changed from LRAT to BHP
    Well 60 control mode changed from LRAT to BHP
    Well 8 control mode changed from LRAT to BHP
    Well 52 control mode changed from LRAT to BHP
    Well 43 control mode changed from LRAT to BHP
    Well 22 control mode changed from LRAT to BHP
    Well 78 control mode changed from LRAT to BHP
    Well 57 control mode changed from LRAT to BHP
    Well 65 control mode changed from LRAT to BHP
    Well 66 control mode changed from LRAT to BHP
    Well 88 control mode changed from LRAT to BHP
    Well 94 control mode changed from LRAT to BHP
    Well 56 control mode changed from LRAT to BHP
    Well 58 control mode changed from LRAT to BHP
    Well 67 control mode changed from LRAT to BHP
    Well 79 control mode changed from LRAT to BHP
    Well 95 control mode changed from LRAT to BHP
    Well 68 control mode changed from LRAT to BHP
    Well 89 control mode changed from LRAT to BHP
    Well 76 control mode changed from LRAT to BHP
    Well 77 control mode changed from LRAT to BHP
    Well 80 control mode changed from LRAT to BHP
    Well 62 control mode changed from LRAT to BHP
    Well 63 control mode changed from LRAT to BHP
    Well 74 control mode changed from LRAT to BHP
    Well 75 control mode changed from LRAT to BHP
    Well 64 control mode changed from LRAT to BHP
    Well 100 control mode changed from LRAT to BHP
    Well 73 control mode changed from LRAT to BHP
    Well 81 control mode changed from LRAT to BHP
    Well 92 control mode changed from LRAT to BHP
    Well 55 control mode changed from LRAT to BHP
    Well 101 control mode changed from LRAT to BHP
    Well 18 control mode changed from LRAT to BHP
    Well 93 control mode changed from LRAT to BHP
    Well 82 control mode changed from LRAT to BHP
    Well 48 control mode changed from LRAT to BHP
    Well 54 control mode changed from LRAT to BHP
    Well 47 control mode changed from LRAT to BHP
    Well 90 control mode changed from LRAT to BHP
    Well 83 control mode changed from LRAT to BHP
    Well 85 control mode changed from LRAT to BHP
    Well 91 control mode changed from LRAT to BHP
    Well 96 control mode changed from LRAT to BHP
    Well 103 control mode changed from LRAT to BHP
    Well 11 control mode changed from LRAT to BHP
    Well 111 control mode changed from LRAT to BHP
    Well 20 control mode changed from LRAT to BHP
    Well 23 control mode changed from LRAT to BHP
    Well 24 control mode changed from LRAT to BHP
    Well 98 control mode changed from LRAT to BHP
    Well 99 control mode changed from LRAT to BHP
    Well 104 control mode changed from LRAT to BHP
    Well 106 control mode changed from LRAT to BHP
    Well 107 control mode changed from LRAT to BHP
    Well 109 control mode changed from LRAT to BHP
    Well 102 control mode changed from LRAT to BHP
    Well 108 control mode changed from LRAT to BHP
    Well 86 control mode changed from LRAT to BHP
    Well 87 control mode changed from LRAT to BHP
    Well 14 control mode changed from LRAT to BHP
    Well 61 control mode changed from LRAT to BHP
 Newton its= 2, linearizations= 3 (1.5sec), linear its=  3 (1.1sec)

Report step 98/371 at day 4201/12511, date = 01-Dec-2002

Starting time step 0, stepsize 31 days, at day 4201/4232, date = 01-Dec-2002
    Well 1 control mode changed from LRAT to BHP
    Well 10 control mode changed from LRAT to BHP
    Well 2 control mode changed from LRAT to BHP
    Well 3 control mode changed from LRAT to BHP
    Well 46 control mode changed from LRAT to BHP
    Well 53 control mode changed from LRAT to BHP
    Well 6 control mode changed from LRAT to BHP
    Well 60 control mode changed from LRAT to BHP
    Well 8 control mode changed from LRAT to BHP
    Well 52 control mode changed from LRAT to BHP
    Well 43 control mode changed from LRAT to BHP
    Well 22 control mode changed from LRAT to BHP
    Well 78 control mode changed from LRAT to BHP
    Well 57 control mode changed from LRAT to BHP
    Well 65 control mode changed from LRAT to BHP
    Well 66 control mode changed from LRAT to BHP
    Well 88 control mode changed from LRAT to BHP
    Well 94 control mode changed from LRAT to BHP
    Well 56 control mode changed from LRAT to BHP
    Well 58 control mode changed from LRAT to BHP
    Well 67 control mode changed from LRAT to BHP
    Well 79 control mode changed from LRAT to BHP
    Well 95 control mode changed from LRAT to BHP
    Well 68 control mode changed from LRAT to BHP
    Well 89 control mode changed from LRAT to BHP
    Well 76 control mode changed from LRAT to BHP
    Well 77 control mode changed from LRAT to BHP
    Well 80 control mode changed from LRAT to BHP
    Well 62 control mode changed from LRAT to BHP
    Well 63 control mode changed from LRAT to BHP
    Well 74 control mode changed from LRAT to BHP
    Well 75 control mode changed from LRAT to BHP
    Well 64 control mode changed from LRAT to BHP
    Well 100 control mode changed from LRAT to BHP
    Well 73 control mode changed from LRAT to BHP
    Well 81 control mode changed from LRAT to BHP
    Well 92 control mode changed from LRAT to BHP
    Well 55 control mode changed from LRAT to BHP
    Well 101 control mode changed from LRAT to BHP
    Well 18 control mode changed from LRAT to BHP
    Well 93 control mode changed from LRAT to BHP
    Well 82 control mode changed from LRAT to BHP
    Well 48 control mode changed from LRAT to BHP
    Well 54 control mode changed from LRAT to BHP
    Well 47 control mode changed from LRAT to BHP
    Well 90 control mode changed from LRAT to BHP
    Well 83 control mode changed from LRAT to BHP
    Well 85 control mode changed from LRAT to BHP
    Well 91 control mode changed from LRAT to BHP
    Well 96 control mode changed from LRAT to BHP
    Well 103 control mode changed from LRAT to BHP
    Well 11 control mode changed from LRAT to BHP
    Well 111 control mode changed from LRAT to BHP
    Well 20 control mode changed from LRAT to BHP
    Well 23 control mode changed from LRAT to BHP
    Well 24 control mode changed from LRAT to BHP
    Well 98 control mode changed from LRAT to BHP
    Well 99 control mode changed from LRAT to BHP
    Well 104 control mode changed from LRAT to BHP
    Well 106 control mode changed from LRAT to BHP
    Well 107 control mode changed from LRAT to BHP
    Well 109 control mode changed from LRAT to BHP
    Well 102 control mode changed from LRAT to BHP
    Well 108 control mode changed from LRAT to BHP
    Well 86 control mode changed from LRAT to BHP
    Well 87 control mode changed from LRAT to BHP
    Well 14 control mode changed from LRAT to BHP
    Well 61 control mode changed from LRAT to BHP
 Newton its= 2, linearizations= 3 (1.4sec), linear its=  3 (1.3sec)

Report step 99/371 at day 4232/12511, date = 01-Jan-2003

Starting time step 0, stepsize 31 days, at day 4232/4263, date = 01-Jan-2003
    Oscillating behavior detected: Relaxation set to 0.900000
    The control mode for well 25 is oscillating. 
We don't allow for more than 3 switches after NUPCOL iterations. (NUPCOL = 3) 
The control is kept at RATE.
    Well 1 control mode changed from LRAT to BHP
    Well 10 control mode changed from LRAT to BHP
    Well 2 control mode changed from LRAT to BHP
    Well 3 control mode changed from LRAT to BHP
    Well 46 control mode changed from LRAT to BHP
    Well 53 control mode changed from RATE to BHP
    Well 6 control mode changed from LRAT to BHP
    Well 60 control mode changed from LRAT to BHP
    Well 8 control mode changed from LRAT to BHP
    Well 52 control mode changed from LRAT to BHP
    Well 43 control mode changed from LRAT to BHP
    Well 78 control mode changed from LRAT to BHP
    Well 57 control mode changed from LRAT to BHP
    Well 65 control mode changed from RATE to BHP
    Well 66 control mode changed from LRAT to BHP
    Well 88 control mode changed from LRAT to BHP
    Well 94 control mode changed from LRAT to BHP
    Well 56 control mode changed from LRAT to BHP
    Well 58 control mode changed from LRAT to BHP
    Well 67 control mode changed from LRAT to BHP
    Well 79 control mode changed from LRAT to BHP
    Well 95 control mode changed from LRAT to BHP
    Well 68 control mode changed from LRAT to BHP
    Well 89 control mode changed from LRAT to BHP
    Well 76 control mode changed from LRAT to BHP
    Well 77 control mode changed from LRAT to BHP
    Well 80 control mode changed from LRAT to BHP
    Well 27 control mode changed from RATE to BHP
    Well 59 control mode changed from RATE to BHP
    Well 62 control mode changed from LRAT to BHP
    Well 63 control mode changed from LRAT to BHP
    Well 74 control mode changed from LRAT to BHP
    Well 75 control mode changed from LRAT to BHP
    Well 64 control mode changed from LRAT to BHP
    Well 100 control mode changed from LRAT to BHP
    Well 73 control mode changed from LRAT to BHP
    Well 81 control mode changed from LRAT to BHP
    Well 92 control mode changed from LRAT to BHP
    Well 55 control mode changed from LRAT to BHP
    Well 101 control mode changed from LRAT to BHP
    Well 93 control mode changed from LRAT to BHP
    Well 82 control mode changed from LRAT to BHP
    Well 48 control mode changed from LRAT to BHP
    Well 54 control mode changed from LRAT to BHP
    Well 47 control mode changed from LRAT to BHP
    Well 49 control mode changed from RATE to BHP
    Well 90 control mode changed from LRAT to BHP
    Well 83 control mode changed from LRAT to BHP
    Well 85 control mode changed from LRAT to BHP
    Well 91 control mode changed from LRAT to BHP
    Well 96 control mode changed from LRAT to BHP
    Well 103 control mode changed from LRAT to BHP
    Well 11 control mode changed from LRAT to BHP
    Well 111 control mode changed from LRAT to BHP
    Well 20 control mode changed from LRAT to BHP
    Well 23 control mode changed from LRAT to BHP
    Well 24 control mode changed from LRAT to BHP
    Well 98 control mode changed from LRAT to BHP
    Well 99 control mode changed from LRAT to BHP
    Well 104 control mode changed from LRAT to BHP
    Well 106 control mode changed from LRAT to BHP
    Well 107 control mode changed from LRAT to BHP
    Well 109 control mode changed from LRAT to BHP
    Well 102 control mode changed from LRAT to BHP
    Well 108 control mode changed from LRAT to BHP
    Well 86 control mode changed from LRAT to BHP
    Well 14 control mode changed from LRAT to BHP
    Well 61 control mode changed from RATE to BHP
    Well 33 control mode changed from RATE to BHP
 Newton its=10, linearizations=11 (5.2sec), linear its= 47 (11.0sec)

Report step 100/371 at day 4263/12511, date = 01-Feb-2003

Starting time step 0, stepsize 14 days, at day 4263/4291, date = 01-Feb-2003
    Well 1 control mode changed from LRAT to BHP
    Well 10 control mode changed from LRAT to BHP
    Well 2 control mode changed from LRAT to BHP
    Well 3 control mode changed from LRAT to BHP
    Well 46 control mode changed from LRAT to BHP
    Well 6 control mode changed from LRAT to BHP
    Well 60 control mode changed from LRAT to BHP
    Well 8 control mode changed from LRAT to BHP
    Well 52 control mode changed from LRAT to BHP
    Well 43 control mode changed from LRAT to BHP
    Well 78 control mode changed from LRAT to BHP
    Well 57 control mode changed from LRAT to BHP
    Well 66 control mode changed from LRAT to BHP
    Well 88 control mode changed from LRAT to BHP
    Well 94 control mode changed from LRAT to BHP
    Well 56 control mode changed from LRAT to BHP
    Well 58 control mode changed from LRAT to BHP
    Well 67 control mode changed from LRAT to BHP
    Well 79 control mode changed from LRAT to BHP
    Well 95 control mode changed from LRAT to BHP
    Well 68 control mode changed from LRAT to BHP
    Well 89 control mode changed from LRAT to BHP
    Well 76 control mode changed from LRAT to BHP
    Well 77 control mode changed from LRAT to BHP
    Well 80 control mode changed from LRAT to BHP
    Well 62 control mode changed from LRAT to BHP
    Well 63 control mode changed from LRAT to BHP
    Well 74 control mode changed from LRAT to BHP
    Well 75 control mode changed from LRAT to BHP
    Well 64 control mode changed from LRAT to BHP
    Well 100 control mode changed from LRAT to BHP
    Well 73 control mode changed from LRAT to BHP
    Well 81 control mode changed from LRAT to BHP
    Well 92 control mode changed from LRAT to BHP
    Well 55 control mode changed from LRAT to BHP
    Well 101 control mode changed from LRAT to BHP
    Well 93 control mode changed from LRAT to BHP
    Well 82 control mode changed from LRAT to BHP
    Well 48 control mode changed from LRAT to BHP
    Well 54 control mode changed from LRAT to BHP
    Well 47 control mode changed from LRAT to BHP
    Well 90 control mode changed from LRAT to BHP
    Well 83 control mode changed from LRAT to BHP
    Well 85 control mode changed from LRAT to BHP
    Well 91 control mode changed from LRAT to BHP
    Well 96 control mode changed from LRAT to BHP
    Well 103 control mode changed from LRAT to BHP
    Well 11 control mode changed from LRAT to BHP
    Well 111 control mode changed from LRAT to BHP
    Well 20 control mode changed from LRAT to BHP
    Well 23 control mode changed from LRAT to BHP
    Well 24 control mode changed from LRAT to BHP
    Well 98 control mode changed from LRAT to BHP
    Well 99 control mode changed from LRAT to BHP
    Well 104 control mode changed from LRAT to BHP
    Well 106 control mode changed from LRAT to BHP
    Well 107 control mode changed from LRAT to BHP
    Well 109 control mode changed from LRAT to BHP
    Well 102 control mode changed from LRAT to BHP
    Well 108 control mode changed from LRAT to BHP
    Well 86 control mode changed from LRAT to BHP
    Well 14 control mode changed from LRAT to BHP
    Well 25 control mode changed from RATE to BHP
    Well 33 control mode changed from BHP to RATE
 Newton its= 3, linearizations= 4 (1.7sec), linear its=  3 (1.6sec)

Starting time step 1, stepsize 14 days, at day 4277/4291, date = 15-Feb-2003
    Well 107 control mode changed from BHP to LRAT
 Newton its= 3, linearizations= 4 (2.0sec), linear its=  6 (2.2sec)

Report step 101/371 at day 4291/12511, date = 01-Mar-2003

Starting time step 0, stepsize 31 days, at day 4291/4322, date = 01-Mar-2003
    Well 1 control mode changed from LRAT to BHP
    Well 10 control mode changed from LRAT to BHP
    Well 2 control mode changed from LRAT to BHP
    Well 3 control mode changed from LRAT to BHP
    Well 46 control mode changed from LRAT to BHP
    Well 6 control mode changed from LRAT to BHP
    Well 60 control mode changed from LRAT to BHP
    Well 8 control mode changed from LRAT to BHP
    Well 52 control mode changed from LRAT to BHP
    Well 43 control mode changed from LRAT to BHP
    Well 78 control mode changed from LRAT to BHP
    Well 57 control mode changed from LRAT to BHP
    Well 66 control mode changed from LRAT to BHP
    Well 88 control mode changed from LRAT to BHP
    Well 94 control mode changed from LRAT to BHP
    Well 56 control mode changed from LRAT to BHP
    Well 58 control mode changed from LRAT to BHP
    Well 67 control mode changed from LRAT to BHP
    Well 79 control mode changed from LRAT to BHP
    Well 95 control mode changed from LRAT to BHP
    Well 68 control mode changed from LRAT to BHP
    Well 89 control mode changed from LRAT to BHP
    Well 76 control mode changed from LRAT to BHP
    Well 77 control mode changed from LRAT to BHP
    Well 80 control mode changed from LRAT to BHP
    Well 62 control mode changed from LRAT to BHP
    Well 63 control mode changed from LRAT to BHP
    Well 74 control mode changed from LRAT to BHP
    Well 75 control mode changed from LRAT to BHP
    Well 64 control mode changed from LRAT to BHP
    Well 100 control mode changed from LRAT to BHP
    Well 73 control mode changed from LRAT to BHP
    Well 81 control mode changed from LRAT to BHP
    Well 92 control mode changed from LRAT to BHP
    Well 55 control mode changed from LRAT to BHP
    Well 101 control mode changed from LRAT to BHP
    Well 93 control mode changed from LRAT to BHP
    Well 82 control mode changed from LRAT to BHP
    Well 48 control mode changed from LRAT to BHP
    Well 54 control mode changed from LRAT to BHP
    Well 47 control mode changed from LRAT to BHP
    Well 90 control mode changed from LRAT to BHP
    Well 83 control mode changed from LRAT to BHP
    Well 85 control mode changed from LRAT to BHP
    Well 91 control mode changed from LRAT to BHP
    Well 96 control mode changed from LRAT to BHP
    Well 103 control mode changed from LRAT to BHP
    Well 11 control mode changed from LRAT to BHP
    Well 111 control mode changed from LRAT to BHP
    Well 20 control mode changed from LRAT to BHP
    Well 23 control mode changed from LRAT to BHP
    Well 24 control mode changed from LRAT to BHP
    Well 98 control mode changed from LRAT to BHP
    Well 99 control mode changed from LRAT to BHP
    Well 104 control mode changed from LRAT to BHP
    Well 106 control mode changed from LRAT to BHP
    Well 109 control mode changed from LRAT to BHP
    Well 102 control mode changed from LRAT to BHP
    Well 86 control mode changed from LRAT to BHP
    Well 14 control mode changed from LRAT to BHP
    Well 25 control mode changed from BHP to RATE
 Newton its= 2, linearizations= 3 (1.5sec), linear its=  4 (1.3sec)

Report step 102/371 at day 4322/12511, date = 01-Apr-2003

Starting time step 0, stepsize 30 days, at day 4322/4352, date = 01-Apr-2003
    Well 1 control mode changed from LRAT to BHP
    Well 10 control mode changed from LRAT to BHP
    Well 2 control mode changed from LRAT to BHP
    Well 3 control mode changed from LRAT to BHP
    Well 46 control mode changed from LRAT to BHP
    Well 6 control mode changed from LRAT to BHP
    Well 60 control mode changed from LRAT to BHP
    Well 8 control mode changed from LRAT to BHP
    Well 52 control mode changed from LRAT to BHP
    Well 43 control mode changed from LRAT to BHP
    Well 78 control mode changed from LRAT to BHP
    Well 57 control mode changed from LRAT to BHP
    Well 66 control mode changed from LRAT to BHP
    Well 88 control mode changed from LRAT to BHP
    Well 94 control mode changed from LRAT to BHP
    Well 56 control mode changed from LRAT to BHP
    Well 58 control mode changed from LRAT to BHP
    Well 67 control mode changed from LRAT to BHP
    Well 79 control mode changed from LRAT to BHP
    Well 95 control mode changed from LRAT to BHP
    Well 68 control mode changed from LRAT to BHP
    Well 89 control mode changed from LRAT to BHP
    Well 76 control mode changed from LRAT to BHP
    Well 77 control mode changed from LRAT to BHP
    Well 80 control mode changed from LRAT to BHP
    Well 62 control mode changed from LRAT to BHP
    Well 63 control mode changed from LRAT to BHP
    Well 74 control mode changed from LRAT to BHP
    Well 75 control mode changed from LRAT to BHP
    Well 64 control mode changed from LRAT to BHP
    Well 100 control mode changed from LRAT to BHP
    Well 73 control mode changed from LRAT to BHP
    Well 81 control mode changed from LRAT to BHP
    Well 92 control mode changed from LRAT to BHP
    Well 55 control mode changed from LRAT to BHP
    Well 101 control mode changed from LRAT to BHP
    Well 93 control mode changed from LRAT to BHP
    Well 82 control mode changed from LRAT to BHP
    Well 48 control mode changed from LRAT to BHP
    Well 54 control mode changed from LRAT to BHP
    Well 47 control mode changed from LRAT to BHP
    Well 90 control mode changed from LRAT to BHP
    Well 83 control mode changed from LRAT to BHP
    Well 85 control mode changed from LRAT to BHP
    Well 91 control mode changed from LRAT to BHP
    Well 96 control mode changed from LRAT to BHP
    Well 103 control mode changed from LRAT to BHP
    Well 11 control mode changed from LRAT to BHP
    Well 111 control mode changed from LRAT to BHP
    Well 20 control mode changed from LRAT to BHP
    Well 23 control mode changed from LRAT to BHP
    Well 24 control mode changed from LRAT to BHP
    Well 98 control mode changed from LRAT to BHP
    Well 99 control mode changed from LRAT to BHP
    Well 104 control mode changed from LRAT to BHP
    Well 106 control mode changed from LRAT to BHP
    Well 102 control mode changed from LRAT to BHP
    Well 86 control mode changed from LRAT to BHP
    Well 14 control mode changed from LRAT to BHP
    Well 15 control mode changed from LRAT to BHP
 Newton its= 2, linearizations= 3 (1.4sec), linear its=  3 (1.9sec)

Report step 103/371 at day 4352/12511, date = 01-May-2003

Starting time step 0, stepsize 31 days, at day 4352/4383, date = 01-May-2003
    Oscillating behavior detected: Relaxation set to 0.900000
    Well 1 control mode changed from LRAT to BHP
    Well 10 control mode changed from LRAT to BHP
    Well 2 control mode changed from LRAT to BHP
    Well 3 control mode changed from LRAT to BHP
    Well 46 control mode changed from LRAT to BHP
    Well 6 control mode changed from LRAT to BHP
    Well 60 control mode changed from LRAT to BHP
    Well 8 control mode changed from LRAT to BHP
    Well 52 control mode changed from LRAT to BHP
    Well 43 control mode changed from LRAT to BHP
    Well 78 control mode changed from LRAT to BHP
    Well 57 control mode changed from LRAT to BHP
    Well 66 control mode changed from LRAT to BHP
    Well 88 control mode changed from LRAT to BHP
    Well 94 control mode changed from LRAT to BHP
    Well 56 control mode changed from LRAT to BHP
    Well 58 control mode changed from LRAT to BHP
    Well 67 control mode changed from LRAT to BHP
    Well 79 control mode changed from LRAT to BHP
    Well 95 control mode changed from LRAT to BHP
    Well 68 control mode changed from LRAT to BHP
    Well 89 control mode changed from LRAT to BHP
    Well 76 control mode changed from LRAT to BHP
    Well 77 control mode changed from LRAT to BHP
    Well 80 control mode changed from LRAT to BHP
    Well 62 control mode changed from LRAT to BHP
    Well 63 control mode changed from LRAT to BHP
    Well 74 control mode changed from LRAT to BHP
    Well 75 control mode changed from LRAT to BHP
    Well 64 control mode changed from LRAT to BHP
    Well 100 control mode changed from LRAT to BHP
    Well 73 control mode changed from LRAT to BHP
    Well 81 control mode changed from LRAT to BHP
    Well 92 control mode changed from LRAT to BHP
    Well 55 control mode changed from LRAT to BHP
    Well 101 control mode changed from LRAT to BHP
    Well 93 control mode changed from LRAT to BHP
    Well 82 control mode changed from LRAT to BHP
    Well 48 control mode changed from LRAT to BHP
    Well 54 control mode changed from LRAT to BHP
    Well 47 control mode changed from LRAT to BHP
    Well 90 control mode changed from LRAT to BHP
    Well 83 control mode changed from LRAT to BHP
    Well 85 control mode changed from LRAT to BHP
    Well 91 control mode changed from LRAT to BHP
    Well 96 control mode changed from LRAT to BHP
    Well 103 control mode changed from LRAT to BHP
    Well 111 control mode changed from LRAT to BHP
    Well 20 control mode changed from LRAT to BHP
    Well 23 control mode changed from LRAT to BHP
    Well 24 control mode changed from LRAT to BHP
    Well 98 control mode changed from LRAT to BHP
    Well 99 control mode changed from LRAT to BHP
    Well 104 control mode changed from LRAT to BHP
    Well 106 control mode changed from LRAT to BHP
    Well 102 control mode changed from LRAT to BHP
    Well 86 control mode changed from LRAT to BHP
    Well 15 control mode changed from LRAT to BHP
 Newton its= 3, linearizations= 4 (1.7sec), linear its=  4 (1.8sec)

Report step 104/371 at day 4383/12511, date = 01-Jun-2003

Starting time step 0, stepsize 30 days, at day 4383/4413, date = 01-Jun-2003
    Well 1 control mode changed from LRAT to BHP
    Well 10 control mode changed from LRAT to BHP
    Well 2 control mode changed from LRAT to BHP
    Well 3 control mode changed from LRAT to BHP
    Well 46 control mode changed from LRAT to BHP
    Well 6 control mode changed from LRAT to BHP
    Well 60 control mode changed from LRAT to BHP
    Well 8 control mode changed from LRAT to BHP
    Well 52 control mode changed from LRAT to BHP
    Well 43 control mode changed from LRAT to BHP
    Well 78 control mode changed from LRAT to BHP
    Well 57 control mode changed from LRAT to BHP
    Well 66 control mode changed from LRAT to BHP
    Well 88 control mode changed from LRAT to BHP
    Well 94 control mode changed from LRAT to BHP
    Well 56 control mode changed from LRAT to BHP
    Well 58 control mode changed from LRAT to BHP
    Well 67 control mode changed from LRAT to BHP
    Well 79 control mode changed from LRAT to BHP
    Well 95 control mode changed from LRAT to BHP
    Well 68 control mode changed from LRAT to BHP
    Well 89 control mode changed from LRAT to BHP
    Well 76 control mode changed from LRAT to BHP
    Well 77 control mode changed from LRAT to BHP
    Well 80 control mode changed from LRAT to BHP
    Well 62 control mode changed from LRAT to BHP
    Well 63 control mode changed from LRAT to BHP
    Well 74 control mode changed from LRAT to BHP
    Well 75 control mode changed from LRAT to BHP
    Well 64 control mode changed from LRAT to BHP
    Well 100 control mode changed from LRAT to BHP
    Well 73 control mode changed from LRAT to BHP
    Well 81 control mode changed from LRAT to BHP
    Well 92 control mode changed from LRAT to BHP
    Well 55 control mode changed from LRAT to BHP
    Well 101 control mode changed from LRAT to BHP
    Well 93 control mode changed from LRAT to BHP
    Well 82 control mode changed from LRAT to BHP
    Well 48 control mode changed from LRAT to BHP
    Well 54 control mode changed from LRAT to BHP
    Well 47 control mode changed from LRAT to BHP
    Well 90 control mode changed from LRAT to BHP
    Well 83 control mode changed from LRAT to BHP
    Well 85 control mode changed from LRAT to BHP
    Well 91 control mode changed from LRAT to BHP
    Well 96 control mode changed from LRAT to BHP
    Well 103 control mode changed from LRAT to BHP
    Well 20 control mode changed from LRAT to BHP
    Well 23 control mode changed from LRAT to BHP
    Well 24 control mode changed from LRAT to BHP
    Well 98 control mode changed from LRAT to BHP
    Well 99 control mode changed from LRAT to BHP
    Well 104 control mode changed from LRAT to BHP
    Well 102 control mode changed from LRAT to BHP
    Well 86 control mode changed from LRAT to BHP
    Well 15 control mode changed from LRAT to BHP
 Newton its= 3, linearizations= 4 (1.9sec), linear its=  4 (1.8sec)

Report step 105/371 at day 4413/12511, date = 01-Jul-2003

Starting time step 0, stepsize 31 days, at day 4413/4444, date = 01-Jul-2003
    Well 1 control mode changed from LRAT to BHP
    Well 10 control mode changed from LRAT to BHP
    Well 2 control mode changed from LRAT to BHP
    Well 3 control mode changed from LRAT to BHP
    Well 53 control mode changed from RATE to BHP
    Well 6 control mode changed from LRAT to BHP
    Well 60 control mode changed from LRAT to BHP
    Well 8 control mode changed from LRAT to BHP
    Well 52 control mode changed from LRAT to BHP
    Well 43 control mode changed from LRAT to BHP
    Well 78 control mode changed from LRAT to BHP
    Well 57 control mode changed from LRAT to BHP
    Well 65 control mode changed from RATE to BHP
    Well 66 control mode changed from LRAT to BHP
    Well 88 control mode changed from LRAT to BHP
    Well 94 control mode changed from LRAT to BHP
    Well 56 control mode changed from LRAT to BHP
    Well 58 control mode changed from LRAT to BHP
    Well 67 control mode changed from LRAT to BHP
    Well 79 control mode changed from LRAT to BHP
    Well 95 control mode changed from LRAT to BHP
    Well 68 control mode changed from LRAT to BHP
    Well 89 control mode changed from LRAT to BHP
    Well 76 control mode changed from LRAT to BHP
    Well 77 control mode changed from LRAT to BHP
    Well 80 control mode changed from LRAT to BHP
    Well 62 control mode changed from LRAT to BHP
    Well 63 control mode changed from LRAT to BHP
    Well 74 control mode changed from LRAT to BHP
    Well 75 control mode changed from LRAT to BHP
    Well 64 control mode changed from LRAT to BHP
    Well 100 control mode changed from LRAT to BHP
    Well 73 control mode changed from LRAT to BHP
    Well 81 control mode changed from LRAT to BHP
    Well 92 control mode changed from LRAT to BHP
    Well 55 control mode changed from LRAT to BHP
    Well 101 control mode changed from LRAT to BHP
    Well 93 control mode changed from LRAT to BHP
    Well 82 control mode changed from LRAT to BHP
    Well 48 control mode changed from LRAT to BHP
    Well 54 control mode changed from LRAT to BHP
    Well 47 control mode changed from LRAT to BHP
    Well 90 control mode changed from LRAT to BHP
    Well 83 control mode changed from LRAT to BHP
    Well 85 control mode changed from LRAT to BHP
    Well 91 control mode changed from LRAT to BHP
    Well 96 control mode changed from LRAT to BHP
    Well 20 control mode changed from LRAT to BHP
    Well 23 control mode changed from LRAT to BHP
    Well 24 control mode changed from LRAT to BHP
    Well 97 control mode changed from LRAT to BHP
    Well 98 control mode changed from LRAT to BHP
    Well 99 control mode changed from LRAT to BHP
    Well 104 control mode changed from LRAT to BHP
    Well 102 control mode changed from LRAT to BHP
    Well 61 control mode changed from RATE to BHP
    Well 15 control mode changed from LRAT to BHP
 Newton its= 3, linearizations= 4 (1.9sec), linear its=  6 (2.1sec)

Report step 106/371 at day 4444/12511, date = 01-Aug-2003

Starting time step 0, stepsize 31 days, at day 4444/4475, date = 01-Aug-2003
    Well 1 control mode changed from LRAT to BHP
    Well 10 control mode changed from LRAT to BHP
    Well 2 control mode changed from LRAT to BHP
    Well 3 control mode changed from LRAT to BHP
    Well 53 control mode changed from RATE to BHP
    Well 6 control mode changed from LRAT to BHP
    Well 60 control mode changed from LRAT to BHP
    Well 8 control mode changed from RATE to BHP
    Well 52 control mode changed from LRAT to BHP
    Well 43 control mode changed from LRAT to BHP
    Well 78 control mode changed from LRAT to BHP
    Well 57 control mode changed from LRAT to BHP
    Well 65 control mode changed from RATE to BHP
    Well 66 control mode changed from LRAT to BHP
    Well 88 control mode changed from LRAT to BHP
    Well 94 control mode changed from LRAT to BHP
    Well 56 control mode changed from LRAT to BHP
    Well 58 control mode changed from LRAT to BHP
    Well 67 control mode changed from LRAT to BHP
    Well 79 control mode changed from LRAT to BHP
    Well 95 control mode changed from LRAT to BHP
    Well 68 control mode changed from LRAT to BHP
    Well 89 control mode changed from LRAT to BHP
    Well 76 control mode changed from LRAT to BHP
    Well 77 control mode changed from LRAT to BHP
    Well 80 control mode changed from LRAT to BHP
    Well 27 control mode changed from RATE to BHP
    Well 59 control mode changed from RATE to BHP
    Well 62 control mode changed from LRAT to BHP
    Well 63 control mode changed from LRAT to BHP
    Well 74 control mode changed from LRAT to BHP
    Well 75 control mode changed from LRAT to BHP
    Well 64 control mode changed from LRAT to BHP
    Well 100 control mode changed from LRAT to BHP
    Well 73 control mode changed from LRAT to BHP
    Well 81 control mode changed from LRAT to BHP
    Well 92 control mode changed from LRAT to BHP
    Well 55 control mode changed from LRAT to BHP
    Well 101 control mode changed from LRAT to BHP
    Well 93 control mode changed from LRAT to BHP
    Well 82 control mode changed from LRAT to BHP
    Well 48 control mode changed from LRAT to BHP
    Well 54 control mode changed from LRAT to BHP
    Well 47 control mode changed from LRAT to BHP
    Well 90 control mode changed from LRAT to BHP
    Well 83 control mode changed from LRAT to BHP
    Well 85 control mode changed from LRAT to BHP
    Well 91 control mode changed from LRAT to BHP
    Well 96 control mode changed from LRAT to BHP
    Well 20 control mode changed from LRAT to BHP
    Well 23 control mode changed from LRAT to BHP
    Well 24 control mode changed from LRAT to BHP
    Well 97 control mode changed from LRAT to BHP
    Well 98 control mode changed from LRAT to BHP
    Well 99 control mode changed from LRAT to BHP
    Well 104 control mode changed from LRAT to BHP
    Well 102 control mode changed from LRAT to BHP
    Well 61 control mode changed from RATE to BHP
    Well 15 control mode changed from LRAT to BHP
 Newton its= 2, linearizations= 3 (1.5sec), linear its=  3 (1.4sec)

Report step 107/371 at day 4475/12511, date = 01-Sep-2003

Starting time step 0, stepsize 30 days, at day 4475/4505, date = 01-Sep-2003
    Well 1 control mode changed from LRAT to BHP
    Well 10 control mode changed from LRAT to BHP
    Well 2 control mode changed from LRAT to BHP
    Well 3 control mode changed from LRAT to BHP
    Well 6 control mode changed from LRAT to BHP
    Well 60 control mode changed from LRAT to BHP
    Well 52 control mode changed from LRAT to BHP
    Well 43 control mode changed from LRAT to BHP
    Well 78 control mode changed from LRAT to BHP
    Well 57 control mode changed from LRAT to BHP
    Well 66 control mode changed from LRAT to BHP
    Well 88 control mode changed from LRAT to BHP
    Well 94 control mode changed from LRAT to BHP
    Well 56 control mode changed from LRAT to BHP
    Well 58 control mode changed from LRAT to BHP
    Well 67 control mode changed from LRAT to BHP
    Well 79 control mode changed from LRAT to BHP
    Well 95 control mode changed from LRAT to BHP
    Well 68 control mode changed from LRAT to BHP
    Well 89 control mode changed from LRAT to BHP
    Well 76 control mode changed from LRAT to BHP
    Well 77 control mode changed from LRAT to BHP
    Well 80 control mode changed from LRAT to BHP
    Well 63 control mode changed from LRAT to BHP
    Well 74 control mode changed from LRAT to BHP
    Well 75 control mode changed from LRAT to BHP
    Well 64 control mode changed from LRAT to BHP
    Well 100 control mode changed from LRAT to BHP
    Well 73 control mode changed from LRAT to BHP
    Well 81 control mode changed from LRAT to BHP
    Well 92 control mode changed from LRAT to BHP
    Well 55 control mode changed from LRAT to BHP
    Well 101 control mode changed from LRAT to BHP
    Well 93 control mode changed from LRAT to BHP
    Well 82 control mode changed from LRAT to BHP
    Well 48 control mode changed from LRAT to BHP
    Well 54 control mode changed from LRAT to BHP
    Well 47 control mode changed from LRAT to BHP
    Well 90 control mode changed from LRAT to BHP
    Well 83 control mode changed from LRAT to BHP
    Well 85 control mode changed from LRAT to BHP
    Well 91 control mode changed from LRAT to BHP
    Well 96 control mode changed from LRAT to BHP
    Well 20 control mode changed from LRAT to BHP
    Well 23 control mode changed from LRAT to BHP
    Well 24 control mode changed from LRAT to BHP
    Well 97 control mode changed from LRAT to BHP
    Well 98 control mode changed from LRAT to BHP
    Well 99 control mode changed from LRAT to BHP
    Well 104 control mode changed from LRAT to BHP
    Well 102 control mode changed from LRAT to BHP
    Well 15 control mode changed from LRAT to BHP
 Newton its= 2, linearizations= 3 (1.5sec), linear its=  5 (1.7sec)

Report step 108/371 at day 4505/12511, date = 01-Oct-2003

Starting time step 0, stepsize 31 days, at day 4505/4536, date = 01-Oct-2003
    Well 1 control mode changed from LRAT to BHP
    Well 10 control mode changed from LRAT to BHP
    Well 2 control mode changed from LRAT to BHP
    Well 3 control mode changed from LRAT to BHP
    Well 6 control mode changed from LRAT to BHP
    Well 52 control mode changed from LRAT to BHP
    Well 43 control mode changed from LRAT to BHP
    Well 78 control mode changed from LRAT to BHP
    Well 57 control mode changed from LRAT to BHP
    Well 66 control mode changed from LRAT to BHP
    Well 88 control mode changed from LRAT to BHP
    Well 94 control mode changed from LRAT to BHP
    Well 56 control mode changed from LRAT to BHP
    Well 58 control mode changed from LRAT to BHP
    Well 67 control mode changed from LRAT to BHP
    Well 79 control mode changed from LRAT to BHP
    Well 95 control mode changed from LRAT to BHP
    Well 68 control mode changed from LRAT to BHP
    Well 89 control mode changed from LRAT to BHP
    Well 76 control mode changed from LRAT to BHP
    Well 77 control mode changed from LRAT to BHP
    Well 80 control mode changed from LRAT to BHP
    Well 63 control mode changed from LRAT to BHP
    Well 74 control mode changed from LRAT to BHP
    Well 75 control mode changed from LRAT to BHP
    Well 64 control mode changed from LRAT to BHP
    Well 100 control mode changed from LRAT to BHP
    Well 73 control mode changed from LRAT to BHP
    Well 81 control mode changed from LRAT to BHP
    Well 92 control mode changed from LRAT to BHP
    Well 55 control mode changed from LRAT to BHP
    Well 101 control mode changed from LRAT to BHP
    Well 93 control mode changed from LRAT to BHP
    Well 82 control mode changed from LRAT to BHP
    Well 48 control mode changed from LRAT to BHP
    Well 54 control mode changed from LRAT to BHP
    Well 47 control mode changed from LRAT to BHP
    Well 90 control mode changed from LRAT to BHP
    Well 83 control mode changed from LRAT to BHP
    Well 85 control mode changed from LRAT to BHP
    Well 91 control mode changed from LRAT to BHP
    Well 20 control mode changed from LRAT to BHP
    Well 24 control mode changed from LRAT to BHP
    Well 98 control mode changed from LRAT to BHP
    Well 104 control mode changed from LRAT to BHP
    Well 102 control mode changed from LRAT to BHP
    Well 86 control mode changed from LRAT to BHP
    Well 15 control mode changed from LRAT to BHP
 Newton its= 3, linearizations= 4 (2.1sec), linear its=  4 (1.9sec)

Report step 109/371 at day 4536/12511, date = 01-Nov-2003

Starting time step 0, stepsize 30 days, at day 4536/4566, date = 01-Nov-2003
    Well 1 control mode changed from LRAT to BHP
    Well 10 control mode changed from LRAT to BHP
    Well 2 control mode changed from LRAT to BHP
    Well 3 control mode changed from LRAT to BHP
    Well 53 control mode changed from RATE to BHP
    Well 6 control mode changed from RATE to BHP
    Well 8 control mode changed from RATE to BHP
    Well 52 control mode changed from LRAT to BHP
    Well 43 control mode changed from LRAT to BHP
    Well 78 control mode changed from LRAT to BHP
    Well 57 control mode changed from LRAT to BHP
    Well 65 control mode changed from RATE to BHP
    Well 66 control mode changed from LRAT to BHP
    Well 88 control mode changed from LRAT to BHP
    Well 94 control mode changed from LRAT to BHP
    Well 56 control mode changed from LRAT to BHP
    Well 58 control mode changed from LRAT to BHP
    Well 67 control mode changed from LRAT to BHP
    Well 79 control mode changed from LRAT to BHP
    Well 95 control mode changed from LRAT to BHP
    Well 68 control mode changed from LRAT to BHP
    Well 89 control mode changed from LRAT to BHP
    Well 76 control mode changed from LRAT to BHP
    Well 77 control mode changed from LRAT to BHP
    Well 80 control mode changed from LRAT to BHP
    Well 27 control mode changed from RATE to BHP
    Well 59 control mode changed from RATE to BHP
    Well 63 control mode changed from LRAT to BHP
    Well 74 control mode changed from LRAT to BHP
    Well 75 control mode changed from LRAT to BHP
    Well 64 control mode changed from LRAT to BHP
    Well 100 control mode changed from LRAT to BHP
    Well 73 control mode changed from LRAT to BHP
    Well 81 control mode changed from LRAT to BHP
    Well 92 control mode changed from LRAT to BHP
    Well 55 control mode changed from LRAT to BHP
    Well 101 control mode changed from LRAT to BHP
    Well 93 control mode changed from LRAT to BHP
    Well 82 control mode changed from LRAT to BHP
    Well 48 control mode changed from LRAT to BHP
    Well 54 control mode changed from LRAT to BHP
    Well 47 control mode changed from LRAT to BHP
    Well 49 control mode changed from RATE to BHP
    Well 90 control mode changed from LRAT to BHP
    Well 83 control mode changed from LRAT to BHP
    Well 85 control mode changed from LRAT to BHP
    Well 91 control mode changed from LRAT to BHP
    Well 20 control mode changed from LRAT to BHP
    Well 24 control mode changed from LRAT to BHP
    Well 98 control mode changed from LRAT to BHP
    Well 104 control mode changed from LRAT to BHP
    Well 102 control mode changed from LRAT to BHP
    Well 86 control mode changed from LRAT to BHP
    Well 61 control mode changed from RATE to BHP
    Well 15 control mode changed from LRAT to BHP
 Newton its= 3, linearizations= 4 (1.9sec), linear its=  6 (2.1sec)

Report step 110/371 at day 4566/12511, date = 01-Dec-2003

Starting time step 0, stepsize 31 days, at day 4566/4597, date = 01-Dec-2003
    Well 1 control mode changed from LRAT to BHP
    Well 10 control mode changed from LRAT to BHP
    Well 2 control mode changed from LRAT to BHP
    Well 3 control mode changed from LRAT to BHP
    Well 52 control mode changed from LRAT to BHP
    Well 43 control mode changed from LRAT to BHP
    Well 78 control mode changed from LRAT to BHP
    Well 57 control mode changed from LRAT to BHP
    Well 66 control mode changed from LRAT to BHP
    Well 88 control mode changed from LRAT to BHP
    Well 94 control mode changed from LRAT to BHP
    Well 56 control mode changed from LRAT to BHP
    Well 58 control mode changed from LRAT to BHP
    Well 67 control mode changed from LRAT to BHP
    Well 79 control mode changed from LRAT to BHP
    Well 95 control mode changed from LRAT to BHP
    Well 68 control mode changed from LRAT to BHP
    Well 89 control mode changed from LRAT to BHP
    Well 76 control mode changed from LRAT to BHP
    Well 77 control mode changed from LRAT to BHP
    Well 80 control mode changed from LRAT to BHP
    Well 63 control mode changed from LRAT to BHP
    Well 74 control mode changed from LRAT to BHP
    Well 75 control mode changed from LRAT to BHP
    Well 64 control mode changed from LRAT to BHP
    Well 100 control mode changed from LRAT to BHP
    Well 73 control mode changed from LRAT to BHP
    Well 81 control mode changed from LRAT to BHP
    Well 92 control mode changed from LRAT to BHP
    Well 55 control mode changed from LRAT to BHP
    Well 101 control mode changed from LRAT to BHP
    Well 93 control mode changed from LRAT to BHP
    Well 82 control mode changed from LRAT to BHP
    Well 48 control mode changed from LRAT to BHP
    Well 54 control mode changed from LRAT to BHP
    Well 47 control mode changed from LRAT to BHP
    Well 90 control mode changed from LRAT to BHP
    Well 83 control mode changed from LRAT to BHP
    Well 85 control mode changed from LRAT to BHP
    Well 91 control mode changed from LRAT to BHP
    Well 20 control mode changed from LRAT to BHP
    Well 24 control mode changed from LRAT to BHP
    Well 98 control mode changed from LRAT to BHP
    Well 104 control mode changed from LRAT to BHP
    Well 102 control mode changed from LRAT to BHP
    Well 86 control mode changed from LRAT to BHP
    Well 15 control mode changed from LRAT to BHP
 Newton its= 2, linearizations= 3 (1.4sec), linear its=  3 (1.1sec)

Report step 111/371 at day 4597/12511, date = 01-Jan-2004

Starting time step 0, stepsize 31 days, at day 4597/4628, date = 01-Jan-2004
    Well 1 control mode changed from LRAT to BHP
    Well 10 control mode changed from LRAT to BHP
    Well 2 control mode changed from LRAT to BHP
    Well 3 control mode changed from LRAT to BHP
    Well 52 control mode changed from LRAT to BHP
    Well 43 control mode changed from LRAT to BHP
    Well 78 control mode changed from LRAT to BHP
    Well 57 control mode changed from LRAT to BHP
    Well 66 control mode changed from LRAT to BHP
    Well 88 control mode changed from LRAT to BHP
    Well 94 control mode changed from LRAT to BHP
    Well 56 control mode changed from LRAT to BHP
    Well 58 control mode changed from LRAT to BHP
    Well 67 control mode changed from LRAT to BHP
    Well 79 control mode changed from LRAT to BHP
    Well 95 control mode changed from LRAT to BHP
    Well 68 control mode changed from LRAT to BHP
    Well 89 control mode changed from LRAT to BHP
    Well 76 control mode changed from LRAT to BHP
    Well 77 control mode changed from LRAT to BHP
    Well 80 control mode changed from LRAT to BHP
    Well 63 control mode changed from LRAT to BHP
    Well 74 control mode changed from LRAT to BHP
    Well 75 control mode changed from LRAT to BHP
    Well 64 control mode changed from LRAT to BHP
    Well 100 control mode changed from LRAT to BHP
    Well 73 control mode changed from LRAT to BHP
    Well 81 control mode changed from LRAT to BHP
    Well 92 control mode changed from LRAT to BHP
    Well 55 control mode changed from LRAT to BHP
    Well 101 control mode changed from LRAT to BHP
    Well 93 control mode changed from LRAT to BHP
    Well 82 control mode changed from LRAT to BHP
    Well 48 control mode changed from LRAT to BHP
    Well 54 control mode changed from LRAT to BHP
    Well 47 control mode changed from LRAT to BHP
    Well 90 control mode changed from LRAT to BHP
    Well 83 control mode changed from LRAT to BHP
    Well 85 control mode changed from LRAT to BHP
    Well 91 control mode changed from LRAT to BHP
    Well 20 control mode changed from LRAT to BHP
    Well 24 control mode changed from LRAT to BHP
    Well 97 control mode changed from LRAT to BHP
    Well 98 control mode changed from LRAT to BHP
    Well 104 control mode changed from LRAT to BHP
    Well 102 control mode changed from LRAT to BHP
    Well 86 control mode changed from LRAT to BHP
    Well 15 control mode changed from LRAT to BHP
 Newton its= 4, linearizations= 5 (3.0sec), linear its=  8 (2.7sec)

Report step 112/371 at day 4628/12511, date = 01-Feb-2004

Starting time step 0, stepsize 29 days, at day 4628/4657, date = 01-Feb-2004
    Well 1 control mode changed from LRAT to BHP
    Well 10 control mode changed from LRAT to BHP
    Well 2 control mode changed from LRAT to BHP
    Well 3 control mode changed from LRAT to BHP
    Well 52 control mode changed from LRAT to BHP
    Well 43 control mode changed from LRAT to BHP
    Well 78 control mode changed from LRAT to BHP
    Well 57 control mode changed from LRAT to BHP
    Well 66 control mode changed from LRAT to BHP
    Well 88 control mode changed from LRAT to BHP
    Well 94 control mode changed from LRAT to BHP
    Well 56 control mode changed from LRAT to BHP
    Well 58 control mode changed from LRAT to BHP
    Well 67 control mode changed from LRAT to BHP
    Well 79 control mode changed from LRAT to BHP
    Well 95 control mode changed from LRAT to BHP
    Well 68 control mode changed from LRAT to BHP
    Well 89 control mode changed from LRAT to BHP
    Well 76 control mode changed from LRAT to BHP
    Well 77 control mode changed from LRAT to BHP
    Well 80 control mode changed from LRAT to BHP
    Well 63 control mode changed from LRAT to BHP
    Well 74 control mode changed from LRAT to BHP
    Well 75 control mode changed from LRAT to BHP
    Well 64 control mode changed from LRAT to BHP
    Well 100 control mode changed from LRAT to BHP
    Well 73 control mode changed from LRAT to BHP
    Well 92 control mode changed from LRAT to BHP
    Well 55 control mode changed from LRAT to BHP
    Well 101 control mode changed from LRAT to BHP
    Well 93 control mode changed from LRAT to BHP
    Well 82 control mode changed from LRAT to BHP
    Well 48 control mode changed from LRAT to BHP
    Well 54 control mode changed from LRAT to BHP
    Well 47 control mode changed from LRAT to BHP
    Well 90 control mode changed from LRAT to BHP
    Well 85 control mode changed from LRAT to BHP
    Well 91 control mode changed from LRAT to BHP
    Well 20 control mode changed from LRAT to BHP
    Well 24 control mode changed from LRAT to BHP
    Well 97 control mode changed from LRAT to BHP
    Well 98 control mode changed from LRAT to BHP
    Well 104 control mode changed from LRAT to BHP
    Well 102 control mode changed from LRAT to BHP
    Well 15 control mode changed from LRAT to BHP
 Newton its= 2, linearizations= 3 (1.3sec), linear its=  3 (1.2sec)

Report step 113/371 at day 4657/12511, date = 01-Mar-2004

Starting time step 0, stepsize 31 days, at day 4657/4688, date = 01-Mar-2004
    Well 1 control mode changed from LRAT to BHP
    Well 10 control mode changed from LRAT to BHP
    Well 2 control mode changed from LRAT to BHP
    Well 3 control mode changed from LRAT to BHP
    Well 52 control mode changed from LRAT to BHP
    Well 43 control mode changed from LRAT to BHP
    Well 78 control mode changed from LRAT to BHP
    Well 66 control mode changed from LRAT to BHP
    Well 88 control mode changed from LRAT to BHP
    Well 94 control mode changed from LRAT to BHP
    Well 56 control mode changed from LRAT to BHP
    Well 58 control mode changed from LRAT to BHP
    Well 67 control mode changed from LRAT to BHP
    Well 79 control mode changed from LRAT to BHP
    Well 95 control mode changed from LRAT to BHP
    Well 68 control mode changed from LRAT to BHP
    Well 89 control mode changed from LRAT to BHP
    Well 76 control mode changed from LRAT to BHP
    Well 77 control mode changed from LRAT to BHP
    Well 80 control mode changed from LRAT to BHP
    Well 63 control mode changed from LRAT to BHP
    Well 74 control mode changed from LRAT to BHP
    Well 75 control mode changed from LRAT to BHP
    Well 64 control mode changed from LRAT to BHP
    Well 100 control mode changed from LRAT to BHP
    Well 73 control mode changed from LRAT to BHP
    Well 92 control mode changed from LRAT to BHP
    Well 55 control mode changed from LRAT to BHP
    Well 101 control mode changed from LRAT to BHP
    Well 93 control mode changed from LRAT to BHP
    Well 82 control mode changed from LRAT to BHP
    Well 48 control mode changed from LRAT to BHP
    Well 54 control mode changed from LRAT to BHP
    Well 47 control mode changed from LRAT to BHP
    Well 90 control mode changed from LRAT to BHP
    Well 85 control mode changed from LRAT to BHP
    Well 91 control mode changed from LRAT to BHP
    Well 20 control mode changed from LRAT to BHP
    Well 97 control mode changed from LRAT to BHP
    Well 98 control mode changed from LRAT to BHP
    Well 104 control mode changed from LRAT to BHP
    Well 102 control mode changed from LRAT to BHP
    Well 15 control mode changed from LRAT to BHP
 Newton its= 3, linearizations= 4 (2.1sec), linear its=  5 (2.6sec)

Report step 114/371 at day 4688/12511, date = 01-Apr-2004

Starting time step 0, stepsize 30 days, at day 4688/4718, date = 01-Apr-2004
    Well 1 control mode changed from LRAT to BHP
    Well 10 control mode changed from LRAT to BHP
    Well 2 control mode changed from LRAT to BHP
    Well 3 control mode changed from LRAT to BHP
    Well 52 control mode changed from LRAT to BHP
    Well 43 control mode changed from LRAT to BHP
    Well 78 control mode changed from LRAT to BHP
    Well 57 control mode changed from LRAT to BHP
    Well 66 control mode changed from LRAT to BHP
    Well 88 control mode changed from LRAT to BHP
    Well 94 control mode changed from LRAT to BHP
    Well 56 control mode changed from LRAT to BHP
    Well 58 control mode changed from LRAT to BHP
    Well 67 control mode changed from LRAT to BHP
    Well 79 control mode changed from LRAT to BHP
    Well 95 control mode changed from LRAT to BHP
    Well 68 control mode changed from LRAT to BHP
    Well 89 control mode changed from LRAT to BHP
    Well 76 control mode changed from LRAT to BHP
    Well 77 control mode changed from LRAT to BHP
    Well 80 control mode changed from LRAT to BHP
    Well 63 control mode changed from LRAT to BHP
    Well 74 control mode changed from LRAT to BHP
    Well 75 control mode changed from LRAT to BHP
    Well 64 control mode changed from LRAT to BHP
    Well 100 control mode changed from LRAT to BHP
    Well 92 control mode changed from LRAT to BHP
    Well 55 control mode changed from LRAT to BHP
    Well 101 control mode changed from LRAT to BHP
    Well 93 control mode changed from LRAT to BHP
    Well 82 control mode changed from LRAT to BHP
    Well 48 control mode changed from LRAT to BHP
    Well 54 control mode changed from LRAT to BHP
    Well 47 control mode changed from LRAT to BHP
    Well 90 control mode changed from LRAT to BHP
    Well 85 control mode changed from LRAT to BHP
    Well 91 control mode changed from LRAT to BHP
    Well 20 control mode changed from LRAT to BHP
    Well 97 control mode changed from LRAT to BHP
    Well 98 control mode changed from LRAT to BHP
    Well 104 control mode changed from LRAT to BHP
    Well 102 control mode changed from LRAT to BHP
    Well 86 control mode changed from LRAT to BHP
    Well 15 control mode changed from LRAT to BHP
 Newton its= 2, linearizations= 3 (1.3sec), linear its=  3 (1.4sec)

Report step 115/371 at day 4718/12511, date = 01-May-2004

Starting time step 0, stepsize 31 days, at day 4718/4749, date = 01-May-2004
    Well 1 control mode changed from LRAT to BHP
    Well 10 control mode changed from LRAT to BHP
    Well 2 control mode changed from LRAT to BHP
    Well 3 control mode changed from LRAT to BHP
    Well 53 control mode changed from RATE to BHP
    Well 6 control mode changed from RATE to BHP
    Well 60 control mode changed from LRAT to BHP
    Well 8 control mode changed from RATE to BHP
    Well 52 control mode changed from LRAT to BHP
    Well 43 control mode changed from LRAT to BHP
    Well 78 control mode changed from LRAT to BHP
    Well 57 control mode changed from LRAT to BHP
    Well 65 control mode changed from RATE to BHP
    Well 66 control mode changed from LRAT to BHP
    Well 88 control mode changed from LRAT to BHP
    Well 94 control mode changed from LRAT to BHP
    Well 56 control mode changed from LRAT to BHP
    Well 58 control mode changed from LRAT to BHP
    Well 67 control mode changed from LRAT to BHP
    Well 79 control mode changed from LRAT to BHP
    Well 95 control mode changed from LRAT to BHP
    Well 68 control mode changed from LRAT to BHP
    Well 89 control mode changed from LRAT to BHP
    Well 76 control mode changed from LRAT to BHP
    Well 77 control mode changed from LRAT to BHP
    Well 80 control mode changed from LRAT to BHP
    Well 63 control mode changed from LRAT to BHP
    Well 74 control mode changed from LRAT to BHP
    Well 75 control mode changed from LRAT to BHP
    Well 64 control mode changed from LRAT to BHP
    Well 100 control mode changed from LRAT to BHP
    Well 92 control mode changed from LRAT to BHP
    Well 55 control mode changed from LRAT to BHP
    Well 101 control mode changed from LRAT to BHP
    Well 93 control mode changed from LRAT to BHP
    Well 82 control mode changed from LRAT to BHP
    Well 54 control mode changed from LRAT to BHP
    Well 47 control mode changed from LRAT to BHP
    Well 90 control mode changed from LRAT to BHP
    Well 85 control mode changed from LRAT to BHP
    Well 91 control mode changed from LRAT to BHP
    Well 20 control mode changed from LRAT to BHP
    Well 97 control mode changed from LRAT to BHP
    Well 98 control mode changed from LRAT to BHP
    Well 104 control mode changed from LRAT to BHP
    Well 102 control mode changed from LRAT to BHP
    Well 86 control mode changed from LRAT to BHP
    Well 15 control mode changed from LRAT to BHP
 Newton its= 2, linearizations= 3 (1.6sec), linear its=  3 (1.3sec)

Report step 116/371 at day 4749/12511, date = 01-Jun-2004

Starting time step 0, stepsize 30 days, at day 4749/4779, date = 01-Jun-2004
    Well 1 control mode changed from LRAT to BHP
    Well 10 control mode changed from LRAT to BHP
    Well 2 control mode changed from LRAT to BHP
    Well 3 control mode changed from LRAT to BHP
    Well 60 control mode changed from LRAT to BHP
    Well 52 control mode changed from LRAT to BHP
    Well 43 control mode changed from LRAT to BHP
    Well 78 control mode changed from LRAT to BHP
    Well 57 control mode changed from LRAT to BHP
    Well 66 control mode changed from LRAT to BHP
    Well 88 control mode changed from LRAT to BHP
    Well 94 control mode changed from LRAT to BHP
    Well 56 control mode changed from LRAT to BHP
    Well 58 control mode changed from LRAT to BHP
    Well 67 control mode changed from LRAT to BHP
    Well 79 control mode changed from LRAT to BHP
    Well 95 control mode changed from LRAT to BHP
    Well 68 control mode changed from LRAT to BHP
    Well 89 control mode changed from LRAT to BHP
    Well 76 control mode changed from LRAT to BHP
    Well 77 control mode changed from LRAT to BHP
    Well 80 control mode changed from LRAT to BHP
    Well 63 control mode changed from LRAT to BHP
    Well 74 control mode changed from LRAT to BHP
    Well 75 control mode changed from LRAT to BHP
    Well 64 control mode changed from LRAT to BHP
    Well 100 control mode changed from LRAT to BHP
    Well 92 control mode changed from LRAT to BHP
    Well 55 control mode changed from LRAT to BHP
    Well 101 control mode changed from LRAT to BHP
    Well 93 control mode changed from LRAT to BHP
    Well 82 control mode changed from LRAT to BHP
    Well 54 control mode changed from LRAT to BHP
    Well 47 control mode changed from LRAT to BHP
    Well 90 control mode changed from LRAT to BHP
    Well 85 control mode changed from LRAT to BHP
    Well 91 control mode changed from LRAT to BHP
    Well 11 control mode changed from LRAT to BHP
    Well 111 control mode changed from LRAT to BHP
    Well 20 control mode changed from LRAT to BHP
    Well 97 control mode changed from LRAT to BHP
    Well 98 control mode changed from LRAT to BHP
    Well 104 control mode changed from LRAT to BHP
    Well 107 control mode changed from LRAT to BHP
    Well 109 control mode changed from LRAT to BHP
    Well 102 control mode changed from LRAT to BHP
    Well 86 control mode changed from LRAT to BHP
    Well 15 control mode changed from LRAT to BHP
 Newton its= 2, linearizations= 3 (1.6sec), linear its=  3 (1.6sec)

Report step 117/371 at day 4779/12511, date = 01-Jul-2004

Starting time step 0, stepsize 31 days, at day 4779/4810, date = 01-Jul-2004
    Oscillating behavior detected: Relaxation set to 0.900000
    Well 1 control mode changed from LRAT to BHP
    Well 10 control mode changed from LRAT to BHP
    Well 2 control mode changed from LRAT to BHP
    Well 3 control mode changed from LRAT to BHP
    Well 60 control mode changed from LRAT to BHP
    Well 52 control mode changed from LRAT to BHP
    Well 43 control mode changed from LRAT to BHP
    Well 78 control mode changed from LRAT to BHP
    Well 66 control mode changed from LRAT to BHP
    Well 88 control mode changed from LRAT to BHP
    Well 94 control mode changed from LRAT to BHP
    Well 56 control mode changed from LRAT to BHP
    Well 58 control mode changed from LRAT to BHP
    Well 67 control mode changed from LRAT to BHP
    Well 79 control mode changed from LRAT to BHP
    Well 95 control mode changed from LRAT to BHP
    Well 68 control mode changed from LRAT to BHP
    Well 89 control mode changed from LRAT to BHP
    Well 76 control mode changed from LRAT to BHP
    Well 77 control mode changed from LRAT to BHP
    Well 80 control mode changed from LRAT to BHP
    Well 63 control mode changed from LRAT to BHP
    Well 74 control mode changed from LRAT to BHP
    Well 75 control mode changed from LRAT to BHP
    Well 64 control mode changed from LRAT to BHP
    Well 100 control mode changed from LRAT to BHP
    Well 81 control mode changed from LRAT to BHP
    Well 92 control mode changed from LRAT to BHP
    Well 55 control mode changed from LRAT to BHP
    Well 101 control mode changed from LRAT to BHP
    Well 93 control mode changed from LRAT to BHP
    Well 82 control mode changed from LRAT to BHP
    Well 54 control mode changed from LRAT to BHP
    Well 47 control mode changed from LRAT to BHP
    Well 90 control mode changed from LRAT to BHP
    Well 85 control mode changed from LRAT to BHP
    Well 11 control mode changed from LRAT to BHP
    Well 111 control mode changed from LRAT to BHP
    Well 20 control mode changed from LRAT to BHP
    Well 23 control mode changed from LRAT to BHP
    Well 97 control mode changed from LRAT to BHP
    Well 98 control mode changed from LRAT to BHP
    Well 104 control mode changed from LRAT to BHP
    Well 107 control mode changed from LRAT to BHP
    Well 109 control mode changed from LRAT to BHP
    Well 102 control mode changed from LRAT to BHP
    Well 86 control mode changed from LRAT to BHP
    Well 15 control mode changed from LRAT to BHP
 Newton its= 3, linearizations= 4 (2.1sec), linear its=  5 (2.3sec)

Report step 118/371 at day 4810/12511, date = 01-Aug-2004

Starting time step 0, stepsize 31 days, at day 4810/4841, date = 01-Aug-2004
    Oscillating behavior detected: Relaxation set to 0.900000
    Well 1 control mode changed from LRAT to BHP
    Well 10 control mode changed from LRAT to BHP
    Well 2 control mode changed from LRAT to BHP
    Well 3 control mode changed from LRAT to BHP
    Well 60 control mode changed from LRAT to BHP
    Well 52 control mode changed from LRAT to BHP
    Well 43 control mode changed from LRAT to BHP
    Well 78 control mode changed from LRAT to BHP
    Well 66 control mode changed from LRAT to BHP
    Well 88 control mode changed from LRAT to BHP
    Well 94 control mode changed from LRAT to BHP
    Well 56 control mode changed from LRAT to BHP
    Well 58 control mode changed from LRAT to BHP
    Well 67 control mode changed from LRAT to BHP
    Well 79 control mode changed from LRAT to BHP
    Well 95 control mode changed from LRAT to BHP
    Well 68 control mode changed from LRAT to BHP
    Well 89 control mode changed from LRAT to BHP
    Well 76 control mode changed from LRAT to BHP
    Well 77 control mode changed from LRAT to BHP
    Well 80 control mode changed from LRAT to BHP
    Well 63 control mode changed from LRAT to BHP
    Well 74 control mode changed from LRAT to BHP
    Well 75 control mode changed from LRAT to BHP
    Well 64 control mode changed from LRAT to BHP
    Well 100 control mode changed from LRAT to BHP
    Well 81 control mode changed from LRAT to BHP
    Well 92 control mode changed from LRAT to BHP
    Well 55 control mode changed from LRAT to BHP
    Well 101 control mode changed from LRAT to BHP
    Well 93 control mode changed from LRAT to BHP
    Well 82 control mode changed from LRAT to BHP
    Well 54 control mode changed from LRAT to BHP
    Well 47 control mode changed from LRAT to BHP
    Well 90 control mode changed from LRAT to BHP
    Well 85 control mode changed from LRAT to BHP
    Well 11 control mode changed from LRAT to BHP
    Well 111 control mode changed from LRAT to BHP
    Well 20 control mode changed from LRAT to BHP
    Well 23 control mode changed from LRAT to BHP
    Well 97 control mode changed from LRAT to BHP
    Well 98 control mode changed from LRAT to BHP
    Well 104 control mode changed from LRAT to BHP
    Well 107 control mode changed from LRAT to BHP
    Well 109 control mode changed from LRAT to BHP
    Well 102 control mode changed from LRAT to BHP
    Well 86 control mode changed from LRAT to BHP
    Well 15 control mode changed from LRAT to BHP
 Newton its= 3, linearizations= 4 (2.1sec), linear its=  6 (1.8sec)

Report step 119/371 at day 4841/12511, date = 01-Sep-2004

Starting time step 0, stepsize 30 days, at day 4841/4871, date = 01-Sep-2004
    Well 1 control mode changed from LRAT to BHP
    Well 10 control mode changed from LRAT to BHP
    Well 2 control mode changed from LRAT to BHP
    Well 3 control mode changed from LRAT to BHP
    Well 60 control mode changed from LRAT to BHP
    Well 52 control mode changed from LRAT to BHP
    Well 43 control mode changed from LRAT to BHP
    Well 78 control mode changed from LRAT to BHP
    Well 66 control mode changed from LRAT to BHP
    Well 88 control mode changed from LRAT to BHP
    Well 94 control mode changed from LRAT to BHP
    Well 56 control mode changed from LRAT to BHP
    Well 58 control mode changed from LRAT to BHP
    Well 67 control mode changed from LRAT to BHP
    Well 79 control mode changed from LRAT to BHP
    Well 95 control mode changed from LRAT to BHP
    Well 68 control mode changed from LRAT to BHP
    Well 89 control mode changed from LRAT to BHP
    Well 76 control mode changed from LRAT to BHP
    Well 77 control mode changed from LRAT to BHP
    Well 80 control mode changed from LRAT to BHP
    Well 63 control mode changed from LRAT to BHP
    Well 74 control mode changed from LRAT to BHP
    Well 75 control mode changed from LRAT to BHP
    Well 64 control mode changed from LRAT to BHP
    Well 100 control mode changed from LRAT to BHP
    Well 81 control mode changed from LRAT to BHP
    Well 92 control mode changed from LRAT to BHP
    Well 55 control mode changed from LRAT to BHP
    Well 101 control mode changed from LRAT to BHP
    Well 93 control mode changed from LRAT to BHP
    Well 82 control mode changed from LRAT to BHP
    Well 54 control mode changed from LRAT to BHP
    Well 47 control mode changed from LRAT to BHP
    Well 90 control mode changed from LRAT to BHP
    Well 85 control mode changed from LRAT to BHP
    Well 91 control mode changed from LRAT to BHP
    Well 96 control mode changed from LRAT to BHP
    Well 11 control mode changed from LRAT to BHP
    Well 111 control mode changed from LRAT to BHP
    Well 20 control mode changed from LRAT to BHP
    Well 23 control mode changed from LRAT to BHP
    Well 97 control mode changed from LRAT to BHP
    Well 98 control mode changed from LRAT to BHP
    Well 104 control mode changed from LRAT to BHP
    Well 107 control mode changed from LRAT to BHP
    Well 109 control mode changed from LRAT to BHP
    Well 102 control mode changed from LRAT to BHP
    Well 86 control mode changed from LRAT to BHP
    Well 15 control mode changed from LRAT to BHP
 Newton its= 2, linearizations= 3 (1.5sec), linear its=  3 (1.3sec)

Report step 120/371 at day 4871/12511, date = 01-Oct-2004

Starting time step 0, stepsize 31 days, at day 4871/4902, date = 01-Oct-2004
    Well 1 control mode changed from LRAT to BHP
    Well 10 control mode changed from LRAT to BHP
    Well 2 control mode changed from LRAT to BHP
    Well 3 control mode changed from LRAT to BHP
    Well 60 control mode changed from LRAT to BHP
    Well 52 control mode changed from LRAT to BHP
    Well 43 control mode changed from LRAT to BHP
    Well 78 control mode changed from LRAT to BHP
    Well 66 control mode changed from LRAT to BHP
    Well 88 control mode changed from LRAT to BHP
    Well 94 control mode changed from LRAT to BHP
    Well 56 control mode changed from LRAT to BHP
    Well 58 control mode changed from LRAT to BHP
    Well 67 control mode changed from LRAT to BHP
    Well 79 control mode changed from LRAT to BHP
    Well 95 control mode changed from LRAT to BHP
    Well 68 control mode changed from LRAT to BHP
    Well 89 control mode changed from LRAT to BHP
    Well 76 control mode changed from LRAT to BHP
    Well 77 control mode changed from LRAT to BHP
    Well 80 control mode changed from LRAT to BHP
    Well 63 control mode changed from LRAT to BHP
    Well 74 control mode changed from LRAT to BHP
    Well 75 control mode changed from LRAT to BHP
    Well 64 control mode changed from LRAT to BHP
    Well 100 control mode changed from LRAT to BHP
    Well 81 control mode changed from LRAT to BHP
    Well 92 control mode changed from LRAT to BHP
    Well 55 control mode changed from LRAT to BHP
    Well 101 control mode changed from LRAT to BHP
    Well 93 control mode changed from LRAT to BHP
    Well 82 control mode changed from LRAT to BHP
    Well 54 control mode changed from LRAT to BHP
    Well 47 control mode changed from LRAT to BHP
    Well 90 control mode changed from LRAT to BHP
    Well 85 control mode changed from LRAT to BHP
    Well 91 control mode changed from LRAT to BHP
    Well 96 control mode changed from LRAT to BHP
    Well 11 control mode changed from LRAT to BHP
    Well 111 control mode changed from LRAT to BHP
    Well 20 control mode changed from LRAT to BHP
    Well 23 control mode changed from LRAT to BHP
    Well 97 control mode changed from LRAT to BHP
    Well 98 control mode changed from LRAT to BHP
    Well 104 control mode changed from LRAT to BHP
    Well 107 control mode changed from LRAT to BHP
    Well 109 control mode changed from LRAT to BHP
    Well 102 control mode changed from LRAT to BHP
    Well 86 control mode changed from LRAT to BHP
    Well 15 control mode changed from LRAT to BHP
 Newton its= 2, linearizations= 3 (1.5sec), linear its=  4 (1.5sec)

Report step 121/371 at day 4902/12511, date = 01-Nov-2004

Starting time step 0, stepsize 30 days, at day 4902/4932, date = 01-Nov-2004
    Well 1 control mode changed from LRAT to BHP
    Well 10 control mode changed from LRAT to BHP
    Well 2 control mode changed from LRAT to BHP
    Well 3 control mode changed from LRAT to BHP
    Well 6 control mode changed from RATE to BHP
    Well 60 control mode changed from LRAT to BHP
    Well 52 control mode changed from LRAT to BHP
    Well 43 control mode changed from LRAT to BHP
    Well 78 control mode changed from LRAT to BHP
    Well 66 control mode changed from LRAT to BHP
    Well 88 control mode changed from LRAT to BHP
    Well 94 control mode changed from LRAT to BHP
    Well 56 control mode changed from LRAT to BHP
    Well 58 control mode changed from LRAT to BHP
    Well 67 control mode changed from LRAT to BHP
    Well 79 control mode changed from LRAT to BHP
    Well 95 control mode changed from LRAT to BHP
    Well 68 control mode changed from LRAT to BHP
    Well 89 control mode changed from LRAT to BHP
    Well 76 control mode changed from LRAT to BHP
    Well 77 control mode changed from LRAT to BHP
    Well 80 control mode changed from LRAT to BHP
    Well 63 control mode changed from LRAT to BHP
    Well 74 control mode changed from LRAT to BHP
    Well 75 control mode changed from LRAT to BHP
    Well 64 control mode changed from LRAT to BHP
    Well 100 control mode changed from LRAT to BHP
    Well 81 control mode changed from LRAT to BHP
    Well 92 control mode changed from LRAT to BHP
    Well 55 control mode changed from LRAT to BHP
    Well 101 control mode changed from LRAT to BHP
    Well 93 control mode changed from LRAT to BHP
    Well 82 control mode changed from LRAT to BHP
    Well 54 control mode changed from LRAT to BHP
    Well 47 control mode changed from LRAT to BHP
    Well 90 control mode changed from LRAT to BHP
    Well 85 control mode changed from LRAT to BHP
    Well 91 control mode changed from LRAT to BHP
    Well 96 control mode changed from LRAT to BHP
    Well 11 control mode changed from LRAT to BHP
    Well 111 control mode changed from LRAT to BHP
    Well 20 control mode changed from LRAT to BHP
    Well 23 control mode changed from LRAT to BHP
    Well 97 control mode changed from LRAT to BHP
    Well 98 control mode changed from LRAT to BHP
    Well 104 control mode changed from LRAT to BHP
    Well 107 control mode changed from LRAT to BHP
    Well 109 control mode changed from LRAT to BHP
    Well 102 control mode changed from LRAT to BHP
    Well 86 control mode changed from LRAT to BHP
    Well 15 control mode changed from LRAT to BHP
 Newton its= 2, linearizations= 3 (1.3sec), linear its=  3 (1.2sec)

Report step 122/371 at day 4932/12511, date = 01-Dec-2004

Starting time step 0, stepsize 31 days, at day 4932/4963, date = 01-Dec-2004
    Well 1 control mode changed from LRAT to BHP
    Well 10 control mode changed from LRAT to BHP
    Well 2 control mode changed from LRAT to BHP
    Well 3 control mode changed from LRAT to BHP
    Well 60 control mode changed from LRAT to BHP
    Well 52 control mode changed from LRAT to BHP
    Well 43 control mode changed from LRAT to BHP
    Well 78 control mode changed from LRAT to BHP
    Well 66 control mode changed from LRAT to BHP
    Well 88 control mode changed from LRAT to BHP
    Well 94 control mode changed from LRAT to BHP
    Well 56 control mode changed from LRAT to BHP
    Well 58 control mode changed from LRAT to BHP
    Well 67 control mode changed from LRAT to BHP
    Well 79 control mode changed from LRAT to BHP
    Well 95 control mode changed from LRAT to BHP
    Well 68 control mode changed from LRAT to BHP
    Well 89 control mode changed from LRAT to BHP
    Well 76 control mode changed from LRAT to BHP
    Well 77 control mode changed from LRAT to BHP
    Well 80 control mode changed from LRAT to BHP
    Well 63 control mode changed from LRAT to BHP
    Well 74 control mode changed from LRAT to BHP
    Well 75 control mode changed from LRAT to BHP
    Well 64 control mode changed from LRAT to BHP
    Well 100 control mode changed from LRAT to BHP
    Well 81 control mode changed from LRAT to BHP
    Well 92 control mode changed from LRAT to BHP
    Well 55 control mode changed from LRAT to BHP
    Well 101 control mode changed from LRAT to BHP
    Well 93 control mode changed from LRAT to BHP
    Well 82 control mode changed from LRAT to BHP
    Well 54 control mode changed from LRAT to BHP
    Well 47 control mode changed from LRAT to BHP
    Well 90 control mode changed from LRAT to BHP
    Well 85 control mode changed from LRAT to BHP
    Well 91 control mode changed from LRAT to BHP
    Well 96 control mode changed from LRAT to BHP
    Well 11 control mode changed from LRAT to BHP
    Well 111 control mode changed from LRAT to BHP
    Well 20 control mode changed from LRAT to BHP
    Well 23 control mode changed from LRAT to BHP
    Well 97 control mode changed from LRAT to BHP
    Well 98 control mode changed from LRAT to BHP
    Well 104 control mode changed from LRAT to BHP
    Well 107 control mode changed from LRAT to BHP
    Well 109 control mode changed from LRAT to BHP
    Well 102 control mode changed from LRAT to BHP
    Well 86 control mode changed from LRAT to BHP
    Well 15 control mode changed from LRAT to BHP
 Newton its= 2, linearizations= 3 (1.4sec), linear its=  3 (1.2sec)

Report step 123/371 at day 4963/12511, date = 01-Jan-2005

Starting time step 0, stepsize 31 days, at day 4963/4994, date = 01-Jan-2005
    Well 1 control mode changed from LRAT to BHP
    Well 10 control mode changed from LRAT to BHP
    Well 2 control mode changed from LRAT to BHP
    Well 3 control mode changed from LRAT to BHP
    Well 60 control mode changed from LRAT to BHP
    Well 52 control mode changed from LRAT to BHP
    Well 43 control mode changed from LRAT to BHP
    Well 78 control mode changed from LRAT to BHP
    Well 66 control mode changed from LRAT to BHP
    Well 88 control mode changed from LRAT to BHP
    Well 94 control mode changed from LRAT to BHP
    Well 56 control mode changed from LRAT to BHP
    Well 58 control mode changed from LRAT to BHP
    Well 67 control mode changed from LRAT to BHP
    Well 79 control mode changed from LRAT to BHP
    Well 95 control mode changed from LRAT to BHP
    Well 68 control mode changed from LRAT to BHP
    Well 89 control mode changed from LRAT to BHP
    Well 76 control mode changed from LRAT to BHP
    Well 77 control mode changed from LRAT to BHP
    Well 80 control mode changed from LRAT to BHP
    Well 63 control mode changed from LRAT to BHP
    Well 74 control mode changed from LRAT to BHP
    Well 75 control mode changed from LRAT to BHP
    Well 64 control mode changed from LRAT to BHP
    Well 100 control mode changed from LRAT to BHP
    Well 81 control mode changed from LRAT to BHP
    Well 92 control mode changed from LRAT to BHP
    Well 55 control mode changed from LRAT to BHP
    Well 101 control mode changed from LRAT to BHP
    Well 93 control mode changed from LRAT to BHP
    Well 82 control mode changed from LRAT to BHP
    Well 54 control mode changed from LRAT to BHP
    Well 47 control mode changed from LRAT to BHP
    Well 90 control mode changed from LRAT to BHP
    Well 85 control mode changed from LRAT to BHP
    Well 91 control mode changed from LRAT to BHP
    Well 96 control mode changed from LRAT to BHP
    Well 11 control mode changed from LRAT to BHP
    Well 111 control mode changed from LRAT to BHP
    Well 20 control mode changed from LRAT to BHP
    Well 23 control mode changed from LRAT to BHP
    Well 97 control mode changed from LRAT to BHP
    Well 98 control mode changed from LRAT to BHP
    Well 104 control mode changed from LRAT to BHP
    Well 107 control mode changed from LRAT to BHP
    Well 109 control mode changed from LRAT to BHP
    Well 102 control mode changed from LRAT to BHP
    Well 86 control mode changed from LRAT to BHP
    Well 15 control mode changed from LRAT to BHP
 Newton its= 2, linearizations= 3 (1.4sec), linear its=  3 (1.6sec)

Report step 124/371 at day 4994/12511, date = 01-Feb-2005

Starting time step 0, stepsize 28 days, at day 4994/5022, date = 01-Feb-2005
    Well 1 control mode changed from LRAT to BHP
    Well 10 control mode changed from LRAT to BHP
    Well 2 control mode changed from LRAT to BHP
    Well 3 control mode changed from LRAT to BHP
    Well 60 control mode changed from LRAT to BHP
    Well 52 control mode changed from LRAT to BHP
    Well 43 control mode changed from LRAT to BHP
    Well 78 control mode changed from LRAT to BHP
    Well 66 control mode changed from LRAT to BHP
    Well 88 control mode changed from LRAT to BHP
    Well 94 control mode changed from LRAT to BHP
    Well 56 control mode changed from LRAT to BHP
    Well 58 control mode changed from LRAT to BHP
    Well 67 control mode changed from LRAT to BHP
    Well 79 control mode changed from LRAT to BHP
    Well 95 control mode changed from LRAT to BHP
    Well 68 control mode changed from LRAT to BHP
    Well 89 control mode changed from LRAT to BHP
    Well 76 control mode changed from LRAT to BHP
    Well 77 control mode changed from LRAT to BHP
    Well 80 control mode changed from LRAT to BHP
    Well 63 control mode changed from LRAT to BHP
    Well 74 control mode changed from LRAT to BHP
    Well 75 control mode changed from LRAT to BHP
    Well 64 control mode changed from LRAT to BHP
    Well 100 control mode changed from LRAT to BHP
    Well 81 control mode changed from LRAT to BHP
    Well 92 control mode changed from LRAT to BHP
    Well 55 control mode changed from LRAT to BHP
    Well 101 control mode changed from LRAT to BHP
    Well 93 control mode changed from LRAT to BHP
    Well 82 control mode changed from LRAT to BHP
    Well 54 control mode changed from LRAT to BHP
    Well 47 control mode changed from LRAT to BHP
    Well 90 control mode changed from LRAT to BHP
    Well 85 control mode changed from LRAT to BHP
    Well 91 control mode changed from LRAT to BHP
    Well 96 control mode changed from LRAT to BHP
    Well 11 control mode changed from LRAT to BHP
    Well 111 control mode changed from LRAT to BHP
    Well 20 control mode changed from LRAT to BHP
    Well 23 control mode changed from LRAT to BHP
    Well 97 control mode changed from LRAT to BHP
    Well 98 control mode changed from LRAT to BHP
    Well 104 control mode changed from LRAT to BHP
    Well 107 control mode changed from LRAT to BHP
    Well 109 control mode changed from LRAT to BHP
    Well 102 control mode changed from LRAT to BHP
    Well 86 control mode changed from LRAT to BHP
    Well 15 control mode changed from LRAT to BHP
 Newton its= 2, linearizations= 3 (1.5sec), linear its=  3 (1.3sec)

Report step 125/371 at day 5022/12511, date = 01-Mar-2005

Starting time step 0, stepsize 31 days, at day 5022/5053, date = 01-Mar-2005
    Oscillating behavior detected: Relaxation set to 0.900000
    Well 1 control mode changed from LRAT to BHP
    Well 10 control mode changed from LRAT to BHP
    Well 2 control mode changed from LRAT to BHP
    Well 3 control mode changed from LRAT to BHP
    Well 60 control mode changed from LRAT to BHP
    Well 52 control mode changed from LRAT to BHP
    Well 43 control mode changed from LRAT to BHP
    Well 78 control mode changed from LRAT to BHP
    Well 66 control mode changed from LRAT to BHP
    Well 88 control mode changed from LRAT to BHP
    Well 94 control mode changed from LRAT to BHP
    Well 56 control mode changed from LRAT to BHP
    Well 58 control mode changed from LRAT to BHP
    Well 67 control mode changed from LRAT to BHP
    Well 79 control mode changed from LRAT to BHP
    Well 95 control mode changed from LRAT to BHP
    Well 68 control mode changed from LRAT to BHP
    Well 89 control mode changed from LRAT to BHP
    Well 76 control mode changed from LRAT to BHP
    Well 77 control mode changed from LRAT to BHP
    Well 80 control mode changed from LRAT to BHP
    Well 63 control mode changed from LRAT to BHP
    Well 74 control mode changed from LRAT to BHP
    Well 75 control mode changed from LRAT to BHP
    Well 64 control mode changed from LRAT to BHP
    Well 100 control mode changed from LRAT to BHP
    Well 81 control mode changed from LRAT to BHP
    Well 92 control mode changed from LRAT to BHP
    Well 55 control mode changed from LRAT to BHP
    Well 101 control mode changed from LRAT to BHP
    Well 93 control mode changed from LRAT to BHP
    Well 82 control mode changed from LRAT to BHP
    Well 54 control mode changed from LRAT to BHP
    Well 47 control mode changed from LRAT to BHP
    Well 90 control mode changed from LRAT to BHP
    Well 85 control mode changed from LRAT to BHP
    Well 91 control mode changed from LRAT to BHP
    Well 96 control mode changed from LRAT to BHP
    Well 11 control mode changed from LRAT to BHP
    Well 111 control mode changed from LRAT to BHP
    Well 20 control mode changed from LRAT to BHP
    Well 23 control mode changed from LRAT to BHP
    Well 97 control mode changed from LRAT to BHP
    Well 98 control mode changed from LRAT to BHP
    Well 104 control mode changed from LRAT to BHP
    Well 107 control mode changed from LRAT to BHP
    Well 109 control mode changed from LRAT to BHP
    Well 102 control mode changed from LRAT to BHP
    Well 15 control mode changed from LRAT to BHP
 Newton its= 3, linearizations= 4 (1.9sec), linear its=  4 (1.7sec)

Report step 126/371 at day 5053/12511, date = 01-Apr-2005

Starting time step 0, stepsize 30 days, at day 5053/5083, date = 01-Apr-2005
    Oscillating behavior detected: Relaxation set to 0.900000
    Well 1 control mode changed from LRAT to BHP
    Well 10 control mode changed from LRAT to BHP
    Well 2 control mode changed from LRAT to BHP
    Well 3 control mode changed from LRAT to BHP
    Well 60 control mode changed from LRAT to BHP
    Well 52 control mode changed from LRAT to BHP
    Well 43 control mode changed from LRAT to BHP
    Well 78 control mode changed from LRAT to BHP
    Well 66 control mode changed from LRAT to BHP
    Well 88 control mode changed from LRAT to BHP
    Well 94 control mode changed from LRAT to BHP
    Well 56 control mode changed from LRAT to BHP
    Well 58 control mode changed from LRAT to BHP
    Well 67 control mode changed from LRAT to BHP
    Well 79 control mode changed from LRAT to BHP
    Well 95 control mode changed from LRAT to BHP
    Well 68 control mode changed from LRAT to BHP
    Well 89 control mode changed from LRAT to BHP
    Well 76 control mode changed from LRAT to BHP
    Well 77 control mode changed from LRAT to BHP
    Well 80 control mode changed from LRAT to BHP
    Well 63 control mode changed from LRAT to BHP
    Well 74 control mode changed from LRAT to BHP
    Well 75 control mode changed from LRAT to BHP
    Well 64 control mode changed from LRAT to BHP
    Well 100 control mode changed from LRAT to BHP
    Well 81 control mode changed from LRAT to BHP
    Well 92 control mode changed from LRAT to BHP
    Well 55 control mode changed from LRAT to BHP
    Well 101 control mode changed from LRAT to BHP
    Well 93 control mode changed from LRAT to BHP
    Well 82 control mode changed from LRAT to BHP
    Well 54 control mode changed from LRAT to BHP
    Well 47 control mode changed from LRAT to BHP
    Well 90 control mode changed from LRAT to BHP
    Well 85 control mode changed from LRAT to BHP
    Well 91 control mode changed from LRAT to BHP
    Well 96 control mode changed from LRAT to BHP
    Well 11 control mode changed from LRAT to BHP
    Well 111 control mode changed from LRAT to BHP
    Well 20 control mode changed from LRAT to BHP
    Well 23 control mode changed from LRAT to BHP
    Well 97 control mode changed from LRAT to BHP
    Well 98 control mode changed from LRAT to BHP
    Well 104 control mode changed from LRAT to BHP
    Well 107 control mode changed from LRAT to BHP
    Well 109 control mode changed from LRAT to BHP
    Well 102 control mode changed from LRAT to BHP
    Well 15 control mode changed from LRAT to BHP
 Newton its= 3, linearizations= 4 (1.7sec), linear its=  4 (2.1sec)

Report step 127/371 at day 5083/12511, date = 01-May-2005

Starting time step 0, stepsize 31 days, at day 5083/5114, date = 01-May-2005
    Well 1 control mode changed from LRAT to BHP
    Well 10 control mode changed from LRAT to BHP
    Well 2 control mode changed from LRAT to BHP
    Well 3 control mode changed from LRAT to BHP
    Well 60 control mode changed from LRAT to BHP
    Well 8 control mode changed from RATE to BHP
    Well 52 control mode changed from LRAT to BHP
    Well 43 control mode changed from LRAT to BHP
    Well 78 control mode changed from LRAT to BHP
    Well 66 control mode changed from LRAT to BHP
    Well 88 control mode changed from LRAT to BHP
    Well 94 control mode changed from LRAT to BHP
    Well 56 control mode changed from LRAT to BHP
    Well 58 control mode changed from LRAT to BHP
    Well 67 control mode changed from LRAT to BHP
    Well 79 control mode changed from LRAT to BHP
    Well 95 control mode changed from LRAT to BHP
    Well 68 control mode changed from LRAT to BHP
    Well 89 control mode changed from LRAT to BHP
    Well 76 control mode changed from LRAT to BHP
    Well 77 control mode changed from LRAT to BHP
    Well 80 control mode changed from LRAT to BHP
    Well 63 control mode changed from LRAT to BHP
    Well 74 control mode changed from LRAT to BHP
    Well 75 control mode changed from LRAT to BHP
    Well 64 control mode changed from LRAT to BHP
    Well 100 control mode changed from LRAT to BHP
    Well 81 control mode changed from LRAT to BHP
    Well 92 control mode changed from LRAT to BHP
    Well 55 control mode changed from LRAT to BHP
    Well 101 control mode changed from LRAT to BHP
    Well 93 control mode changed from LRAT to BHP
    Well 82 control mode changed from LRAT to BHP
    Well 54 control mode changed from LRAT to BHP
    Well 47 control mode changed from LRAT to BHP
    Well 90 control mode changed from LRAT to BHP
    Well 85 control mode changed from LRAT to BHP
    Well 91 control mode changed from LRAT to BHP
    Well 96 control mode changed from LRAT to BHP
    Well 11 control mode changed from LRAT to BHP
    Well 111 control mode changed from LRAT to BHP
    Well 20 control mode changed from LRAT to BHP
    Well 23 control mode changed from LRAT to BHP
    Well 97 control mode changed from LRAT to BHP
    Well 98 control mode changed from LRAT to BHP
    Well 104 control mode changed from LRAT to BHP
    Well 107 control mode changed from LRAT to BHP
    Well 109 control mode changed from LRAT to BHP
    Well 102 control mode changed from LRAT to BHP
    Well 15 control mode changed from LRAT to BHP
 Newton its= 2, linearizations= 3 (1.6sec), linear its=  2 (1.4sec)

Report step 128/371 at day 5114/12511, date = 01-Jun-2005

Starting time step 0, stepsize 30 days, at day 5114/5144, date = 01-Jun-2005
    Well 1 control mode changed from LRAT to BHP
    Well 10 control mode changed from LRAT to BHP
    Well 2 control mode changed from LRAT to BHP
    Well 3 control mode changed from LRAT to BHP
    Well 60 control mode changed from LRAT to BHP
    Well 52 control mode changed from LRAT to BHP
    Well 43 control mode changed from LRAT to BHP
    Well 78 control mode changed from LRAT to BHP
    Well 66 control mode changed from LRAT to BHP
    Well 88 control mode changed from LRAT to BHP
    Well 94 control mode changed from LRAT to BHP
    Well 56 control mode changed from LRAT to BHP
    Well 58 control mode changed from LRAT to BHP
    Well 67 control mode changed from LRAT to BHP
    Well 79 control mode changed from LRAT to BHP
    Well 95 control mode changed from LRAT to BHP
    Well 68 control mode changed from LRAT to BHP
    Well 89 control mode changed from LRAT to BHP
    Well 76 control mode changed from LRAT to BHP
    Well 80 control mode changed from LRAT to BHP
    Well 63 control mode changed from LRAT to BHP
    Well 74 control mode changed from LRAT to BHP
    Well 75 control mode changed from LRAT to BHP
    Well 64 control mode changed from LRAT to BHP
    Well 100 control mode changed from LRAT to BHP
    Well 81 control mode changed from LRAT to BHP
    Well 92 control mode changed from LRAT to BHP
    Well 55 control mode changed from LRAT to BHP
    Well 101 control mode changed from LRAT to BHP
    Well 93 control mode changed from LRAT to BHP
    Well 82 control mode changed from LRAT to BHP
    Well 54 control mode changed from LRAT to BHP
    Well 47 control mode changed from LRAT to BHP
    Well 90 control mode changed from LRAT to BHP
    Well 85 control mode changed from LRAT to BHP
    Well 91 control mode changed from LRAT to BHP
    Well 96 control mode changed from LRAT to BHP
    Well 11 control mode changed from LRAT to BHP
    Well 111 control mode changed from LRAT to BHP
    Well 20 control mode changed from LRAT to BHP
    Well 23 control mode changed from LRAT to BHP
    Well 97 control mode changed from LRAT to BHP
    Well 98 control mode changed from LRAT to BHP
    Well 104 control mode changed from LRAT to BHP
    Well 107 control mode changed from LRAT to BHP
    Well 109 control mode changed from LRAT to BHP
    Well 102 control mode changed from LRAT to BHP
    Well 15 control mode changed from LRAT to BHP
 Newton its= 2, linearizations= 3 (1.5sec), linear its=  2 (1.3sec)

Report step 129/371 at day 5144/12511, date = 01-Jul-2005

Starting time step 0, stepsize 31 days, at day 5144/5175, date = 01-Jul-2005
    Oscillating behavior detected: Relaxation set to 0.900000
    Well 1 control mode changed from LRAT to BHP
    Well 10 control mode changed from LRAT to BHP
    Well 2 control mode changed from LRAT to BHP
    Well 3 control mode changed from LRAT to BHP
    Well 60 control mode changed from LRAT to BHP
    Well 52 control mode changed from LRAT to BHP
    Well 43 control mode changed from LRAT to BHP
    Well 78 control mode changed from LRAT to BHP
    Well 66 control mode changed from LRAT to BHP
    Well 88 control mode changed from LRAT to BHP
    Well 94 control mode changed from LRAT to BHP
    Well 56 control mode changed from LRAT to BHP
    Well 58 control mode changed from LRAT to BHP
    Well 67 control mode changed from LRAT to BHP
    Well 79 control mode changed from LRAT to BHP
    Well 95 control mode changed from LRAT to BHP
    Well 68 control mode changed from LRAT to BHP
    Well 89 control mode changed from LRAT to BHP
    Well 76 control mode changed from LRAT to BHP
    Well 80 control mode changed from LRAT to BHP
    Well 63 control mode changed from LRAT to BHP
    Well 74 control mode changed from LRAT to BHP
    Well 75 control mode changed from LRAT to BHP
    Well 64 control mode changed from LRAT to BHP
    Well 100 control mode changed from LRAT to BHP
    Well 81 control mode changed from LRAT to BHP
    Well 92 control mode changed from LRAT to BHP
    Well 55 control mode changed from LRAT to BHP
    Well 101 control mode changed from LRAT to BHP
    Well 93 control mode changed from LRAT to BHP
    Well 82 control mode changed from LRAT to BHP
    Well 54 control mode changed from LRAT to BHP
    Well 47 control mode changed from LRAT to BHP
    Well 90 control mode changed from LRAT to BHP
    Well 85 control mode changed from LRAT to BHP
    Well 91 control mode changed from LRAT to BHP
    Well 11 control mode changed from LRAT to BHP
    Well 111 control mode changed from LRAT to BHP
    Well 20 control mode changed from LRAT to BHP
    Well 23 control mode changed from LRAT to BHP
    Well 97 control mode changed from LRAT to BHP
    Well 104 control mode changed from LRAT to BHP
    Well 107 control mode changed from LRAT to BHP
    Well 109 control mode changed from LRAT to BHP
    Well 102 control mode changed from LRAT to BHP
    Well 15 control mode changed from LRAT to BHP
 Newton its= 4, linearizations= 5 (2.4sec), linear its=  6 (2.2sec)

Report step 130/371 at day 5175/12511, date = 01-Aug-2005

Starting time step 0, stepsize 31 days, at day 5175/5206, date = 01-Aug-2005
    Oscillating behavior detected: Relaxation set to 0.900000
    Well 1 control mode changed from LRAT to BHP
    Well 10 control mode changed from LRAT to BHP
    Well 2 control mode changed from LRAT to BHP
    Well 3 control mode changed from LRAT to BHP
    Well 60 control mode changed from LRAT to BHP
    Well 52 control mode changed from LRAT to BHP
    Well 43 control mode changed from LRAT to BHP
    Well 78 control mode changed from LRAT to BHP
    Well 66 control mode changed from LRAT to BHP
    Well 88 control mode changed from LRAT to BHP
    Well 94 control mode changed from LRAT to BHP
    Well 56 control mode changed from LRAT to BHP
    Well 58 control mode changed from LRAT to BHP
    Well 67 control mode changed from LRAT to BHP
    Well 79 control mode changed from LRAT to BHP
    Well 95 control mode changed from LRAT to BHP
    Well 68 control mode changed from LRAT to BHP
    Well 89 control mode changed from LRAT to BHP
    Well 76 control mode changed from LRAT to BHP
    Well 80 control mode changed from LRAT to BHP
    Well 63 control mode changed from LRAT to BHP
    Well 74 control mode changed from LRAT to BHP
    Well 75 control mode changed from LRAT to BHP
    Well 64 control mode changed from LRAT to BHP
    Well 100 control mode changed from LRAT to BHP
    Well 81 control mode changed from LRAT to BHP
    Well 92 control mode changed from LRAT to BHP
    Well 55 control mode changed from LRAT to BHP
    Well 101 control mode changed from LRAT to BHP
    Well 93 control mode changed from LRAT to BHP
    Well 82 control mode changed from LRAT to BHP
    Well 54 control mode changed from LRAT to BHP
    Well 47 control mode changed from LRAT to BHP
    Well 90 control mode changed from LRAT to BHP
    Well 85 control mode changed from LRAT to BHP
    Well 91 control mode changed from LRAT to BHP
    Well 11 control mode changed from LRAT to BHP
    Well 111 control mode changed from LRAT to BHP
    Well 20 control mode changed from LRAT to BHP
    Well 23 control mode changed from LRAT to BHP
    Well 97 control mode changed from LRAT to BHP
    Well 104 control mode changed from LRAT to BHP
    Well 107 control mode changed from LRAT to BHP
    Well 109 control mode changed from LRAT to BHP
    Well 102 control mode changed from LRAT to BHP
    Well 15 control mode changed from LRAT to BHP
 Newton its= 3, linearizations= 4 (1.7sec), linear its=  4 (1.7sec)

Report step 131/371 at day 5206/12511, date = 01-Sep-2005

Starting time step 0, stepsize 30 days, at day 5206/5236, date = 01-Sep-2005
    Oscillating behavior detected: Relaxation set to 0.900000
    Well 1 control mode changed from LRAT to BHP
    Well 10 control mode changed from LRAT to BHP
    Well 2 control mode changed from LRAT to BHP
    Well 3 control mode changed from LRAT to BHP
    Well 60 control mode changed from LRAT to BHP
    Well 52 control mode changed from LRAT to BHP
    Well 43 control mode changed from LRAT to BHP
    Well 78 control mode changed from LRAT to BHP
    Well 66 control mode changed from LRAT to BHP
    Well 88 control mode changed from LRAT to BHP
    Well 94 control mode changed from LRAT to BHP
    Well 56 control mode changed from LRAT to BHP
    Well 58 control mode changed from LRAT to BHP
    Well 67 control mode changed from LRAT to BHP
    Well 79 control mode changed from LRAT to BHP
    Well 95 control mode changed from LRAT to BHP
    Well 68 control mode changed from LRAT to BHP
    Well 89 control mode changed from LRAT to BHP
    Well 76 control mode changed from LRAT to BHP
    Well 80 control mode changed from LRAT to BHP
    Well 63 control mode changed from LRAT to BHP
    Well 74 control mode changed from LRAT to BHP
    Well 75 control mode changed from LRAT to BHP
    Well 64 control mode changed from LRAT to BHP
    Well 100 control mode changed from LRAT to BHP
    Well 81 control mode changed from LRAT to BHP
    Well 92 control mode changed from LRAT to BHP
    Well 55 control mode changed from LRAT to BHP
    Well 101 control mode changed from LRAT to BHP
    Well 93 control mode changed from LRAT to BHP
    Well 82 control mode changed from LRAT to BHP
    Well 54 control mode changed from LRAT to BHP
    Well 47 control mode changed from LRAT to BHP
    Well 90 control mode changed from LRAT to BHP
    Well 85 control mode changed from LRAT to BHP
    Well 91 control mode changed from LRAT to BHP
    Well 11 control mode changed from LRAT to BHP
    Well 111 control mode changed from LRAT to BHP
    Well 20 control mode changed from LRAT to BHP
    Well 23 control mode changed from LRAT to BHP
    Well 97 control mode changed from LRAT to BHP
    Well 104 control mode changed from LRAT to BHP
    Well 107 control mode changed from LRAT to BHP
    Well 109 control mode changed from LRAT to BHP
    Well 102 control mode changed from LRAT to BHP
    Well 15 control mode changed from LRAT to BHP
 Newton its= 3, linearizations= 4 (2.0sec), linear its=  4 (1.8sec)

Report step 132/371 at day 5236/12511, date = 01-Oct-2005

Starting time step 0, stepsize 31 days, at day 5236/5267, date = 01-Oct-2005
    Oscillating behavior detected: Relaxation set to 0.900000
    Well 1 control mode changed from LRAT to BHP
    Well 10 control mode changed from LRAT to BHP
    Well 2 control mode changed from LRAT to BHP
    Well 3 control mode changed from LRAT to BHP
    Well 60 control mode changed from LRAT to BHP
    Well 52 control mode changed from LRAT to BHP
    Well 43 control mode changed from LRAT to BHP
    Well 78 control mode changed from LRAT to BHP
    Well 66 control mode changed from LRAT to BHP
    Well 88 control mode changed from LRAT to BHP
    Well 94 control mode changed from LRAT to BHP
    Well 56 control mode changed from LRAT to BHP
    Well 58 control mode changed from LRAT to BHP
    Well 67 control mode changed from LRAT to BHP
    Well 79 control mode changed from LRAT to BHP
    Well 95 control mode changed from LRAT to BHP
    Well 68 control mode changed from LRAT to BHP
    Well 89 control mode changed from LRAT to BHP
    Well 76 control mode changed from LRAT to BHP
    Well 80 control mode changed from LRAT to BHP
    Well 63 control mode changed from LRAT to BHP
    Well 74 control mode changed from LRAT to BHP
    Well 75 control mode changed from LRAT to BHP
    Well 64 control mode changed from LRAT to BHP
    Well 100 control mode changed from LRAT to BHP
    Well 81 control mode changed from LRAT to BHP
    Well 92 control mode changed from LRAT to BHP
    Well 55 control mode changed from LRAT to BHP
    Well 101 control mode changed from LRAT to BHP
    Well 93 control mode changed from LRAT to BHP
    Well 82 control mode changed from LRAT to BHP
    Well 54 control mode changed from LRAT to BHP
    Well 47 control mode changed from LRAT to BHP
    Well 90 control mode changed from LRAT to BHP
    Well 85 control mode changed from LRAT to BHP
    Well 91 control mode changed from LRAT to BHP
    Well 11 control mode changed from LRAT to BHP
    Well 111 control mode changed from LRAT to BHP
    Well 20 control mode changed from LRAT to BHP
    Well 23 control mode changed from LRAT to BHP
    Well 97 control mode changed from LRAT to BHP
    Well 104 control mode changed from LRAT to BHP
    Well 107 control mode changed from LRAT to BHP
    Well 109 control mode changed from LRAT to BHP
    Well 102 control mode changed from LRAT to BHP
    Well 15 control mode changed from LRAT to BHP
 Newton its= 3, linearizations= 4 (1.9sec), linear its=  4 (1.7sec)

Report step 133/371 at day 5267/12511, date = 01-Nov-2005

Starting time step 0, stepsize 30 days, at day 5267/5297, date = 01-Nov-2005
    Well 1 control mode changed from LRAT to BHP
    Well 10 control mode changed from LRAT to BHP
    Well 2 control mode changed from LRAT to BHP
    Well 3 control mode changed from LRAT to BHP
    Well 60 control mode changed from LRAT to BHP
    Well 52 control mode changed from LRAT to BHP
    Well 43 control mode changed from LRAT to BHP
    Well 78 control mode changed from LRAT to BHP
    Well 66 control mode changed from LRAT to BHP
    Well 88 control mode changed from LRAT to BHP
    Well 94 control mode changed from LRAT to BHP
    Well 56 control mode changed from LRAT to BHP
    Well 58 control mode changed from LRAT to BHP
    Well 67 control mode changed from LRAT to BHP
    Well 79 control mode changed from LRAT to BHP
    Well 95 control mode changed from LRAT to BHP
    Well 68 control mode changed from LRAT to BHP
    Well 89 control mode changed from LRAT to BHP
    Well 76 control mode changed from LRAT to BHP
    Well 80 control mode changed from LRAT to BHP
    Well 63 control mode changed from LRAT to BHP
    Well 74 control mode changed from LRAT to BHP
    Well 75 control mode changed from LRAT to BHP
    Well 64 control mode changed from LRAT to BHP
    Well 100 control mode changed from LRAT to BHP
    Well 81 control mode changed from LRAT to BHP
    Well 92 control mode changed from LRAT to BHP
    Well 55 control mode changed from LRAT to BHP
    Well 101 control mode changed from LRAT to BHP
    Well 93 control mode changed from LRAT to BHP
    Well 82 control mode changed from LRAT to BHP
    Well 54 control mode changed from LRAT to BHP
    Well 47 control mode changed from LRAT to BHP
    Well 90 control mode changed from LRAT to BHP
    Well 85 control mode changed from LRAT to BHP
    Well 91 control mode changed from LRAT to BHP
    Well 11 control mode changed from LRAT to BHP
    Well 111 control mode changed from LRAT to BHP
    Well 20 control mode changed from LRAT to BHP
    Well 23 control mode changed from LRAT to BHP
    Well 97 control mode changed from LRAT to BHP
    Well 104 control mode changed from LRAT to BHP
    Well 107 control mode changed from LRAT to BHP
    Well 109 control mode changed from LRAT to BHP
    Well 102 control mode changed from LRAT to BHP
    Well 15 control mode changed from LRAT to BHP
 Newton its= 3, linearizations= 4 (1.7sec), linear its=  4 (1.8sec)

Report step 134/371 at day 5297/12511, date = 01-Dec-2005

Starting time step 0, stepsize 31 days, at day 5297/5328, date = 01-Dec-2005
    Oscillating behavior detected: Relaxation set to 0.900000
    Well 1 control mode changed from LRAT to BHP
    Well 10 control mode changed from LRAT to BHP
    Well 2 control mode changed from LRAT to BHP
    Well 3 control mode changed from LRAT to BHP
    Well 60 control mode changed from LRAT to BHP
    Well 52 control mode changed from LRAT to BHP
    Well 43 control mode changed from LRAT to BHP
    Well 78 control mode changed from LRAT to BHP
    Well 66 control mode changed from LRAT to BHP
    Well 88 control mode changed from LRAT to BHP
    Well 94 control mode changed from LRAT to BHP
    Well 56 control mode changed from LRAT to BHP
    Well 58 control mode changed from LRAT to BHP
    Well 67 control mode changed from LRAT to BHP
    Well 79 control mode changed from LRAT to BHP
    Well 95 control mode changed from LRAT to BHP
    Well 68 control mode changed from LRAT to BHP
    Well 89 control mode changed from LRAT to BHP
    Well 76 control mode changed from LRAT to BHP
    Well 80 control mode changed from LRAT to BHP
    Well 63 control mode changed from LRAT to BHP
    Well 74 control mode changed from LRAT to BHP
    Well 75 control mode changed from LRAT to BHP
    Well 64 control mode changed from LRAT to BHP
    Well 100 control mode changed from LRAT to BHP
    Well 81 control mode changed from LRAT to BHP
    Well 92 control mode changed from LRAT to BHP
    Well 55 control mode changed from LRAT to BHP
    Well 101 control mode changed from LRAT to BHP
    Well 93 control mode changed from LRAT to BHP
    Well 82 control mode changed from LRAT to BHP
    Well 54 control mode changed from LRAT to BHP
    Well 47 control mode changed from LRAT to BHP
    Well 90 control mode changed from LRAT to BHP
    Well 85 control mode changed from LRAT to BHP
    Well 91 control mode changed from LRAT to BHP
    Well 11 control mode changed from LRAT to BHP
    Well 111 control mode changed from LRAT to BHP
    Well 20 control mode changed from LRAT to BHP
    Well 23 control mode changed from LRAT to BHP
    Well 97 control mode changed from LRAT to BHP
    Well 104 control mode changed from LRAT to BHP
    Well 107 control mode changed from LRAT to BHP
    Well 109 control mode changed from LRAT to BHP
    Well 102 control mode changed from LRAT to BHP
    Well 15 control mode changed from LRAT to BHP
 Newton its= 3, linearizations= 4 (1.7sec), linear its=  4 (1.8sec)

Report step 135/371 at day 5328/12511, date = 01-Jan-2006

Starting time step 0, stepsize 31 days, at day 5328/5359, date = 01-Jan-2006
    Oscillating behavior detected: Relaxation set to 0.900000
    Well 1 control mode changed from LRAT to BHP
    Well 10 control mode changed from LRAT to BHP
    Well 2 control mode changed from LRAT to BHP
    Well 3 control mode changed from LRAT to BHP
    Well 60 control mode changed from LRAT to BHP
    Well 52 control mode changed from LRAT to BHP
    Well 43 control mode changed from LRAT to BHP
    Well 78 control mode changed from LRAT to BHP
    Well 66 control mode changed from LRAT to BHP
    Well 88 control mode changed from LRAT to BHP
    Well 94 control mode changed from LRAT to BHP
    Well 56 control mode changed from LRAT to BHP
    Well 58 control mode changed from LRAT to BHP
    Well 67 control mode changed from LRAT to BHP
    Well 79 control mode changed from LRAT to BHP
    Well 95 control mode changed from LRAT to BHP
    Well 68 control mode changed from LRAT to BHP
    Well 89 control mode changed from LRAT to BHP
    Well 76 control mode changed from LRAT to BHP
    Well 80 control mode changed from LRAT to BHP
    Well 63 control mode changed from LRAT to BHP
    Well 74 control mode changed from LRAT to BHP
    Well 75 control mode changed from LRAT to BHP
    Well 64 control mode changed from LRAT to BHP
    Well 100 control mode changed from LRAT to BHP
    Well 81 control mode changed from LRAT to BHP
    Well 92 control mode changed from LRAT to BHP
    Well 55 control mode changed from LRAT to BHP
    Well 101 control mode changed from LRAT to BHP
    Well 93 control mode changed from LRAT to BHP
    Well 82 control mode changed from LRAT to BHP
    Well 54 control mode changed from LRAT to BHP
    Well 47 control mode changed from LRAT to BHP
    Well 90 control mode changed from LRAT to BHP
    Well 85 control mode changed from LRAT to BHP
    Well 91 control mode changed from LRAT to BHP
    Well 11 control mode changed from LRAT to BHP
    Well 111 control mode changed from LRAT to BHP
    Well 20 control mode changed from LRAT to BHP
    Well 23 control mode changed from LRAT to BHP
    Well 97 control mode changed from LRAT to BHP
    Well 104 control mode changed from LRAT to BHP
    Well 107 control mode changed from LRAT to BHP
    Well 109 control mode changed from LRAT to BHP
    Well 102 control mode changed from LRAT to BHP
    Well 15 control mode changed from LRAT to BHP
 Newton its= 3, linearizations= 4 (2.0sec), linear its=  4 (2.1sec)

Report step 136/371 at day 5359/12511, date = 01-Feb-2006

Starting time step 0, stepsize 28 days, at day 5359/5387, date = 01-Feb-2006
    Oscillating behavior detected: Relaxation set to 0.900000
    Well 1 control mode changed from LRAT to BHP
    Well 10 control mode changed from LRAT to BHP
    Well 2 control mode changed from LRAT to BHP
    Well 3 control mode changed from LRAT to BHP
    Well 60 control mode changed from LRAT to BHP
    Well 52 control mode changed from LRAT to BHP
    Well 43 control mode changed from LRAT to BHP
    Well 78 control mode changed from LRAT to BHP
    Well 66 control mode changed from LRAT to BHP
    Well 88 control mode changed from LRAT to BHP
    Well 94 control mode changed from LRAT to BHP
    Well 56 control mode changed from LRAT to BHP
    Well 58 control mode changed from LRAT to BHP
    Well 67 control mode changed from LRAT to BHP
    Well 79 control mode changed from LRAT to BHP
    Well 95 control mode changed from LRAT to BHP
    Well 68 control mode changed from LRAT to BHP
    Well 89 control mode changed from LRAT to BHP
    Well 76 control mode changed from LRAT to BHP
    Well 80 control mode changed from LRAT to BHP
    Well 63 control mode changed from LRAT to BHP
    Well 74 control mode changed from LRAT to BHP
    Well 75 control mode changed from LRAT to BHP
    Well 64 control mode changed from LRAT to BHP
    Well 100 control mode changed from LRAT to BHP
    Well 81 control mode changed from LRAT to BHP
    Well 92 control mode changed from LRAT to BHP
    Well 55 control mode changed from LRAT to BHP
    Well 101 control mode changed from LRAT to BHP
    Well 93 control mode changed from LRAT to BHP
    Well 82 control mode changed from LRAT to BHP
    Well 54 control mode changed from LRAT to BHP
    Well 47 control mode changed from LRAT to BHP
    Well 90 control mode changed from LRAT to BHP
    Well 85 control mode changed from LRAT to BHP
    Well 91 control mode changed from LRAT to BHP
    Well 111 control mode changed from LRAT to BHP
    Well 20 control mode changed from LRAT to BHP
    Well 23 control mode changed from LRAT to BHP
    Well 97 control mode changed from LRAT to BHP
    Well 104 control mode changed from LRAT to BHP
    Well 107 control mode changed from LRAT to BHP
    Well 109 control mode changed from LRAT to BHP
    Well 102 control mode changed from LRAT to BHP
    Well 15 control mode changed from LRAT to BHP
 Newton its= 3, linearizations= 4 (1.8sec), linear its=  4 (2.2sec)

Report step 137/371 at day 5387/12511, date = 01-Mar-2006

Starting time step 0, stepsize 31 days, at day 5387/5418, date = 01-Mar-2006
    Well 1 control mode changed from LRAT to BHP
    Well 10 control mode changed from LRAT to BHP
    Well 2 control mode changed from LRAT to BHP
    Well 3 control mode changed from LRAT to BHP
    Well 53 control mode changed from RATE to BHP
    Well 6 control mode changed from RATE to BHP
    Well 60 control mode changed from LRAT to BHP
    Well 8 control mode changed from RATE to BHP
    Well 52 control mode changed from LRAT to BHP
    Well 43 control mode changed from LRAT to BHP
    Well 78 control mode changed from LRAT to BHP
    Well 65 control mode changed from RATE to BHP
    Well 66 control mode changed from LRAT to BHP
    Well 88 control mode changed from LRAT to BHP
    Well 94 control mode changed from LRAT to BHP
    Well 56 control mode changed from LRAT to BHP
    Well 58 control mode changed from LRAT to BHP
    Well 67 control mode changed from LRAT to BHP
    Well 79 control mode changed from LRAT to BHP
    Well 95 control mode changed from LRAT to BHP
    Well 68 control mode changed from LRAT to BHP
    Well 89 control mode changed from LRAT to BHP
    Well 76 control mode changed from RATE to BHP
    Well 80 control mode changed from LRAT to BHP
    Well 27 control mode changed from RATE to BHP
    Well 63 control mode changed from LRAT to BHP
    Well 74 control mode changed from LRAT to BHP
    Well 75 control mode changed from LRAT to BHP
    Well 64 control mode changed from LRAT to BHP
    Well 100 control mode changed from LRAT to BHP
    Well 81 control mode changed from LRAT to BHP
    Well 92 control mode changed from LRAT to BHP
    Well 55 control mode changed from LRAT to BHP
    Well 101 control mode changed from LRAT to BHP
    Well 93 control mode changed from LRAT to BHP
    Well 82 control mode changed from LRAT to BHP
    Well 54 control mode changed from LRAT to BHP
    Well 47 control mode changed from LRAT to BHP
    Well 90 control mode changed from LRAT to BHP
    Well 85 control mode changed from LRAT to BHP
    Well 91 control mode changed from LRAT to BHP
    Well 11 control mode changed from LRAT to BHP
    Well 111 control mode changed from LRAT to BHP
    Well 20 control mode changed from LRAT to BHP
    Well 23 control mode changed from LRAT to BHP
    Well 97 control mode changed from LRAT to BHP
    Well 104 control mode changed from LRAT to BHP
    Well 107 control mode changed from LRAT to BHP
    Well 109 control mode changed from LRAT to BHP
    Well 102 control mode changed from LRAT to BHP
    Well 61 control mode changed from RATE to BHP
    Well 15 control mode changed from LRAT to BHP
 Newton its= 3, linearizations= 4 (2.1sec), linear its=  6 (3.1sec)

Report step 138/371 at day 5418/12511, date = 01-Apr-2006

Starting time step 0, stepsize 30 days, at day 5418/5448, date = 01-Apr-2006
    Well 1 control mode changed from LRAT to BHP
    Well 10 control mode changed from LRAT to BHP
    Well 2 control mode changed from LRAT to BHP
    Well 3 control mode changed from LRAT to BHP
    Well 60 control mode changed from LRAT to BHP
    Well 52 control mode changed from LRAT to BHP
    Well 43 control mode changed from LRAT to BHP
    Well 78 control mode changed from LRAT to BHP
    Well 66 control mode changed from LRAT to BHP
    Well 88 control mode changed from LRAT to BHP
    Well 94 control mode changed from LRAT to BHP
    Well 56 control mode changed from LRAT to BHP
    Well 58 control mode changed from LRAT to BHP
    Well 67 control mode changed from LRAT to BHP
    Well 79 control mode changed from LRAT to BHP
    Well 95 control mode changed from LRAT to BHP
    Well 68 control mode changed from LRAT to BHP
    Well 89 control mode changed from LRAT to BHP
    Well 80 control mode changed from LRAT to BHP
    Well 63 control mode changed from LRAT to BHP
    Well 74 control mode changed from LRAT to BHP
    Well 75 control mode changed from LRAT to BHP
    Well 64 control mode changed from LRAT to BHP
    Well 100 control mode changed from LRAT to BHP
    Well 81 control mode changed from LRAT to BHP
    Well 92 control mode changed from LRAT to BHP
    Well 55 control mode changed from LRAT to BHP
    Well 101 control mode changed from LRAT to BHP
    Well 93 control mode changed from LRAT to BHP
    Well 82 control mode changed from LRAT to BHP
    Well 54 control mode changed from LRAT to BHP
    Well 47 control mode changed from LRAT to BHP
    Well 90 control mode changed from LRAT to BHP
    Well 85 control mode changed from LRAT to BHP
    Well 91 control mode changed from LRAT to BHP
    Well 11 control mode changed from LRAT to BHP
    Well 111 control mode changed from LRAT to BHP
    Well 20 control mode changed from LRAT to BHP
    Well 23 control mode changed from LRAT to BHP
    Well 97 control mode changed from LRAT to BHP
    Well 104 control mode changed from LRAT to BHP
    Well 107 control mode changed from LRAT to BHP
    Well 109 control mode changed from LRAT to BHP
    Well 102 control mode changed from LRAT to BHP
    Well 15 control mode changed from LRAT to BHP
 Newton its= 3, linearizations= 4 (1.8sec), linear its=  5 (2.1sec)

Report step 139/371 at day 5448/12511, date = 01-May-2006

Starting time step 0, stepsize 31 days, at day 5448/5479, date = 01-May-2006
    Well 1 control mode changed from LRAT to BHP
    Well 10 control mode changed from LRAT to BHP
    Well 2 control mode changed from LRAT to BHP
    Well 3 control mode changed from LRAT to BHP
    Well 60 control mode changed from LRAT to BHP
    Well 52 control mode changed from LRAT to BHP
    Well 43 control mode changed from LRAT to BHP
    Well 78 control mode changed from LRAT to BHP
    Well 66 control mode changed from LRAT to BHP
    Well 88 control mode changed from LRAT to BHP
    Well 94 control mode changed from LRAT to BHP
    Well 56 control mode changed from LRAT to BHP
    Well 58 control mode changed from LRAT to BHP
    Well 67 control mode changed from LRAT to BHP
    Well 79 control mode changed from LRAT to BHP
    Well 95 control mode changed from LRAT to BHP
    Well 68 control mode changed from LRAT to BHP
    Well 89 control mode changed from LRAT to BHP
    Well 80 control mode changed from LRAT to BHP
    Well 63 control mode changed from LRAT to BHP
    Well 74 control mode changed from LRAT to BHP
    Well 75 control mode changed from LRAT to BHP
    Well 64 control mode changed from LRAT to BHP
    Well 100 control mode changed from LRAT to BHP
    Well 81 control mode changed from LRAT to BHP
    Well 92 control mode changed from LRAT to BHP
    Well 55 control mode changed from LRAT to BHP
    Well 101 control mode changed from LRAT to BHP
    Well 93 control mode changed from LRAT to BHP
    Well 82 control mode changed from LRAT to BHP
    Well 54 control mode changed from LRAT to BHP
    Well 47 control mode changed from LRAT to BHP
    Well 90 control mode changed from LRAT to BHP
    Well 85 control mode changed from LRAT to BHP
    Well 91 control mode changed from LRAT to BHP
    Well 11 control mode changed from LRAT to BHP
    Well 111 control mode changed from LRAT to BHP
    Well 20 control mode changed from LRAT to BHP
    Well 23 control mode changed from LRAT to BHP
    Well 97 control mode changed from LRAT to BHP
    Well 104 control mode changed from LRAT to BHP
    Well 107 control mode changed from LRAT to BHP
    Well 109 control mode changed from LRAT to BHP
    Well 102 control mode changed from LRAT to BHP
    Well 61 control mode changed from BHP to RATE
    Well 15 control mode changed from LRAT to BHP
 Newton its= 2, linearizations= 3 (1.4sec), linear its=  4 (1.4sec)

Report step 140/371 at day 5479/12511, date = 01-Jun-2006

Starting time step 0, stepsize 30 days, at day 5479/5509, date = 01-Jun-2006
    Well 1 control mode changed from LRAT to BHP
    Well 10 control mode changed from LRAT to BHP
    Well 2 control mode changed from LRAT to BHP
    Well 3 control mode changed from LRAT to BHP
    Well 60 control mode changed from LRAT to BHP
    Well 52 control mode changed from LRAT to BHP
    Well 43 control mode changed from LRAT to BHP
    Well 78 control mode changed from LRAT to BHP
    Well 66 control mode changed from LRAT to BHP
    Well 88 control mode changed from LRAT to BHP
    Well 94 control mode changed from LRAT to BHP
    Well 58 control mode changed from LRAT to BHP
    Well 67 control mode changed from LRAT to BHP
    Well 79 control mode changed from LRAT to BHP
    Well 95 control mode changed from LRAT to BHP
    Well 68 control mode changed from LRAT to BHP
    Well 89 control mode changed from LRAT to BHP
    Well 80 control mode changed from LRAT to BHP
    Well 63 control mode changed from LRAT to BHP
    Well 74 control mode changed from LRAT to BHP
    Well 75 control mode changed from LRAT to BHP
    Well 64 control mode changed from LRAT to BHP
    Well 100 control mode changed from LRAT to BHP
    Well 81 control mode changed from LRAT to BHP
    Well 92 control mode changed from LRAT to BHP
    Well 55 control mode changed from LRAT to BHP
    Well 101 control mode changed from LRAT to BHP
    Well 93 control mode changed from LRAT to BHP
    Well 54 control mode changed from LRAT to BHP
    Well 47 control mode changed from LRAT to BHP
    Well 90 control mode changed from LRAT to BHP
    Well 85 control mode changed from LRAT to BHP
    Well 91 control mode changed from LRAT to BHP
    Well 11 control mode changed from LRAT to BHP
    Well 111 control mode changed from LRAT to BHP
    Well 20 control mode changed from LRAT to BHP
    Well 23 control mode changed from LRAT to BHP
    Well 97 control mode changed from LRAT to BHP
    Well 104 control mode changed from LRAT to BHP
    Well 107 control mode changed from LRAT to BHP
    Well 109 control mode changed from LRAT to BHP
    Well 102 control mode changed from LRAT to BHP
    Well 15 control mode changed from LRAT to BHP
 Newton its= 3, linearizations= 4 (1.9sec), linear its=  7 (2.3sec)

Report step 141/371 at day 5509/12511, date = 01-Jul-2006

Starting time step 0, stepsize 31 days, at day 5509/5540, date = 01-Jul-2006
    Well 1 control mode changed from LRAT to BHP
    Well 10 control mode changed from LRAT to BHP
    Well 2 control mode changed from LRAT to BHP
    Well 3 control mode changed from LRAT to BHP
    Well 53 control mode changed from RATE to BHP
    Well 60 control mode changed from LRAT to BHP
    Well 8 control mode changed from RATE to BHP
    Well 52 control mode changed from LRAT to BHP
    Well 13 control mode changed from RATE to BHP
    Well 43 control mode changed from LRAT to BHP
    Well 78 control mode changed from LRAT to BHP
    Well 65 control mode changed from RATE to BHP
    Well 66 control mode changed from LRAT to BHP
    Well 88 control mode changed from LRAT to BHP
    Well 94 control mode changed from LRAT to BHP
    Well 58 control mode changed from LRAT to BHP
    Well 67 control mode changed from LRAT to BHP
    Well 79 control mode changed from LRAT to BHP
    Well 95 control mode changed from LRAT to BHP
    Well 68 control mode changed from LRAT to BHP
    Well 89 control mode changed from LRAT to BHP
    Well 76 control mode changed from RATE to BHP
    Well 80 control mode changed from LRAT to BHP
    Well 27 control mode changed from RATE to BHP
    Well 63 control mode changed from LRAT to BHP
    Well 74 control mode changed from LRAT to BHP
    Well 75 control mode changed from LRAT to BHP
    Well 64 control mode changed from LRAT to BHP
    Well 100 control mode changed from LRAT to BHP
    Well 81 control mode changed from LRAT to BHP
    Well 92 control mode changed from LRAT to BHP
    Well 55 control mode changed from LRAT to BHP
    Well 101 control mode changed from LRAT to BHP
    Well 93 control mode changed from LRAT to BHP
    Well 54 control mode changed from LRAT to BHP
    Well 47 control mode changed from LRAT to BHP
    Well 49 control mode changed from RATE to BHP
    Well 90 control mode changed from LRAT to BHP
    Well 85 control mode changed from LRAT to BHP
    Well 91 control mode changed from LRAT to BHP
    Well 23 control mode changed from LRAT to BHP
    Well 97 control mode changed from LRAT to BHP
    Well 104 control mode changed from LRAT to BHP
    Well 107 control mode changed from LRAT to BHP
    Well 109 control mode changed from LRAT to BHP
    Well 102 control mode changed from LRAT to BHP
    Well 15 control mode changed from LRAT to BHP
 Newton its= 4, linearizations= 5 (2.3sec), linear its=  9 (3.2sec)

Report step 142/371 at day 5540/12511, date = 01-Aug-2006

Starting time step 0, stepsize 31 days, at day 5540/5571, date = 01-Aug-2006
    Well 1 control mode changed from LRAT to BHP
    Well 10 control mode changed from LRAT to BHP
    Well 2 control mode changed from LRAT to BHP
    Well 3 control mode changed from LRAT to BHP
    Well 60 control mode changed from LRAT to BHP
    Well 52 control mode changed from LRAT to BHP
    Well 43 control mode changed from LRAT to BHP
    Well 78 control mode changed from LRAT to BHP
    Well 66 control mode changed from LRAT to BHP
    Well 88 control mode changed from LRAT to BHP
    Well 94 control mode changed from LRAT to BHP
    Well 58 control mode changed from LRAT to BHP
    Well 67 control mode changed from LRAT to BHP
    Well 79 control mode changed from LRAT to BHP
    Well 95 control mode changed from LRAT to BHP
    Well 68 control mode changed from LRAT to BHP
    Well 89 control mode changed from LRAT to BHP
    Well 80 control mode changed from LRAT to BHP
    Well 63 control mode changed from LRAT to BHP
    Well 75 control mode changed from LRAT to BHP
    Well 64 control mode changed from LRAT to BHP
    Well 100 control mode changed from LRAT to BHP
    Well 81 control mode changed from LRAT to BHP
    Well 92 control mode changed from LRAT to BHP
    Well 55 control mode changed from LRAT to BHP
    Well 101 control mode changed from LRAT to BHP
    Well 93 control mode changed from LRAT to BHP
    Well 54 control mode changed from LRAT to BHP
    Well 47 control mode changed from LRAT to BHP
    Well 90 control mode changed from LRAT to BHP
    Well 85 control mode changed from LRAT to BHP
    Well 23 control mode changed from LRAT to BHP
    Well 104 control mode changed from LRAT to BHP
    Well 107 control mode changed from LRAT to BHP
    Well 109 control mode changed from LRAT to BHP
    Well 102 control mode changed from LRAT to BHP
    Well 15 control mode changed from LRAT to BHP
 Newton its= 3, linearizations= 4 (1.8sec), linear its=  7 (2.1sec)

Report step 143/371 at day 5571/12511, date = 01-Sep-2006

Starting time step 0, stepsize 30 days, at day 5571/5601, date = 01-Sep-2006
    Well 1 control mode changed from LRAT to BHP
    Well 10 control mode changed from LRAT to BHP
    Well 2 control mode changed from LRAT to BHP
    Well 3 control mode changed from LRAT to BHP
    Well 60 control mode changed from LRAT to BHP
    Well 52 control mode changed from LRAT to BHP
    Well 43 control mode changed from LRAT to BHP
    Well 78 control mode changed from LRAT to BHP
    Well 66 control mode changed from LRAT to BHP
    Well 88 control mode changed from LRAT to BHP
    Well 94 control mode changed from LRAT to BHP
    Well 58 control mode changed from LRAT to BHP
    Well 67 control mode changed from LRAT to BHP
    Well 79 control mode changed from LRAT to BHP
    Well 95 control mode changed from LRAT to BHP
    Well 68 control mode changed from LRAT to BHP
    Well 89 control mode changed from LRAT to BHP
    Well 80 control mode changed from LRAT to BHP
    Well 63 control mode changed from LRAT to BHP
    Well 75 control mode changed from LRAT to BHP
    Well 64 control mode changed from LRAT to BHP
    Well 100 control mode changed from LRAT to BHP
    Well 81 control mode changed from LRAT to BHP
    Well 92 control mode changed from LRAT to BHP
    Well 55 control mode changed from LRAT to BHP
    Well 101 control mode changed from LRAT to BHP
    Well 93 control mode changed from LRAT to BHP
    Well 54 control mode changed from LRAT to BHP
    Well 47 control mode changed from LRAT to BHP
    Well 90 control mode changed from LRAT to BHP
    Well 23 control mode changed from LRAT to BHP
    Well 104 control mode changed from LRAT to BHP
    Well 107 control mode changed from LRAT to BHP
    Well 109 control mode changed from LRAT to BHP
    Well 102 control mode changed from LRAT to BHP
    Well 15 control mode changed from LRAT to BHP
 Newton its= 2, linearizations= 3 (1.4sec), linear its=  4 (1.4sec)

Report step 144/371 at day 5601/12511, date = 01-Oct-2006

Starting time step 0, stepsize 31 days, at day 5601/5632, date = 01-Oct-2006
    Well 1 control mode changed from LRAT to BHP
    Well 10 control mode changed from LRAT to BHP
    Well 2 control mode changed from LRAT to BHP
    Well 3 control mode changed from LRAT to BHP
    Well 60 control mode changed from LRAT to BHP
    Well 52 control mode changed from LRAT to BHP
    Well 43 control mode changed from LRAT to BHP
    Well 78 control mode changed from LRAT to BHP
    Well 66 control mode changed from LRAT to BHP
    Well 88 control mode changed from LRAT to BHP
    Well 94 control mode changed from LRAT to BHP
    Well 58 control mode changed from LRAT to BHP
    Well 67 control mode changed from LRAT to BHP
    Well 79 control mode changed from LRAT to BHP
    Well 95 control mode changed from LRAT to BHP
    Well 68 control mode changed from LRAT to BHP
    Well 89 control mode changed from LRAT to BHP
    Well 80 control mode changed from LRAT to BHP
    Well 63 control mode changed from LRAT to BHP
    Well 75 control mode changed from LRAT to BHP
    Well 64 control mode changed from LRAT to BHP
    Well 100 control mode changed from LRAT to BHP
    Well 81 control mode changed from LRAT to BHP
    Well 92 control mode changed from LRAT to BHP
    Well 55 control mode changed from LRAT to BHP
    Well 101 control mode changed from LRAT to BHP
    Well 93 control mode changed from LRAT to BHP
    Well 54 control mode changed from LRAT to BHP
    Well 47 control mode changed from LRAT to BHP
    Well 90 control mode changed from LRAT to BHP
    Well 23 control mode changed from LRAT to BHP
    Well 104 control mode changed from LRAT to BHP
    Well 107 control mode changed from LRAT to BHP
    Well 109 control mode changed from LRAT to BHP
    Well 102 control mode changed from LRAT to BHP
    Well 15 control mode changed from LRAT to BHP
 Newton its= 2, linearizations= 3 (1.4sec), linear its=  4 (1.4sec)

Report step 145/371 at day 5632/12511, date = 01-Nov-2006

Starting time step 0, stepsize 30 days, at day 5632/5662, date = 01-Nov-2006
    Well 1 control mode changed from LRAT to BHP
    Well 10 control mode changed from LRAT to BHP
    Well 2 control mode changed from LRAT to BHP
    Well 3 control mode changed from LRAT to BHP
    Well 60 control mode changed from LRAT to BHP
    Well 52 control mode changed from LRAT to BHP
    Well 43 control mode changed from LRAT to BHP
    Well 78 control mode changed from LRAT to BHP
    Well 57 control mode changed from LRAT to BHP
    Well 66 control mode changed from LRAT to BHP
    Well 88 control mode changed from LRAT to BHP
    Well 94 control mode changed from LRAT to BHP
    Well 58 control mode changed from LRAT to BHP
    Well 67 control mode changed from LRAT to BHP
    Well 79 control mode changed from LRAT to BHP
    Well 95 control mode changed from LRAT to BHP
    Well 68 control mode changed from LRAT to BHP
    Well 89 control mode changed from LRAT to BHP
    Well 80 control mode changed from LRAT to BHP
    Well 63 control mode changed from LRAT to BHP
    Well 75 control mode changed from LRAT to BHP
    Well 64 control mode changed from LRAT to BHP
    Well 100 control mode changed from LRAT to BHP
    Well 81 control mode changed from LRAT to BHP
    Well 92 control mode changed from LRAT to BHP
    Well 55 control mode changed from LRAT to BHP
    Well 101 control mode changed from LRAT to BHP
    Well 93 control mode changed from LRAT to BHP
    Well 54 control mode changed from LRAT to BHP
    Well 47 control mode changed from LRAT to BHP
    Well 90 control mode changed from LRAT to BHP
    Well 23 control mode changed from LRAT to BHP
    Well 104 control mode changed from LRAT to BHP
    Well 107 control mode changed from LRAT to BHP
    Well 109 control mode changed from LRAT to BHP
    Well 102 control mode changed from LRAT to BHP
    Well 15 control mode changed from LRAT to BHP
 Newton its= 2, linearizations= 3 (1.5sec), linear its=  4 (1.4sec)

Report step 146/371 at day 5662/12511, date = 01-Dec-2006

Starting time step 0, stepsize 31 days, at day 5662/5693, date = 01-Dec-2006
    Well 1 control mode changed from LRAT to BHP
    Well 10 control mode changed from LRAT to BHP
    Well 2 control mode changed from LRAT to BHP
    Well 3 control mode changed from LRAT to BHP
    Well 60 control mode changed from LRAT to BHP
    Well 52 control mode changed from LRAT to BHP
    Well 43 control mode changed from LRAT to BHP
    Well 78 control mode changed from LRAT to BHP
    Well 57 control mode changed from LRAT to BHP
    Well 66 control mode changed from LRAT to BHP
    Well 88 control mode changed from LRAT to BHP
    Well 94 control mode changed from LRAT to BHP
    Well 58 control mode changed from LRAT to BHP
    Well 67 control mode changed from LRAT to BHP
    Well 79 control mode changed from LRAT to BHP
    Well 95 control mode changed from LRAT to BHP
    Well 68 control mode changed from LRAT to BHP
    Well 89 control mode changed from LRAT to BHP
    Well 80 control mode changed from LRAT to BHP
    Well 63 control mode changed from LRAT to BHP
    Well 75 control mode changed from LRAT to BHP
    Well 64 control mode changed from LRAT to BHP
    Well 100 control mode changed from LRAT to BHP
    Well 81 control mode changed from LRAT to BHP
    Well 92 control mode changed from LRAT to BHP
    Well 55 control mode changed from LRAT to BHP
    Well 101 control mode changed from LRAT to BHP
    Well 93 control mode changed from LRAT to BHP
    Well 54 control mode changed from LRAT to BHP
    Well 47 control mode changed from LRAT to BHP
    Well 90 control mode changed from LRAT to BHP
    Well 23 control mode changed from LRAT to BHP
    Well 104 control mode changed from LRAT to BHP
    Well 107 control mode changed from LRAT to BHP
    Well 109 control mode changed from LRAT to BHP
    Well 102 control mode changed from LRAT to BHP
    Well 15 control mode changed from LRAT to BHP
 Newton its= 2, linearizations= 3 (1.5sec), linear its=  3 (1.1sec)

Report step 147/371 at day 5693/12511, date = 01-Jan-2007

Starting time step 0, stepsize 31 days, at day 5693/5724, date = 01-Jan-2007
    Oscillating behavior detected: Relaxation set to 0.900000
    Well 1 control mode changed from LRAT to BHP
    Well 10 control mode changed from LRAT to BHP
    Well 2 control mode changed from LRAT to BHP
    Well 3 control mode changed from LRAT to BHP
    Well 53 control mode changed from RATE to BHP
    Well 60 control mode changed from LRAT to BHP
    Well 8 control mode changed from RATE to BHP
    Well 52 control mode changed from LRAT to BHP
    Well 13 control mode changed from RATE to BHP
    Well 43 control mode changed from LRAT to BHP
    Well 78 control mode changed from LRAT to BHP
    Well 57 control mode changed from LRAT to BHP
    Well 66 control mode changed from LRAT to BHP
    Well 88 control mode changed from LRAT to BHP
    Well 94 control mode changed from LRAT to BHP
    Well 58 control mode changed from LRAT to BHP
    Well 67 control mode changed from LRAT to BHP
    Well 79 control mode changed from LRAT to BHP
    Well 95 control mode changed from LRAT to BHP
    Well 68 control mode changed from LRAT to BHP
    Well 89 control mode changed from LRAT to BHP
    Well 76 control mode changed from RATE to BHP
    Well 80 control mode changed from LRAT to BHP
    Well 27 control mode changed from RATE to BHP
    Well 63 control mode changed from LRAT to BHP
    Well 75 control mode changed from LRAT to BHP
    Well 64 control mode changed from LRAT to BHP
    Well 100 control mode changed from LRAT to BHP
    Well 81 control mode changed from LRAT to BHP
    Well 92 control mode changed from LRAT to BHP
    Well 55 control mode changed from LRAT to BHP
    Well 101 control mode changed from LRAT to BHP
    Well 93 control mode changed from LRAT to BHP
    Well 54 control mode changed from LRAT to BHP
    Well 47 control mode changed from LRAT to BHP
    Well 90 control mode changed from LRAT to BHP
    Well 103 control mode changed from LRAT to BHP
    Well 23 control mode changed from LRAT to BHP
    Well 97 control mode changed from LRAT to BHP
    Well 99 control mode changed from LRAT to BHP
    Well 104 control mode changed from LRAT to BHP
    Well 107 control mode changed from LRAT to BHP
    Well 109 control mode changed from LRAT to BHP
    Well 110 control mode changed from RATE to BHP
    Well 15 control mode changed from LRAT to BHP
    Well 17 control mode changed from RATE to BHP
 Newton its= 4, linearizations= 5 (2.2sec), linear its=  8 (3.0sec)

Report step 148/371 at day 5724/12511, date = 01-Feb-2007

Starting time step 0, stepsize 28 days, at day 5724/5752, date = 01-Feb-2007
    Oscillating behavior detected: Relaxation set to 0.900000
    Well 1 control mode changed from LRAT to BHP
    Well 10 control mode changed from LRAT to BHP
    Well 2 control mode changed from LRAT to BHP
    Well 3 control mode changed from LRAT to BHP
    Well 60 control mode changed from LRAT to BHP
    Well 52 control mode changed from LRAT to BHP
    Well 13 control mode changed from BHP to RATE
    Well 43 control mode changed from LRAT to BHP
    Well 78 control mode changed from LRAT to BHP
    Well 57 control mode changed from LRAT to BHP
    Well 66 control mode changed from LRAT to BHP
    Well 88 control mode changed from LRAT to BHP
    Well 94 control mode changed from LRAT to BHP
    Well 58 control mode changed from LRAT to BHP
    Well 67 control mode changed from LRAT to BHP
    Well 79 control mode changed from LRAT to BHP
    Well 95 control mode changed from LRAT to BHP
    Well 68 control mode changed from LRAT to BHP
    Well 89 control mode changed from LRAT to BHP
    Well 80 control mode changed from LRAT to BHP
    Well 63 control mode changed from LRAT to BHP
    Well 75 control mode changed from LRAT to BHP
    Well 64 control mode changed from LRAT to BHP
    Well 100 control mode changed from LRAT to BHP
    Well 81 control mode changed from LRAT to BHP
    Well 92 control mode changed from LRAT to BHP
    Well 55 control mode changed from LRAT to BHP
    Well 101 control mode changed from LRAT to BHP
    Well 93 control mode changed from LRAT to BHP
    Well 54 control mode changed from LRAT to BHP
    Well 47 control mode changed from LRAT to BHP
    Well 90 control mode changed from LRAT to BHP
    Well 103 control mode changed from LRAT to BHP
    Well 23 control mode changed from LRAT to BHP
    Well 97 control mode changed from LRAT to BHP
    Well 99 control mode changed from LRAT to BHP
    Well 104 control mode changed from LRAT to BHP
    Well 107 control mode changed from LRAT to BHP
    Well 109 control mode changed from LRAT to BHP
    Well 102 control mode changed from RATE to BHP
    Well 15 control mode changed from LRAT to BHP
 Newton its= 9, linearizations=10 (4.6sec), linear its= 25 (8.2sec)

Report step 149/371 at day 5752/12511, date = 01-Mar-2007

Starting time step 0, stepsize 15.5 days, at day 5752/5783, date = 01-Mar-2007
    Well 1 control mode changed from LRAT to BHP
    Well 10 control mode changed from LRAT to BHP
    Well 2 control mode changed from LRAT to BHP
    Well 3 control mode changed from LRAT to BHP
    Well 60 control mode changed from LRAT to BHP
    Well 52 control mode changed from LRAT to BHP
    Well 43 control mode changed from LRAT to BHP
    Well 78 control mode changed from LRAT to BHP
    Well 57 control mode changed from LRAT to BHP
    Well 66 control mode changed from LRAT to BHP
    Well 88 control mode changed from LRAT to BHP
    Well 94 control mode changed from LRAT to BHP
    Well 58 control mode changed from LRAT to BHP
    Well 67 control mode changed from LRAT to BHP
    Well 79 control mode changed from LRAT to BHP
    Well 95 control mode changed from LRAT to BHP
    Well 68 control mode changed from LRAT to BHP
    Well 89 control mode changed from LRAT to BHP
    Well 80 control mode changed from LRAT to BHP
    Well 63 control mode changed from LRAT to BHP
    Well 75 control mode changed from LRAT to BHP
    Well 64 control mode changed from LRAT to BHP
    Well 100 control mode changed from LRAT to BHP
    Well 81 control mode changed from LRAT to BHP
    Well 92 control mode changed from LRAT to BHP
    Well 55 control mode changed from LRAT to BHP
    Well 101 control mode changed from LRAT to BHP
    Well 93 control mode changed from LRAT to BHP
    Well 54 control mode changed from LRAT to BHP
    Well 47 control mode changed from LRAT to BHP
    Well 90 control mode changed from LRAT to BHP
    Well 85 control mode changed from LRAT to BHP
    Well 103 control mode changed from LRAT to BHP
    Well 23 control mode changed from LRAT to BHP
    Well 97 control mode changed from LRAT to BHP
    Well 99 control mode changed from LRAT to BHP
    Well 104 control mode changed from LRAT to BHP
    Well 107 control mode changed from LRAT to BHP
    Well 109 control mode changed from LRAT to BHP
    Well 15 control mode changed from LRAT to BHP
 Newton its= 2, linearizations= 3 (1.4sec), linear its=  3 (1.3sec)

Starting time step 1, stepsize 15.5 days, at day 5767.5/5783, date = 16-Mar-2007
 Newton its= 2, linearizations= 3 (1.5sec), linear its=  4 (1.6sec)

Report step 150/371 at day 5783/12511, date = 01-Apr-2007

Starting time step 0, stepsize 30 days, at day 5783/5813, date = 01-Apr-2007
    Well 1 control mode changed from LRAT to BHP
    Well 10 control mode changed from LRAT to BHP
    Well 2 control mode changed from LRAT to BHP
    Well 3 control mode changed from LRAT to BHP
    Well 60 control mode changed from LRAT to BHP
    Well 52 control mode changed from LRAT to BHP
    Well 43 control mode changed from LRAT to BHP
    Well 78 control mode changed from LRAT to BHP
    Well 57 control mode changed from LRAT to BHP
    Well 66 control mode changed from LRAT to BHP
    Well 88 control mode changed from LRAT to BHP
    Well 94 control mode changed from LRAT to BHP
    Well 58 control mode changed from LRAT to BHP
    Well 67 control mode changed from LRAT to BHP
    Well 79 control mode changed from LRAT to BHP
    Well 95 control mode changed from LRAT to BHP
    Well 68 control mode changed from LRAT to BHP
    Well 89 control mode changed from LRAT to BHP
    Well 76 control mode changed from BHP to RATE
    Well 80 control mode changed from LRAT to BHP
    Well 63 control mode changed from LRAT to BHP
    Well 75 control mode changed from LRAT to BHP
    Well 64 control mode changed from LRAT to BHP
    Well 100 control mode changed from LRAT to BHP
    Well 81 control mode changed from LRAT to BHP
    Well 92 control mode changed from LRAT to BHP
    Well 55 control mode changed from LRAT to BHP
    Well 101 control mode changed from LRAT to BHP
    Well 93 control mode changed from LRAT to BHP
    Well 54 control mode changed from LRAT to BHP
    Well 47 control mode changed from LRAT to BHP
    Well 90 control mode changed from LRAT to BHP
    Well 85 control mode changed from LRAT to BHP
    Well 103 control mode changed from LRAT to BHP
    Well 23 control mode changed from LRAT to BHP
    Well 97 control mode changed from LRAT to BHP
    Well 99 control mode changed from LRAT to BHP
    Well 104 control mode changed from LRAT to BHP
    Well 107 control mode changed from LRAT to BHP
    Well 109 control mode changed from LRAT to BHP
    Well 15 control mode changed from LRAT to BHP
 Newton its= 2, linearizations= 3 (1.5sec), linear its=  4 (1.4sec)

Report step 151/371 at day 5813/12511, date = 01-May-2007

Starting time step 0, stepsize 31 days, at day 5813/5844, date = 01-May-2007
    Well 1 control mode changed from LRAT to BHP
    Well 10 control mode changed from LRAT to BHP
    Well 2 control mode changed from LRAT to BHP
    Well 3 control mode changed from LRAT to BHP
    Well 60 control mode changed from LRAT to BHP
    Well 52 control mode changed from LRAT to BHP
    Well 43 control mode changed from LRAT to BHP
    Well 78 control mode changed from LRAT to BHP
    Well 57 control mode changed from LRAT to BHP
    Well 66 control mode changed from LRAT to BHP
    Well 88 control mode changed from LRAT to BHP
    Well 94 control mode changed from LRAT to BHP
    Well 58 control mode changed from LRAT to BHP
    Well 67 control mode changed from LRAT to BHP
    Well 79 control mode changed from LRAT to BHP
    Well 95 control mode changed from LRAT to BHP
    Well 68 control mode changed from LRAT to BHP
    Well 89 control mode changed from LRAT to BHP
    Well 80 control mode changed from LRAT to BHP
    Well 63 control mode changed from LRAT to BHP
    Well 75 control mode changed from LRAT to BHP
    Well 64 control mode changed from LRAT to BHP
    Well 100 control mode changed from LRAT to BHP
    Well 81 control mode changed from LRAT to BHP
    Well 92 control mode changed from LRAT to BHP
    Well 55 control mode changed from LRAT to BHP
    Well 101 control mode changed from LRAT to BHP
    Well 93 control mode changed from LRAT to BHP
    Well 54 control mode changed from LRAT to BHP
    Well 47 control mode changed from LRAT to BHP
    Well 90 control mode changed from LRAT to BHP
    Well 85 control mode changed from LRAT to BHP
    Well 103 control mode changed from LRAT to BHP
    Well 23 control mode changed from LRAT to BHP
    Well 97 control mode changed from LRAT to BHP
    Well 99 control mode changed from LRAT to BHP
    Well 104 control mode changed from LRAT to BHP
    Well 107 control mode changed from LRAT to BHP
    Well 109 control mode changed from LRAT to BHP
    Well 102 control mode changed from RATE to BHP
    Well 110 control mode changed from BHP to RATE
    Well 15 control mode changed from LRAT to BHP
 Newton its= 2, linearizations= 3 (1.4sec), linear its=  4 (1.4sec)

Report step 152/371 at day 5844/12511, date = 01-Jun-2007

Starting time step 0, stepsize 30 days, at day 5844/5874, date = 01-Jun-2007
    Well 1 control mode changed from LRAT to BHP
    Well 10 control mode changed from LRAT to BHP
    Well 2 control mode changed from LRAT to BHP
    Well 3 control mode changed from LRAT to BHP
    Well 60 control mode changed from LRAT to BHP
    Well 52 control mode changed from LRAT to BHP
    Well 43 control mode changed from LRAT to BHP
    Well 78 control mode changed from LRAT to BHP
    Well 57 control mode changed from LRAT to BHP
    Well 66 control mode changed from LRAT to BHP
    Well 88 control mode changed from LRAT to BHP
    Well 94 control mode changed from LRAT to BHP
    Well 58 control mode changed from LRAT to BHP
    Well 67 control mode changed from LRAT to BHP
    Well 79 control mode changed from LRAT to BHP
    Well 95 control mode changed from LRAT to BHP
    Well 68 control mode changed from LRAT to BHP
    Well 89 control mode changed from LRAT to BHP
    Well 80 control mode changed from LRAT to BHP
    Well 63 control mode changed from LRAT to BHP
    Well 75 control mode changed from LRAT to BHP
    Well 64 control mode changed from LRAT to BHP
    Well 100 control mode changed from LRAT to BHP
    Well 81 control mode changed from LRAT to BHP
    Well 92 control mode changed from LRAT to BHP
    Well 55 control mode changed from LRAT to BHP
    Well 101 control mode changed from LRAT to BHP
    Well 93 control mode changed from LRAT to BHP
    Well 48 control mode changed from LRAT to BHP
    Well 54 control mode changed from LRAT to BHP
    Well 47 control mode changed from LRAT to BHP
    Well 90 control mode changed from LRAT to BHP
    Well 85 control mode changed from LRAT to BHP
    Well 11 control mode changed from LRAT to BHP
    Well 23 control mode changed from LRAT to BHP
    Well 97 control mode changed from LRAT to BHP
    Well 104 control mode changed from LRAT to BHP
    Well 106 control mode changed from LRAT to BHP
    Well 107 control mode changed from LRAT to BHP
    Well 109 control mode changed from LRAT to BHP
    Well 15 control mode changed from LRAT to BHP
 Newton its= 3, linearizations= 4 (1.8sec), linear its=  6 (2.2sec)

Report step 153/371 at day 5874/12511, date = 01-Jul-2007

Starting time step 0, stepsize 31 days, at day 5874/5905, date = 01-Jul-2007
    Well 1 control mode changed from LRAT to BHP
    Well 10 control mode changed from LRAT to BHP
    Well 2 control mode changed from LRAT to BHP
    Well 3 control mode changed from LRAT to BHP
    Well 60 control mode changed from LRAT to BHP
    Well 52 control mode changed from LRAT to BHP
    Well 43 control mode changed from LRAT to BHP
    Well 78 control mode changed from LRAT to BHP
    Well 57 control mode changed from LRAT to BHP
    Well 66 control mode changed from LRAT to BHP
    Well 88 control mode changed from LRAT to BHP
    Well 94 control mode changed from LRAT to BHP
    Well 58 control mode changed from LRAT to BHP
    Well 67 control mode changed from LRAT to BHP
    Well 79 control mode changed from LRAT to BHP
    Well 95 control mode changed from LRAT to BHP
    Well 68 control mode changed from LRAT to BHP
    Well 89 control mode changed from LRAT to BHP
    Well 80 control mode changed from LRAT to BHP
    Well 63 control mode changed from LRAT to BHP
    Well 75 control mode changed from LRAT to BHP
    Well 64 control mode changed from LRAT to BHP
    Well 100 control mode changed from LRAT to BHP
    Well 81 control mode changed from LRAT to BHP
    Well 92 control mode changed from LRAT to BHP
    Well 55 control mode changed from LRAT to BHP
    Well 101 control mode changed from LRAT to BHP
    Well 93 control mode changed from LRAT to BHP
    Well 48 control mode changed from LRAT to BHP
    Well 54 control mode changed from LRAT to BHP
    Well 47 control mode changed from LRAT to BHP
    Well 90 control mode changed from LRAT to BHP
    Well 85 control mode changed from LRAT to BHP
    Well 11 control mode changed from LRAT to BHP
    Well 23 control mode changed from LRAT to BHP
    Well 97 control mode changed from LRAT to BHP
    Well 104 control mode changed from LRAT to BHP
    Well 106 control mode changed from LRAT to BHP
    Well 107 control mode changed from LRAT to BHP
    Well 109 control mode changed from LRAT to BHP
    Well 15 control mode changed from LRAT to BHP
 Newton its= 3, linearizations= 4 (1.8sec), linear its=  8 (2.1sec)

Report step 154/371 at day 5905/12511, date = 01-Aug-2007

Starting time step 0, stepsize 31 days, at day 5905/5936, date = 01-Aug-2007
    Well 1 control mode changed from LRAT to BHP
    Well 10 control mode changed from LRAT to BHP
    Well 2 control mode changed from LRAT to BHP
    Well 3 control mode changed from LRAT to BHP
    Well 60 control mode changed from LRAT to BHP
    Well 52 control mode changed from LRAT to BHP
    Well 43 control mode changed from LRAT to BHP
    Well 78 control mode changed from LRAT to BHP
    Well 57 control mode changed from LRAT to BHP
    Well 66 control mode changed from LRAT to BHP
    Well 88 control mode changed from LRAT to BHP
    Well 94 control mode changed from LRAT to BHP
    Well 58 control mode changed from LRAT to BHP
    Well 67 control mode changed from LRAT to BHP
    Well 79 control mode changed from LRAT to BHP
    Well 95 control mode changed from LRAT to BHP
    Well 68 control mode changed from LRAT to BHP
    Well 89 control mode changed from LRAT to BHP
    Well 80 control mode changed from LRAT to BHP
    Well 63 control mode changed from LRAT to BHP
    Well 75 control mode changed from LRAT to BHP
    Well 64 control mode changed from LRAT to BHP
    Well 100 control mode changed from LRAT to BHP
    Well 81 control mode changed from LRAT to BHP
    Well 92 control mode changed from LRAT to BHP
    Well 55 control mode changed from LRAT to BHP
    Well 101 control mode changed from LRAT to BHP
    Well 93 control mode changed from LRAT to BHP
    Well 48 control mode changed from LRAT to BHP
    Well 54 control mode changed from LRAT to BHP
    Well 47 control mode changed from LRAT to BHP
    Well 90 control mode changed from LRAT to BHP
    Well 85 control mode changed from LRAT to BHP
    Well 11 control mode changed from LRAT to BHP
    Well 23 control mode changed from LRAT to BHP
    Well 97 control mode changed from LRAT to BHP
    Well 104 control mode changed from LRAT to BHP
    Well 106 control mode changed from LRAT to BHP
    Well 107 control mode changed from LRAT to BHP
    Well 109 control mode changed from LRAT to BHP
    Well 15 control mode changed from LRAT to BHP
 Newton its= 2, linearizations= 3 (1.3sec), linear its=  4 (1.3sec)

Report step 155/371 at day 5936/12511, date = 01-Sep-2007

Starting time step 0, stepsize 30 days, at day 5936/5966, date = 01-Sep-2007
    Well 1 control mode changed from LRAT to BHP
    Well 10 control mode changed from LRAT to BHP
    Well 2 control mode changed from LRAT to BHP
    Well 3 control mode changed from LRAT to BHP
    Well 60 control mode changed from LRAT to BHP
    Well 52 control mode changed from LRAT to BHP
    Well 43 control mode changed from LRAT to BHP
    Well 78 control mode changed from LRAT to BHP
    Well 57 control mode changed from LRAT to BHP
    Well 66 control mode changed from LRAT to BHP
    Well 88 control mode changed from LRAT to BHP
    Well 94 control mode changed from LRAT to BHP
    Well 58 control mode changed from LRAT to BHP
    Well 67 control mode changed from LRAT to BHP
    Well 79 control mode changed from LRAT to BHP
    Well 95 control mode changed from LRAT to BHP
    Well 68 control mode changed from LRAT to BHP
    Well 89 control mode changed from LRAT to BHP
    Well 80 control mode changed from LRAT to BHP
    Well 63 control mode changed from LRAT to BHP
    Well 75 control mode changed from LRAT to BHP
    Well 64 control mode changed from LRAT to BHP
    Well 100 control mode changed from LRAT to BHP
    Well 81 control mode changed from LRAT to BHP
    Well 92 control mode changed from LRAT to BHP
    Well 55 control mode changed from LRAT to BHP
    Well 101 control mode changed from LRAT to BHP
    Well 93 control mode changed from LRAT to BHP
    Well 48 control mode changed from LRAT to BHP
    Well 54 control mode changed from LRAT to BHP
    Well 47 control mode changed from LRAT to BHP
    Well 90 control mode changed from LRAT to BHP
    Well 85 control mode changed from LRAT to BHP
    Well 11 control mode changed from LRAT to BHP
    Well 23 control mode changed from LRAT to BHP
    Well 97 control mode changed from LRAT to BHP
    Well 104 control mode changed from LRAT to BHP
    Well 106 control mode changed from LRAT to BHP
    Well 107 control mode changed from LRAT to BHP
    Well 109 control mode changed from LRAT to BHP
    Well 15 control mode changed from LRAT to BHP
 Newton its= 3, linearizations= 4 (1.7sec), linear its=  7 (2.3sec)

Report step 156/371 at day 5966/12511, date = 01-Oct-2007

Starting time step 0, stepsize 31 days, at day 5966/5997, date = 01-Oct-2007
    Well 1 control mode changed from LRAT to BHP
    Well 10 control mode changed from LRAT to BHP
    Well 2 control mode changed from LRAT to BHP
    Well 3 control mode changed from LRAT to BHP
    Well 60 control mode changed from LRAT to BHP
    Well 52 control mode changed from LRAT to BHP
    Well 43 control mode changed from LRAT to BHP
    Well 78 control mode changed from LRAT to BHP
    Well 57 control mode changed from LRAT to BHP
    Well 66 control mode changed from LRAT to BHP
    Well 88 control mode changed from LRAT to BHP
    Well 94 control mode changed from LRAT to BHP
    Well 56 control mode changed from LRAT to BHP
    Well 58 control mode changed from LRAT to BHP
    Well 67 control mode changed from LRAT to BHP
    Well 79 control mode changed from LRAT to BHP
    Well 95 control mode changed from LRAT to BHP
    Well 68 control mode changed from LRAT to BHP
    Well 89 control mode changed from LRAT to BHP
    Well 80 control mode changed from LRAT to BHP
    Well 63 control mode changed from LRAT to BHP
    Well 74 control mode changed from LRAT to BHP
    Well 75 control mode changed from LRAT to BHP
    Well 64 control mode changed from LRAT to BHP
    Well 100 control mode changed from LRAT to BHP
    Well 81 control mode changed from LRAT to BHP
    Well 92 control mode changed from LRAT to BHP
    Well 55 control mode changed from LRAT to BHP
    Well 101 control mode changed from LRAT to BHP
    Well 93 control mode changed from LRAT to BHP
    Well 48 control mode changed from LRAT to BHP
    Well 54 control mode changed from LRAT to BHP
    Well 47 control mode changed from LRAT to BHP
    Well 90 control mode changed from LRAT to BHP
    Well 85 control mode changed from LRAT to BHP
    Well 11 control mode changed from LRAT to BHP
    Well 23 control mode changed from LRAT to BHP
    Well 97 control mode changed from LRAT to BHP
    Well 104 control mode changed from LRAT to BHP
    Well 106 control mode changed from LRAT to BHP
    Well 107 control mode changed from LRAT to BHP
    Well 109 control mode changed from LRAT to BHP
    Well 15 control mode changed from LRAT to BHP
 Newton its= 2, linearizations= 3 (1.5sec), linear its=  3 (1.4sec)

Report step 157/371 at day 5997/12511, date = 01-Nov-2007

Starting time step 0, stepsize 30 days, at day 5997/6027, date = 01-Nov-2007
    Well 1 control mode changed from LRAT to BHP
    Well 10 control mode changed from LRAT to BHP
    Well 2 control mode changed from LRAT to BHP
    Well 3 control mode changed from LRAT to BHP
    Well 53 control mode changed from RATE to BHP
    Well 60 control mode changed from LRAT to BHP
    Well 8 control mode changed from RATE to BHP
    Well 52 control mode changed from LRAT to BHP
    Well 43 control mode changed from LRAT to BHP
    Well 78 control mode changed from LRAT to BHP
    Well 57 control mode changed from LRAT to BHP
    Well 66 control mode changed from LRAT to BHP
    Well 88 control mode changed from LRAT to BHP
    Well 94 control mode changed from LRAT to BHP
    Well 56 control mode changed from LRAT to BHP
    Well 58 control mode changed from LRAT to BHP
    Well 67 control mode changed from LRAT to BHP
    Well 79 control mode changed from LRAT to BHP
    Well 95 control mode changed from LRAT to BHP
    Well 68 control mode changed from LRAT to BHP
    Well 89 control mode changed from LRAT to BHP
    Well 80 control mode changed from LRAT to BHP
    Well 27 control mode changed from RATE to BHP
    Well 63 control mode changed from LRAT to BHP
    Well 74 control mode changed from LRAT to BHP
    Well 75 control mode changed from LRAT to BHP
    Well 64 control mode changed from LRAT to BHP
    Well 100 control mode changed from LRAT to BHP
    Well 81 control mode changed from LRAT to BHP
    Well 92 control mode changed from LRAT to BHP
    Well 55 control mode changed from LRAT to BHP
    Well 101 control mode changed from LRAT to BHP
    Well 93 control mode changed from LRAT to BHP
    Well 48 control mode changed from LRAT to BHP
    Well 54 control mode changed from LRAT to BHP
    Well 47 control mode changed from LRAT to BHP
    Well 90 control mode changed from LRAT to BHP
    Well 85 control mode changed from LRAT to BHP
    Well 11 control mode changed from LRAT to BHP
    Well 23 control mode changed from LRAT to BHP
    Well 97 control mode changed from LRAT to BHP
    Well 104 control mode changed from LRAT to BHP
    Well 106 control mode changed from LRAT to BHP
    Well 107 control mode changed from LRAT to BHP
    Well 109 control mode changed from LRAT to BHP
    Well 102 control mode changed from RATE to BHP
    Well 15 control mode changed from LRAT to BHP
    Well 17 control mode changed from RATE to BHP
 Newton its= 2, linearizations= 3 (1.4sec), linear its=  4 (2.0sec)

Report step 158/371 at day 6027/12511, date = 01-Dec-2007

Starting time step 0, stepsize 31 days, at day 6027/6058, date = 01-Dec-2007
    Well 1 control mode changed from LRAT to BHP
    Well 10 control mode changed from LRAT to BHP
    Well 2 control mode changed from LRAT to BHP
    Well 3 control mode changed from LRAT to BHP
    Well 60 control mode changed from LRAT to BHP
    Well 52 control mode changed from LRAT to BHP
    Well 43 control mode changed from LRAT to BHP
    Well 78 control mode changed from LRAT to BHP
    Well 57 control mode changed from LRAT to BHP
    Well 66 control mode changed from LRAT to BHP
    Well 88 control mode changed from LRAT to BHP
    Well 94 control mode changed from LRAT to BHP
    Well 56 control mode changed from LRAT to BHP
    Well 58 control mode changed from LRAT to BHP
    Well 67 control mode changed from LRAT to BHP
    Well 79 control mode changed from LRAT to BHP
    Well 95 control mode changed from LRAT to BHP
    Well 68 control mode changed from LRAT to BHP
    Well 89 control mode changed from LRAT to BHP
    Well 80 control mode changed from LRAT to BHP
    Well 63 control mode changed from LRAT to BHP
    Well 75 control mode changed from LRAT to BHP
    Well 64 control mode changed from LRAT to BHP
    Well 100 control mode changed from LRAT to BHP
    Well 81 control mode changed from LRAT to BHP
    Well 92 control mode changed from LRAT to BHP
    Well 55 control mode changed from LRAT to BHP
    Well 101 control mode changed from LRAT to BHP
    Well 93 control mode changed from LRAT to BHP
    Well 48 control mode changed from LRAT to BHP
    Well 54 control mode changed from LRAT to BHP
    Well 47 control mode changed from LRAT to BHP
    Well 90 control mode changed from LRAT to BHP
    Well 85 control mode changed from LRAT to BHP
    Well 11 control mode changed from LRAT to BHP
    Well 111 control mode changed from LRAT to BHP
    Well 23 control mode changed from LRAT to BHP
    Well 97 control mode changed from LRAT to BHP
    Well 104 control mode changed from LRAT to BHP
    Well 106 control mode changed from LRAT to BHP
    Well 107 control mode changed from LRAT to BHP
    Well 109 control mode changed from LRAT to BHP
    Well 15 control mode changed from LRAT to BHP
 Newton its= 2, linearizations= 3 (1.5sec), linear its=  4 (1.6sec)

Report step 159/371 at day 6058/12511, date = 01-Jan-2008

Starting time step 0, stepsize 31 days, at day 6058/6089, date = 01-Jan-2008
    Well 1 control mode changed from LRAT to BHP
    Well 2 control mode changed from LRAT to BHP
    Well 3 control mode changed from LRAT to BHP
    Well 60 control mode changed from LRAT to BHP
    Well 52 control mode changed from LRAT to BHP
    Well 43 control mode changed from LRAT to BHP
    Well 78 control mode changed from LRAT to BHP
    Well 57 control mode changed from LRAT to BHP
    Well 66 control mode changed from LRAT to BHP
    Well 88 control mode changed from LRAT to BHP
    Well 94 control mode changed from LRAT to BHP
    Well 56 control mode changed from LRAT to BHP
    Well 58 control mode changed from LRAT to BHP
    Well 67 control mode changed from LRAT to BHP
    Well 79 control mode changed from LRAT to BHP
    Well 95 control mode changed from LRAT to BHP
    Well 68 control mode changed from LRAT to BHP
    Well 89 control mode changed from LRAT to BHP
    Well 80 control mode changed from LRAT to BHP
    Well 63 control mode changed from LRAT to BHP
    Well 75 control mode changed from LRAT to BHP
    Well 64 control mode changed from LRAT to BHP
    Well 100 control mode changed from LRAT to BHP
    Well 81 control mode changed from LRAT to BHP
    Well 92 control mode changed from LRAT to BHP
    Well 55 control mode changed from LRAT to BHP
    Well 101 control mode changed from LRAT to BHP
    Well 93 control mode changed from LRAT to BHP
    Well 48 control mode changed from LRAT to BHP
    Well 54 control mode changed from LRAT to BHP
    Well 47 control mode changed from LRAT to BHP
    Well 90 control mode changed from LRAT to BHP
    Well 85 control mode changed from LRAT to BHP
    Well 11 control mode changed from LRAT to BHP
    Well 111 control mode changed from LRAT to BHP
    Well 23 control mode changed from LRAT to BHP
    Well 97 control mode changed from LRAT to BHP
    Well 99 control mode changed from LRAT to BHP
    Well 104 control mode changed from LRAT to BHP
    Well 106 control mode changed from LRAT to BHP
    Well 107 control mode changed from LRAT to BHP
    Well 109 control mode changed from LRAT to BHP
    Well 108 control mode changed from LRAT to BHP
    Well 15 control mode changed from LRAT to BHP
 Newton its= 2, linearizations= 3 (1.5sec), linear its=  3 (1.3sec)

Report step 160/371 at day 6089/12511, date = 01-Feb-2008

Starting time step 0, stepsize 29 days, at day 6089/6118, date = 01-Feb-2008
    Well 1 control mode changed from LRAT to BHP
    Well 2 control mode changed from LRAT to BHP
    Well 3 control mode changed from LRAT to BHP
    Well 60 control mode changed from LRAT to BHP
    Well 52 control mode changed from LRAT to BHP
    Well 43 control mode changed from LRAT to BHP
    Well 78 control mode changed from LRAT to BHP
    Well 57 control mode changed from LRAT to BHP
    Well 66 control mode changed from LRAT to BHP
    Well 88 control mode changed from LRAT to BHP
    Well 94 control mode changed from LRAT to BHP
    Well 56 control mode changed from LRAT to BHP
    Well 58 control mode changed from LRAT to BHP
    Well 67 control mode changed from LRAT to BHP
    Well 79 control mode changed from LRAT to BHP
    Well 95 control mode changed from LRAT to BHP
    Well 68 control mode changed from LRAT to BHP
    Well 89 control mode changed from LRAT to BHP
    Well 80 control mode changed from LRAT to BHP
    Well 63 control mode changed from LRAT to BHP
    Well 75 control mode changed from LRAT to BHP
    Well 64 control mode changed from LRAT to BHP
    Well 100 control mode changed from LRAT to BHP
    Well 81 control mode changed from LRAT to BHP
    Well 92 control mode changed from LRAT to BHP
    Well 55 control mode changed from LRAT to BHP
    Well 101 control mode changed from LRAT to BHP
    Well 93 control mode changed from LRAT to BHP
    Well 48 control mode changed from LRAT to BHP
    Well 54 control mode changed from LRAT to BHP
    Well 47 control mode changed from LRAT to BHP
    Well 90 control mode changed from LRAT to BHP
    Well 85 control mode changed from LRAT to BHP
    Well 11 control mode changed from LRAT to BHP
    Well 111 control mode changed from LRAT to BHP
    Well 99 control mode changed from LRAT to BHP
    Well 104 control mode changed from LRAT to BHP
    Well 106 control mode changed from LRAT to BHP
    Well 107 control mode changed from LRAT to BHP
    Well 109 control mode changed from LRAT to BHP
    Well 108 control mode changed from LRAT to BHP
    Well 15 control mode changed from LRAT to BHP
 Newton its= 2, linearizations= 3 (1.4sec), linear its=  4 (1.5sec)

Report step 161/371 at day 6118/12511, date = 01-Mar-2008

Starting time step 0, stepsize 31 days, at day 6118/6149, date = 01-Mar-2008
    Well 1 control mode changed from LRAT to BHP
    Well 2 control mode changed from LRAT to BHP
    Well 3 control mode changed from LRAT to BHP
    Well 60 control mode changed from LRAT to BHP
    Well 52 control mode changed from LRAT to BHP
    Well 43 control mode changed from LRAT to BHP
    Well 78 control mode changed from LRAT to BHP
    Well 57 control mode changed from LRAT to BHP
    Well 66 control mode changed from LRAT to BHP
    Well 88 control mode changed from LRAT to BHP
    Well 94 control mode changed from LRAT to BHP
    Well 56 control mode changed from LRAT to BHP
    Well 58 control mode changed from LRAT to BHP
    Well 67 control mode changed from LRAT to BHP
    Well 79 control mode changed from LRAT to BHP
    Well 95 control mode changed from LRAT to BHP
    Well 68 control mode changed from LRAT to BHP
    Well 89 control mode changed from LRAT to BHP
    Well 80 control mode changed from LRAT to BHP
    Well 63 control mode changed from LRAT to BHP
    Well 75 control mode changed from LRAT to BHP
    Well 64 control mode changed from LRAT to BHP
    Well 100 control mode changed from LRAT to BHP
    Well 81 control mode changed from LRAT to BHP
    Well 92 control mode changed from LRAT to BHP
    Well 55 control mode changed from LRAT to BHP
    Well 101 control mode changed from LRAT to BHP
    Well 93 control mode changed from LRAT to BHP
    Well 48 control mode changed from LRAT to BHP
    Well 54 control mode changed from LRAT to BHP
    Well 47 control mode changed from LRAT to BHP
    Well 90 control mode changed from LRAT to BHP
    Well 85 control mode changed from LRAT to BHP
    Well 11 control mode changed from LRAT to BHP
    Well 111 control mode changed from LRAT to BHP
    Well 99 control mode changed from LRAT to BHP
    Well 104 control mode changed from LRAT to BHP
    Well 106 control mode changed from LRAT to BHP
    Well 107 control mode changed from LRAT to BHP
    Well 109 control mode changed from LRAT to BHP
    Well 108 control mode changed from LRAT to BHP
    Well 15 control mode changed from LRAT to BHP
 Newton its= 3, linearizations= 4 (1.8sec), linear its=  9 (2.5sec)

Report step 162/371 at day 6149/12511, date = 01-Apr-2008

Starting time step 0, stepsize 30 days, at day 6149/6179, date = 01-Apr-2008
    Well 1 control mode changed from LRAT to BHP
    Well 2 control mode changed from LRAT to BHP
    Well 3 control mode changed from LRAT to BHP
    Well 60 control mode changed from LRAT to BHP
    Well 52 control mode changed from LRAT to BHP
    Well 43 control mode changed from LRAT to BHP
    Well 78 control mode changed from LRAT to BHP
    Well 57 control mode changed from LRAT to BHP
    Well 66 control mode changed from LRAT to BHP
    Well 88 control mode changed from LRAT to BHP
    Well 94 control mode changed from LRAT to BHP
    Well 56 control mode changed from LRAT to BHP
    Well 58 control mode changed from LRAT to BHP
    Well 67 control mode changed from LRAT to BHP
    Well 79 control mode changed from LRAT to BHP
    Well 95 control mode changed from LRAT to BHP
    Well 68 control mode changed from LRAT to BHP
    Well 89 control mode changed from LRAT to BHP
    Well 80 control mode changed from LRAT to BHP
    Well 63 control mode changed from LRAT to BHP
    Well 75 control mode changed from LRAT to BHP
    Well 64 control mode changed from LRAT to BHP
    Well 100 control mode changed from LRAT to BHP
    Well 81 control mode changed from LRAT to BHP
    Well 92 control mode changed from LRAT to BHP
    Well 55 control mode changed from LRAT to BHP
    Well 101 control mode changed from LRAT to BHP
    Well 93 control mode changed from LRAT to BHP
    Well 48 control mode changed from LRAT to BHP
    Well 54 control mode changed from LRAT to BHP
    Well 47 control mode changed from LRAT to BHP
    Well 90 control mode changed from LRAT to BHP
    Well 85 control mode changed from LRAT to BHP
    Well 11 control mode changed from LRAT to BHP
    Well 111 control mode changed from LRAT to BHP
    Well 104 control mode changed from LRAT to BHP
    Well 106 control mode changed from LRAT to BHP
    Well 107 control mode changed from LRAT to BHP
    Well 109 control mode changed from LRAT to BHP
    Well 108 control mode changed from LRAT to BHP
    Well 15 control mode changed from LRAT to BHP
    Well 30 control mode changed from LRAT to BHP
    Well 31 control mode changed from LRAT to BHP
 Newton its= 3, linearizations= 4 (2.0sec), linear its=  7 (2.5sec)

Report step 163/371 at day 6179/12511, date = 01-May-2008

Starting time step 0, stepsize 31 days, at day 6179/6210, date = 01-May-2008
    Well 1 control mode changed from LRAT to BHP
    Well 2 control mode changed from LRAT to BHP
    Well 3 control mode changed from LRAT to BHP
    Well 60 control mode changed from LRAT to BHP
    Well 52 control mode changed from LRAT to BHP
    Well 43 control mode changed from LRAT to BHP
    Well 78 control mode changed from LRAT to BHP
    Well 57 control mode changed from LRAT to BHP
    Well 66 control mode changed from LRAT to BHP
    Well 88 control mode changed from LRAT to BHP
    Well 94 control mode changed from LRAT to BHP
    Well 56 control mode changed from LRAT to BHP
    Well 58 control mode changed from LRAT to BHP
    Well 67 control mode changed from LRAT to BHP
    Well 79 control mode changed from LRAT to BHP
    Well 95 control mode changed from LRAT to BHP
    Well 68 control mode changed from LRAT to BHP
    Well 89 control mode changed from LRAT to BHP
    Well 80 control mode changed from LRAT to BHP
    Well 63 control mode changed from LRAT to BHP
    Well 75 control mode changed from LRAT to BHP
    Well 64 control mode changed from LRAT to BHP
    Well 100 control mode changed from LRAT to BHP
    Well 81 control mode changed from LRAT to BHP
    Well 92 control mode changed from LRAT to BHP
    Well 55 control mode changed from LRAT to BHP
    Well 101 control mode changed from LRAT to BHP
    Well 93 control mode changed from LRAT to BHP
    Well 48 control mode changed from LRAT to BHP
    Well 54 control mode changed from LRAT to BHP
    Well 47 control mode changed from LRAT to BHP
    Well 90 control mode changed from LRAT to BHP
    Well 85 control mode changed from LRAT to BHP
    Well 11 control mode changed from LRAT to BHP
    Well 111 control mode changed from LRAT to BHP
    Well 104 control mode changed from LRAT to BHP
    Well 106 control mode changed from LRAT to BHP
    Well 107 control mode changed from LRAT to BHP
    Well 109 control mode changed from LRAT to BHP
    Well 108 control mode changed from LRAT to BHP
    Well 15 control mode changed from LRAT to BHP
    Well 30 control mode changed from LRAT to BHP
    Well 31 control mode changed from LRAT to BHP
 Newton its= 3, linearizations= 4 (1.9sec), linear its=  7 (2.2sec)

Report step 164/371 at day 6210/12511, date = 01-Jun-2008

Starting time step 0, stepsize 30 days, at day 6210/6240, date = 01-Jun-2008
    Well 1 control mode changed from LRAT to BHP
    Well 2 control mode changed from LRAT to BHP
    Well 3 control mode changed from LRAT to BHP
    Well 60 control mode changed from LRAT to BHP
    Well 52 control mode changed from LRAT to BHP
    Well 43 control mode changed from LRAT to BHP
    Well 78 control mode changed from LRAT to BHP
    Well 57 control mode changed from LRAT to BHP
    Well 66 control mode changed from LRAT to BHP
    Well 88 control mode changed from LRAT to BHP
    Well 94 control mode changed from LRAT to BHP
    Well 56 control mode changed from LRAT to BHP
    Well 58 control mode changed from LRAT to BHP
    Well 67 control mode changed from LRAT to BHP
    Well 79 control mode changed from LRAT to BHP
    Well 95 control mode changed from LRAT to BHP
    Well 68 control mode changed from LRAT to BHP
    Well 89 control mode changed from LRAT to BHP
    Well 77 control mode changed from LRAT to BHP
    Well 80 control mode changed from LRAT to BHP
    Well 63 control mode changed from LRAT to BHP
    Well 75 control mode changed from LRAT to BHP
    Well 64 control mode changed from LRAT to BHP
    Well 100 control mode changed from LRAT to BHP
    Well 81 control mode changed from LRAT to BHP
    Well 92 control mode changed from LRAT to BHP
    Well 55 control mode changed from LRAT to BHP
    Well 101 control mode changed from LRAT to BHP
    Well 93 control mode changed from LRAT to BHP
    Well 48 control mode changed from LRAT to BHP
    Well 54 control mode changed from LRAT to BHP
    Well 47 control mode changed from LRAT to BHP
    Well 90 control mode changed from LRAT to BHP
    Well 85 control mode changed from LRAT to BHP
    Well 11 control mode changed from LRAT to BHP
    Well 111 control mode changed from LRAT to BHP
    Well 104 control mode changed from LRAT to BHP
    Well 106 control mode changed from LRAT to BHP
    Well 107 control mode changed from LRAT to BHP
    Well 109 control mode changed from LRAT to BHP
    Well 108 control mode changed from LRAT to BHP
    Well 15 control mode changed from LRAT to BHP
    Well 30 control mode changed from LRAT to BHP
    Well 31 control mode changed from LRAT to BHP
 Newton its= 2, linearizations= 3 (1.4sec), linear its=  3 (1.4sec)

Report step 165/371 at day 6240/12511, date = 01-Jul-2008

Starting time step 0, stepsize 31 days, at day 6240/6271, date = 01-Jul-2008
    Well 1 control mode changed from LRAT to BHP
    Well 2 control mode changed from LRAT to BHP
    Well 3 control mode changed from LRAT to BHP
    Well 60 control mode changed from LRAT to BHP
    Well 52 control mode changed from LRAT to BHP
    Well 43 control mode changed from LRAT to BHP
    Well 78 control mode changed from LRAT to BHP
    Well 57 control mode changed from LRAT to BHP
    Well 65 control mode changed from RATE to BHP
    Well 66 control mode changed from LRAT to BHP
    Well 88 control mode changed from LRAT to BHP
    Well 94 control mode changed from LRAT to BHP
    Well 56 control mode changed from LRAT to BHP
    Well 58 control mode changed from LRAT to BHP
    Well 67 control mode changed from LRAT to BHP
    Well 79 control mode changed from LRAT to BHP
    Well 95 control mode changed from LRAT to BHP
    Well 68 control mode changed from LRAT to BHP
    Well 89 control mode changed from LRAT to BHP
    Well 77 control mode changed from LRAT to BHP
    Well 80 control mode changed from LRAT to BHP
    Well 63 control mode changed from LRAT to BHP
    Well 75 control mode changed from LRAT to BHP
    Well 64 control mode changed from LRAT to BHP
    Well 100 control mode changed from LRAT to BHP
    Well 81 control mode changed from LRAT to BHP
    Well 92 control mode changed from LRAT to BHP
    Well 55 control mode changed from LRAT to BHP
    Well 101 control mode changed from LRAT to BHP
    Well 93 control mode changed from LRAT to BHP
    Well 48 control mode changed from LRAT to BHP
    Well 54 control mode changed from LRAT to BHP
    Well 47 control mode changed from LRAT to BHP
    Well 90 control mode changed from LRAT to BHP
    Well 85 control mode changed from LRAT to BHP
    Well 11 control mode changed from LRAT to BHP
    Well 111 control mode changed from LRAT to BHP
    Well 23 control mode changed from LRAT to BHP
    Well 104 control mode changed from LRAT to BHP
    Well 106 control mode changed from LRAT to BHP
    Well 107 control mode changed from LRAT to BHP
    Well 109 control mode changed from LRAT to BHP
    Well 108 control mode changed from LRAT to BHP
    Well 15 control mode changed from LRAT to BHP
    Well 30 control mode changed from LRAT to BHP
    Well 31 control mode changed from LRAT to BHP
    Well 17 control mode changed from RATE to BHP
 Newton its= 2, linearizations= 3 (1.5sec), linear its=  4 (1.4sec)

Report step 166/371 at day 6271/12511, date = 01-Aug-2008

Starting time step 0, stepsize 31 days, at day 6271/6302, date = 01-Aug-2008
    Well 1 control mode changed from LRAT to BHP
    Well 2 control mode changed from LRAT to BHP
    Well 3 control mode changed from LRAT to BHP
    Well 60 control mode changed from LRAT to BHP
    Well 52 control mode changed from LRAT to BHP
    Well 43 control mode changed from LRAT to BHP
    Well 78 control mode changed from LRAT to BHP
    Well 57 control mode changed from LRAT to BHP
    Well 66 control mode changed from LRAT to BHP
    Well 88 control mode changed from LRAT to BHP
    Well 94 control mode changed from LRAT to BHP
    Well 56 control mode changed from LRAT to BHP
    Well 58 control mode changed from LRAT to BHP
    Well 67 control mode changed from LRAT to BHP
    Well 79 control mode changed from LRAT to BHP
    Well 95 control mode changed from LRAT to BHP
    Well 68 control mode changed from LRAT to BHP
    Well 89 control mode changed from LRAT to BHP
    Well 77 control mode changed from LRAT to BHP
    Well 80 control mode changed from LRAT to BHP
    Well 63 control mode changed from LRAT to BHP
    Well 75 control mode changed from LRAT to BHP
    Well 64 control mode changed from LRAT to BHP
    Well 100 control mode changed from LRAT to BHP
    Well 81 control mode changed from LRAT to BHP
    Well 92 control mode changed from LRAT to BHP
    Well 55 control mode changed from LRAT to BHP
    Well 101 control mode changed from LRAT to BHP
    Well 93 control mode changed from LRAT to BHP
    Well 48 control mode changed from LRAT to BHP
    Well 54 control mode changed from LRAT to BHP
    Well 47 control mode changed from LRAT to BHP
    Well 90 control mode changed from LRAT to BHP
    Well 11 control mode changed from LRAT to BHP
    Well 111 control mode changed from LRAT to BHP
    Well 23 control mode changed from LRAT to BHP
    Well 104 control mode changed from LRAT to BHP
    Well 106 control mode changed from LRAT to BHP
    Well 107 control mode changed from LRAT to BHP
    Well 109 control mode changed from LRAT to BHP
    Well 108 control mode changed from LRAT to BHP
    Well 15 control mode changed from LRAT to BHP
    Well 30 control mode changed from LRAT to BHP
    Well 31 control mode changed from LRAT to BHP
 Newton its= 2, linearizations= 3 (1.7sec), linear its=  4 (1.6sec)

Report step 167/371 at day 6302/12511, date = 01-Sep-2008

Starting time step 0, stepsize 30 days, at day 6302/6332, date = 01-Sep-2008
    Well 1 control mode changed from LRAT to BHP
    Well 2 control mode changed from LRAT to BHP
    Well 3 control mode changed from LRAT to BHP
    Well 60 control mode changed from LRAT to BHP
    Well 52 control mode changed from LRAT to BHP
    Well 43 control mode changed from LRAT to BHP
    Well 78 control mode changed from LRAT to BHP
    Well 57 control mode changed from LRAT to BHP
    Well 66 control mode changed from LRAT to BHP
    Well 88 control mode changed from LRAT to BHP
    Well 94 control mode changed from LRAT to BHP
    Well 56 control mode changed from LRAT to BHP
    Well 58 control mode changed from LRAT to BHP
    Well 67 control mode changed from LRAT to BHP
    Well 79 control mode changed from LRAT to BHP
    Well 95 control mode changed from LRAT to BHP
    Well 68 control mode changed from LRAT to BHP
    Well 89 control mode changed from LRAT to BHP
    Well 77 control mode changed from LRAT to BHP
    Well 80 control mode changed from LRAT to BHP
    Well 63 control mode changed from LRAT to BHP
    Well 75 control mode changed from LRAT to BHP
    Well 64 control mode changed from LRAT to BHP
    Well 100 control mode changed from LRAT to BHP
    Well 81 control mode changed from LRAT to BHP
    Well 92 control mode changed from LRAT to BHP
    Well 55 control mode changed from LRAT to BHP
    Well 101 control mode changed from LRAT to BHP
    Well 93 control mode changed from LRAT to BHP
    Well 48 control mode changed from LRAT to BHP
    Well 54 control mode changed from LRAT to BHP
    Well 47 control mode changed from LRAT to BHP
    Well 90 control mode changed from LRAT to BHP
    Well 11 control mode changed from LRAT to BHP
    Well 111 control mode changed from LRAT to BHP
    Well 23 control mode changed from LRAT to BHP
    Well 104 control mode changed from LRAT to BHP
    Well 106 control mode changed from LRAT to BHP
    Well 107 control mode changed from LRAT to BHP
    Well 109 control mode changed from LRAT to BHP
    Well 108 control mode changed from LRAT to BHP
    Well 15 control mode changed from LRAT to BHP
    Well 30 control mode changed from LRAT to BHP
    Well 31 control mode changed from LRAT to BHP
 Newton its= 2, linearizations= 3 (1.6sec), linear its=  3 (1.2sec)

Report step 168/371 at day 6332/12511, date = 01-Oct-2008

Starting time step 0, stepsize 31 days, at day 6332/6363, date = 01-Oct-2008
    Well 1 control mode changed from LRAT to BHP
    Well 2 control mode changed from LRAT to BHP
    Well 3 control mode changed from LRAT to BHP
    Well 60 control mode changed from LRAT to BHP
    Well 52 control mode changed from LRAT to BHP
    Well 43 control mode changed from LRAT to BHP
    Well 78 control mode changed from LRAT to BHP
    Well 57 control mode changed from LRAT to BHP
    Well 66 control mode changed from LRAT to BHP
    Well 88 control mode changed from LRAT to BHP
    Well 94 control mode changed from LRAT to BHP
    Well 56 control mode changed from LRAT to BHP
    Well 58 control mode changed from LRAT to BHP
    Well 67 control mode changed from LRAT to BHP
    Well 79 control mode changed from LRAT to BHP
    Well 95 control mode changed from LRAT to BHP
    Well 68 control mode changed from LRAT to BHP
    Well 89 control mode changed from LRAT to BHP
    Well 77 control mode changed from LRAT to BHP
    Well 80 control mode changed from LRAT to BHP
    Well 63 control mode changed from LRAT to BHP
    Well 75 control mode changed from LRAT to BHP
    Well 64 control mode changed from LRAT to BHP
    Well 100 control mode changed from LRAT to BHP
    Well 81 control mode changed from LRAT to BHP
    Well 92 control mode changed from LRAT to BHP
    Well 55 control mode changed from LRAT to BHP
    Well 101 control mode changed from LRAT to BHP
    Well 93 control mode changed from LRAT to BHP
    Well 48 control mode changed from LRAT to BHP
    Well 54 control mode changed from LRAT to BHP
    Well 47 control mode changed from LRAT to BHP
    Well 90 control mode changed from LRAT to BHP
    Well 11 control mode changed from LRAT to BHP
    Well 111 control mode changed from LRAT to BHP
    Well 23 control mode changed from LRAT to BHP
    Well 104 control mode changed from LRAT to BHP
    Well 106 control mode changed from LRAT to BHP
    Well 107 control mode changed from LRAT to BHP
    Well 109 control mode changed from LRAT to BHP
    Well 108 control mode changed from LRAT to BHP
    Well 15 control mode changed from LRAT to BHP
    Well 30 control mode changed from LRAT to BHP
    Well 31 control mode changed from LRAT to BHP
 Newton its= 2, linearizations= 3 (1.4sec), linear its=  3 (1.6sec)

Report step 169/371 at day 6363/12511, date = 01-Nov-2008

Starting time step 0, stepsize 30 days, at day 6363/6393, date = 01-Nov-2008
    Well 1 control mode changed from LRAT to BHP
    Well 2 control mode changed from LRAT to BHP
    Well 3 control mode changed from LRAT to BHP
    Well 60 control mode changed from LRAT to BHP
    Well 52 control mode changed from LRAT to BHP
    Well 43 control mode changed from LRAT to BHP
    Well 78 control mode changed from LRAT to BHP
    Well 57 control mode changed from LRAT to BHP
    Well 66 control mode changed from LRAT to BHP
    Well 88 control mode changed from LRAT to BHP
    Well 94 control mode changed from LRAT to BHP
    Well 56 control mode changed from LRAT to BHP
    Well 58 control mode changed from LRAT to BHP
    Well 67 control mode changed from LRAT to BHP
    Well 79 control mode changed from LRAT to BHP
    Well 95 control mode changed from LRAT to BHP
    Well 68 control mode changed from LRAT to BHP
    Well 89 control mode changed from LRAT to BHP
    Well 77 control mode changed from LRAT to BHP
    Well 80 control mode changed from LRAT to BHP
    Well 63 control mode changed from LRAT to BHP
    Well 75 control mode changed from LRAT to BHP
    Well 64 control mode changed from LRAT to BHP
    Well 100 control mode changed from LRAT to BHP
    Well 81 control mode changed from LRAT to BHP
    Well 92 control mode changed from LRAT to BHP
    Well 55 control mode changed from LRAT to BHP
    Well 101 control mode changed from LRAT to BHP
    Well 93 control mode changed from LRAT to BHP
    Well 48 control mode changed from LRAT to BHP
    Well 54 control mode changed from LRAT to BHP
    Well 47 control mode changed from LRAT to BHP
    Well 90 control mode changed from LRAT to BHP
    Well 111 control mode changed from LRAT to BHP
    Well 23 control mode changed from LRAT to BHP
    Well 104 control mode changed from LRAT to BHP
    Well 106 control mode changed from LRAT to BHP
    Well 107 control mode changed from LRAT to BHP
    Well 109 control mode changed from LRAT to BHP
    Well 108 control mode changed from LRAT to BHP
    Well 15 control mode changed from LRAT to BHP
    Well 30 control mode changed from LRAT to BHP
    Well 31 control mode changed from LRAT to BHP
 Newton its= 2, linearizations= 3 (1.4sec), linear its=  4 (1.5sec)

Report step 170/371 at day 6393/12511, date = 01-Dec-2008

Starting time step 0, stepsize 31 days, at day 6393/6424, date = 01-Dec-2008
    Well 1 control mode changed from LRAT to BHP
    Well 2 control mode changed from LRAT to BHP
    Well 3 control mode changed from LRAT to BHP
    Well 60 control mode changed from LRAT to BHP
    Well 52 control mode changed from LRAT to BHP
    Well 43 control mode changed from LRAT to BHP
    Well 78 control mode changed from LRAT to BHP
    Well 57 control mode changed from LRAT to BHP
    Well 66 control mode changed from LRAT to BHP
    Well 88 control mode changed from LRAT to BHP
    Well 94 control mode changed from LRAT to BHP
    Well 56 control mode changed from LRAT to BHP
    Well 58 control mode changed from LRAT to BHP
    Well 67 control mode changed from LRAT to BHP
    Well 79 control mode changed from LRAT to BHP
    Well 95 control mode changed from LRAT to BHP
    Well 68 control mode changed from LRAT to BHP
    Well 89 control mode changed from LRAT to BHP
    Well 77 control mode changed from LRAT to BHP
    Well 80 control mode changed from LRAT to BHP
    Well 63 control mode changed from LRAT to BHP
    Well 75 control mode changed from LRAT to BHP
    Well 64 control mode changed from LRAT to BHP
    Well 100 control mode changed from LRAT to BHP
    Well 81 control mode changed from LRAT to BHP
    Well 92 control mode changed from LRAT to BHP
    Well 55 control mode changed from LRAT to BHP
    Well 101 control mode changed from LRAT to BHP
    Well 93 control mode changed from LRAT to BHP
    Well 48 control mode changed from LRAT to BHP
    Well 54 control mode changed from LRAT to BHP
    Well 47 control mode changed from LRAT to BHP
    Well 90 control mode changed from LRAT to BHP
    Well 111 control mode changed from LRAT to BHP
    Well 23 control mode changed from LRAT to BHP
    Well 104 control mode changed from LRAT to BHP
    Well 106 control mode changed from LRAT to BHP
    Well 107 control mode changed from LRAT to BHP
    Well 109 control mode changed from LRAT to BHP
    Well 108 control mode changed from LRAT to BHP
    Well 15 control mode changed from LRAT to BHP
    Well 30 control mode changed from LRAT to BHP
    Well 31 control mode changed from LRAT to BHP
 Newton its= 2, linearizations= 3 (1.4sec), linear its=  2 (1.7sec)

Report step 171/371 at day 6424/12511, date = 01-Jan-2009

Starting time step 0, stepsize 31 days, at day 6424/6455, date = 01-Jan-2009
    Well 1 control mode changed from LRAT to BHP
    Well 2 control mode changed from LRAT to BHP
    Well 3 control mode changed from LRAT to BHP
    Well 60 control mode changed from LRAT to BHP
    Well 52 control mode changed from LRAT to BHP
    Well 43 control mode changed from LRAT to BHP
    Well 78 control mode changed from LRAT to BHP
    Well 57 control mode changed from LRAT to BHP
    Well 66 control mode changed from LRAT to BHP
    Well 88 control mode changed from LRAT to BHP
    Well 94 control mode changed from LRAT to BHP
    Well 56 control mode changed from LRAT to BHP
    Well 58 control mode changed from LRAT to BHP
    Well 67 control mode changed from LRAT to BHP
    Well 79 control mode changed from LRAT to BHP
    Well 95 control mode changed from LRAT to BHP
    Well 68 control mode changed from LRAT to BHP
    Well 89 control mode changed from LRAT to BHP
    Well 77 control mode changed from LRAT to BHP
    Well 80 control mode changed from LRAT to BHP
    Well 63 control mode changed from LRAT to BHP
    Well 75 control mode changed from LRAT to BHP
    Well 64 control mode changed from LRAT to BHP
    Well 100 control mode changed from LRAT to BHP
    Well 81 control mode changed from LRAT to BHP
    Well 92 control mode changed from LRAT to BHP
    Well 55 control mode changed from LRAT to BHP
    Well 101 control mode changed from LRAT to BHP
    Well 93 control mode changed from LRAT to BHP
    Well 48 control mode changed from LRAT to BHP
    Well 54 control mode changed from LRAT to BHP
    Well 47 control mode changed from LRAT to BHP
    Well 90 control mode changed from LRAT to BHP
    Well 111 control mode changed from LRAT to BHP
    Well 23 control mode changed from LRAT to BHP
    Well 104 control mode changed from LRAT to BHP
    Well 106 control mode changed from LRAT to BHP
    Well 107 control mode changed from LRAT to BHP
    Well 109 control mode changed from LRAT to BHP
    Well 108 control mode changed from LRAT to BHP
    Well 15 control mode changed from LRAT to BHP
    Well 30 control mode changed from LRAT to BHP
    Well 31 control mode changed from LRAT to BHP
 Newton its= 2, linearizations= 3 (1.4sec), linear its=  2 (1.5sec)

Report step 172/371 at day 6455/12511, date = 01-Feb-2009

Starting time step 0, stepsize 28 days, at day 6455/6483, date = 01-Feb-2009
    Well 1 control mode changed from LRAT to BHP
    Well 2 control mode changed from LRAT to BHP
    Well 3 control mode changed from LRAT to BHP
    Well 60 control mode changed from LRAT to BHP
    Well 52 control mode changed from LRAT to BHP
    Well 43 control mode changed from LRAT to BHP
    Well 78 control mode changed from LRAT to BHP
    Well 57 control mode changed from LRAT to BHP
    Well 66 control mode changed from LRAT to BHP
    Well 88 control mode changed from LRAT to BHP
    Well 94 control mode changed from LRAT to BHP
    Well 56 control mode changed from LRAT to BHP
    Well 58 control mode changed from LRAT to BHP
    Well 67 control mode changed from LRAT to BHP
    Well 79 control mode changed from LRAT to BHP
    Well 95 control mode changed from LRAT to BHP
    Well 68 control mode changed from LRAT to BHP
    Well 89 control mode changed from LRAT to BHP
    Well 77 control mode changed from LRAT to BHP
    Well 80 control mode changed from LRAT to BHP
    Well 63 control mode changed from LRAT to BHP
    Well 75 control mode changed from LRAT to BHP
    Well 64 control mode changed from LRAT to BHP
    Well 100 control mode changed from LRAT to BHP
    Well 81 control mode changed from LRAT to BHP
    Well 92 control mode changed from LRAT to BHP
    Well 55 control mode changed from LRAT to BHP
    Well 101 control mode changed from LRAT to BHP
    Well 93 control mode changed from LRAT to BHP
    Well 48 control mode changed from LRAT to BHP
    Well 54 control mode changed from LRAT to BHP
    Well 47 control mode changed from LRAT to BHP
    Well 90 control mode changed from LRAT to BHP
    Well 23 control mode changed from LRAT to BHP
    Well 104 control mode changed from LRAT to BHP
    Well 106 control mode changed from LRAT to BHP
    Well 107 control mode changed from LRAT to BHP
    Well 109 control mode changed from LRAT to BHP
    Well 108 control mode changed from LRAT to BHP
    Well 15 control mode changed from LRAT to BHP
    Well 30 control mode changed from LRAT to BHP
    Well 31 control mode changed from LRAT to BHP
 Newton its= 2, linearizations= 3 (1.5sec), linear its=  2 (1.1sec)

Report step 173/371 at day 6483/12511, date = 01-Mar-2009

Starting time step 0, stepsize 31 days, at day 6483/6514, date = 01-Mar-2009
    Well 1 control mode changed from LRAT to BHP
    Well 2 control mode changed from LRAT to BHP
    Well 3 control mode changed from LRAT to BHP
    Well 60 control mode changed from LRAT to BHP
    Well 52 control mode changed from LRAT to BHP
    Well 43 control mode changed from LRAT to BHP
    Well 78 control mode changed from LRAT to BHP
    Well 57 control mode changed from LRAT to BHP
    Well 66 control mode changed from LRAT to BHP
    Well 88 control mode changed from LRAT to BHP
    Well 94 control mode changed from LRAT to BHP
    Well 56 control mode changed from LRAT to BHP
    Well 58 control mode changed from LRAT to BHP
    Well 67 control mode changed from LRAT to BHP
    Well 79 control mode changed from LRAT to BHP
    Well 95 control mode changed from LRAT to BHP
    Well 68 control mode changed from LRAT to BHP
    Well 89 control mode changed from LRAT to BHP
    Well 77 control mode changed from LRAT to BHP
    Well 80 control mode changed from LRAT to BHP
    Well 63 control mode changed from LRAT to BHP
    Well 75 control mode changed from LRAT to BHP
    Well 64 control mode changed from LRAT to BHP
    Well 100 control mode changed from LRAT to BHP
    Well 81 control mode changed from LRAT to BHP
    Well 92 control mode changed from LRAT to BHP
    Well 55 control mode changed from LRAT to BHP
    Well 101 control mode changed from LRAT to BHP
    Well 93 control mode changed from LRAT to BHP
    Well 48 control mode changed from LRAT to BHP
    Well 54 control mode changed from LRAT to BHP
    Well 47 control mode changed from LRAT to BHP
    Well 90 control mode changed from LRAT to BHP
    Well 23 control mode changed from LRAT to BHP
    Well 104 control mode changed from LRAT to BHP
    Well 106 control mode changed from LRAT to BHP
    Well 107 control mode changed from LRAT to BHP
    Well 109 control mode changed from LRAT to BHP
    Well 108 control mode changed from LRAT to BHP
    Well 15 control mode changed from LRAT to BHP
    Well 30 control mode changed from LRAT to BHP
    Well 31 control mode changed from LRAT to BHP
 Newton its= 2, linearizations= 3 (1.3sec), linear its=  2 (1.3sec)

Report step 174/371 at day 6514/12511, date = 01-Apr-2009

Starting time step 0, stepsize 30 days, at day 6514/6544, date = 01-Apr-2009
    Well 1 control mode changed from LRAT to BHP
    Well 2 control mode changed from LRAT to BHP
    Well 3 control mode changed from LRAT to BHP
    Well 60 control mode changed from LRAT to BHP
    Well 52 control mode changed from LRAT to BHP
    Well 43 control mode changed from LRAT to BHP
    Well 78 control mode changed from LRAT to BHP
    Well 66 control mode changed from LRAT to BHP
    Well 88 control mode changed from LRAT to BHP
    Well 94 control mode changed from LRAT to BHP
    Well 56 control mode changed from LRAT to BHP
    Well 58 control mode changed from LRAT to BHP
    Well 67 control mode changed from LRAT to BHP
    Well 79 control mode changed from LRAT to BHP
    Well 95 control mode changed from LRAT to BHP
    Well 68 control mode changed from LRAT to BHP
    Well 89 control mode changed from LRAT to BHP
    Well 77 control mode changed from LRAT to BHP
    Well 80 control mode changed from LRAT to BHP
    Well 63 control mode changed from LRAT to BHP
    Well 75 control mode changed from LRAT to BHP
    Well 64 control mode changed from LRAT to BHP
    Well 100 control mode changed from LRAT to BHP
    Well 81 control mode changed from LRAT to BHP
    Well 92 control mode changed from LRAT to BHP
    Well 55 control mode changed from LRAT to BHP
    Well 101 control mode changed from LRAT to BHP
    Well 93 control mode changed from LRAT to BHP
    Well 48 control mode changed from LRAT to BHP
    Well 54 control mode changed from LRAT to BHP
    Well 47 control mode changed from LRAT to BHP
    Well 90 control mode changed from LRAT to BHP
    Well 23 control mode changed from LRAT to BHP
    Well 104 control mode changed from LRAT to BHP
    Well 106 control mode changed from LRAT to BHP
    Well 107 control mode changed from LRAT to BHP
    Well 109 control mode changed from LRAT to BHP
    Well 108 control mode changed from LRAT to BHP
    Well 15 control mode changed from LRAT to BHP
    Well 30 control mode changed from LRAT to BHP
    Well 31 control mode changed from LRAT to BHP
 Newton its= 3, linearizations= 4 (1.8sec), linear its=  4 (1.7sec)

Report step 175/371 at day 6544/12511, date = 01-May-2009

Starting time step 0, stepsize 31 days, at day 6544/6575, date = 01-May-2009
    Well 1 control mode changed from LRAT to BHP
    Well 2 control mode changed from LRAT to BHP
    Well 3 control mode changed from LRAT to BHP
    Well 60 control mode changed from LRAT to BHP
    Well 52 control mode changed from LRAT to BHP
    Well 43 control mode changed from LRAT to BHP
    Well 78 control mode changed from LRAT to BHP
    Well 66 control mode changed from LRAT to BHP
    Well 88 control mode changed from LRAT to BHP
    Well 94 control mode changed from LRAT to BHP
    Well 56 control mode changed from LRAT to BHP
    Well 58 control mode changed from LRAT to BHP
    Well 67 control mode changed from LRAT to BHP
    Well 79 control mode changed from LRAT to BHP
    Well 95 control mode changed from LRAT to BHP
    Well 68 control mode changed from LRAT to BHP
    Well 89 control mode changed from LRAT to BHP
    Well 77 control mode changed from LRAT to BHP
    Well 80 control mode changed from LRAT to BHP
    Well 63 control mode changed from LRAT to BHP
    Well 75 control mode changed from LRAT to BHP
    Well 64 control mode changed from LRAT to BHP
    Well 100 control mode changed from LRAT to BHP
    Well 81 control mode changed from LRAT to BHP
    Well 92 control mode changed from LRAT to BHP
    Well 55 control mode changed from LRAT to BHP
    Well 101 control mode changed from LRAT to BHP
    Well 93 control mode changed from LRAT to BHP
    Well 48 control mode changed from LRAT to BHP
    Well 54 control mode changed from LRAT to BHP
    Well 47 control mode changed from LRAT to BHP
    Well 90 control mode changed from LRAT to BHP
    Well 23 control mode changed from LRAT to BHP
    Well 104 control mode changed from LRAT to BHP
    Well 106 control mode changed from LRAT to BHP
    Well 107 control mode changed from LRAT to BHP
    Well 109 control mode changed from LRAT to BHP
    Well 108 control mode changed from LRAT to BHP
    Well 15 control mode changed from LRAT to BHP
    Well 30 control mode changed from LRAT to BHP
    Well 31 control mode changed from LRAT to BHP
 Newton its= 2, linearizations= 3 (1.2sec), linear its=  2 (1.2sec)

Report step 176/371 at day 6575/12511, date = 01-Jun-2009

Starting time step 0, stepsize 30 days, at day 6575/6605, date = 01-Jun-2009
    Well 1 control mode changed from LRAT to BHP
    Well 2 control mode changed from LRAT to BHP
    Well 3 control mode changed from LRAT to BHP
    Well 60 control mode changed from LRAT to BHP
    Well 52 control mode changed from LRAT to BHP
    Well 43 control mode changed from LRAT to BHP
    Well 78 control mode changed from LRAT to BHP
    Well 66 control mode changed from LRAT to BHP
    Well 88 control mode changed from LRAT to BHP
    Well 94 control mode changed from LRAT to BHP
    Well 56 control mode changed from LRAT to BHP
    Well 58 control mode changed from LRAT to BHP
    Well 67 control mode changed from LRAT to BHP
    Well 79 control mode changed from LRAT to BHP
    Well 95 control mode changed from LRAT to BHP
    Well 68 control mode changed from LRAT to BHP
    Well 89 control mode changed from LRAT to BHP
    Well 77 control mode changed from LRAT to BHP
    Well 80 control mode changed from LRAT to BHP
    Well 63 control mode changed from LRAT to BHP
    Well 75 control mode changed from LRAT to BHP
    Well 64 control mode changed from LRAT to BHP
    Well 100 control mode changed from LRAT to BHP
    Well 81 control mode changed from LRAT to BHP
    Well 92 control mode changed from LRAT to BHP
    Well 55 control mode changed from LRAT to BHP
    Well 101 control mode changed from LRAT to BHP
    Well 93 control mode changed from LRAT to BHP
    Well 82 control mode changed from LRAT to BHP
    Well 48 control mode changed from LRAT to BHP
    Well 54 control mode changed from LRAT to BHP
    Well 47 control mode changed from LRAT to BHP
    Well 90 control mode changed from LRAT to BHP
    Well 11 control mode changed from LRAT to BHP
    Well 23 control mode changed from LRAT to BHP
    Well 104 control mode changed from LRAT to BHP
    Well 106 control mode changed from LRAT to BHP
    Well 107 control mode changed from LRAT to BHP
    Well 109 control mode changed from LRAT to BHP
    Well 108 control mode changed from LRAT to BHP
    Well 15 control mode changed from LRAT to BHP
    Well 30 control mode changed from LRAT to BHP
    Well 31 control mode changed from LRAT to BHP
 Newton its= 2, linearizations= 3 (1.7sec), linear its=  2 (1.5sec)

Report step 177/371 at day 6605/12511, date = 01-Jul-2009

Starting time step 0, stepsize 31 days, at day 6605/6636, date = 01-Jul-2009
    Well 1 control mode changed from LRAT to BHP
    Well 2 control mode changed from LRAT to BHP
    Well 3 control mode changed from LRAT to BHP
    Well 52 control mode changed from LRAT to BHP
    Well 43 control mode changed from LRAT to BHP
    Well 78 control mode changed from LRAT to BHP
    Well 66 control mode changed from LRAT to BHP
    Well 88 control mode changed from LRAT to BHP
    Well 94 control mode changed from LRAT to BHP
    Well 56 control mode changed from LRAT to BHP
    Well 58 control mode changed from LRAT to BHP
    Well 67 control mode changed from LRAT to BHP
    Well 79 control mode changed from LRAT to BHP
    Well 95 control mode changed from LRAT to BHP
    Well 68 control mode changed from LRAT to BHP
    Well 89 control mode changed from LRAT to BHP
    Well 80 control mode changed from LRAT to BHP
    Well 63 control mode changed from LRAT to BHP
    Well 75 control mode changed from LRAT to BHP
    Well 64 control mode changed from LRAT to BHP
    Well 100 control mode changed from LRAT to BHP
    Well 81 control mode changed from LRAT to BHP
    Well 92 control mode changed from LRAT to BHP
    Well 55 control mode changed from LRAT to BHP
    Well 101 control mode changed from LRAT to BHP
    Well 93 control mode changed from LRAT to BHP
    Well 82 control mode changed from LRAT to BHP
    Well 48 control mode changed from LRAT to BHP
    Well 54 control mode changed from LRAT to BHP
    Well 47 control mode changed from LRAT to BHP
    Well 90 control mode changed from LRAT to BHP
    Well 11 control mode changed from LRAT to BHP
    Well 23 control mode changed from LRAT to BHP
    Well 104 control mode changed from LRAT to BHP
    Well 106 control mode changed from LRAT to BHP
    Well 107 control mode changed from LRAT to BHP
    Well 109 control mode changed from LRAT to BHP
    Well 108 control mode changed from LRAT to BHP
    Well 15 control mode changed from LRAT to BHP
    Well 30 control mode changed from LRAT to BHP
    Well 31 control mode changed from LRAT to BHP
    Well 17 control mode changed from RATE to BHP
 Newton its= 3, linearizations= 4 (1.7sec), linear its=  4 (1.9sec)

Report step 178/371 at day 6636/12511, date = 01-Aug-2009

Starting time step 0, stepsize 31 days, at day 6636/6667, date = 01-Aug-2009
    Well 1 control mode changed from LRAT to BHP
    Well 2 control mode changed from LRAT to BHP
    Well 3 control mode changed from LRAT to BHP
    Well 52 control mode changed from LRAT to BHP
    Well 43 control mode changed from LRAT to BHP
    Well 78 control mode changed from LRAT to BHP
    Well 66 control mode changed from LRAT to BHP
    Well 88 control mode changed from LRAT to BHP
    Well 94 control mode changed from LRAT to BHP
    Well 56 control mode changed from LRAT to BHP
    Well 58 control mode changed from LRAT to BHP
    Well 67 control mode changed from LRAT to BHP
    Well 79 control mode changed from LRAT to BHP
    Well 95 control mode changed from LRAT to BHP
    Well 68 control mode changed from LRAT to BHP
    Well 89 control mode changed from LRAT to BHP
    Well 80 control mode changed from LRAT to BHP
    Well 63 control mode changed from LRAT to BHP
    Well 75 control mode changed from LRAT to BHP
    Well 64 control mode changed from LRAT to BHP
    Well 100 control mode changed from LRAT to BHP
    Well 81 control mode changed from LRAT to BHP
    Well 92 control mode changed from LRAT to BHP
    Well 55 control mode changed from LRAT to BHP
    Well 101 control mode changed from LRAT to BHP
    Well 93 control mode changed from LRAT to BHP
    Well 82 control mode changed from LRAT to BHP
    Well 48 control mode changed from LRAT to BHP
    Well 54 control mode changed from LRAT to BHP
    Well 47 control mode changed from LRAT to BHP
    Well 90 control mode changed from LRAT to BHP
    Well 11 control mode changed from LRAT to BHP
    Well 23 control mode changed from LRAT to BHP
    Well 104 control mode changed from LRAT to BHP
    Well 106 control mode changed from LRAT to BHP
    Well 107 control mode changed from LRAT to BHP
    Well 109 control mode changed from LRAT to BHP
    Well 108 control mode changed from LRAT to BHP
    Well 15 control mode changed from LRAT to BHP
    Well 30 control mode changed from LRAT to BHP
 Newton its= 3, linearizations= 4 (1.7sec), linear its=  4 (1.9sec)

Report step 179/371 at day 6667/12511, date = 01-Sep-2009

Starting time step 0, stepsize 30 days, at day 6667/6697, date = 01-Sep-2009
    Well 1 control mode changed from LRAT to BHP
    Well 2 control mode changed from LRAT to BHP
    Well 3 control mode changed from LRAT to BHP
    Well 52 control mode changed from LRAT to BHP
    Well 43 control mode changed from LRAT to BHP
    Well 78 control mode changed from LRAT to BHP
    Well 66 control mode changed from LRAT to BHP
    Well 88 control mode changed from LRAT to BHP
    Well 94 control mode changed from LRAT to BHP
    Well 56 control mode changed from LRAT to BHP
    Well 58 control mode changed from LRAT to BHP
    Well 67 control mode changed from LRAT to BHP
    Well 79 control mode changed from LRAT to BHP
    Well 95 control mode changed from LRAT to BHP
    Well 68 control mode changed from LRAT to BHP
    Well 89 control mode changed from LRAT to BHP
    Well 80 control mode changed from LRAT to BHP
    Well 63 control mode changed from LRAT to BHP
    Well 74 control mode changed from LRAT to BHP
    Well 75 control mode changed from LRAT to BHP
    Well 64 control mode changed from LRAT to BHP
    Well 100 control mode changed from LRAT to BHP
    Well 81 control mode changed from LRAT to BHP
    Well 92 control mode changed from LRAT to BHP
    Well 55 control mode changed from LRAT to BHP
    Well 101 control mode changed from LRAT to BHP
    Well 93 control mode changed from LRAT to BHP
    Well 82 control mode changed from LRAT to BHP
    Well 48 control mode changed from LRAT to BHP
    Well 54 control mode changed from LRAT to BHP
    Well 47 control mode changed from LRAT to BHP
    Well 90 control mode changed from LRAT to BHP
    Well 85 control mode changed from LRAT to BHP
    Well 11 control mode changed from LRAT to BHP
    Well 23 control mode changed from LRAT to BHP
    Well 104 control mode changed from LRAT to BHP
    Well 106 control mode changed from LRAT to BHP
    Well 107 control mode changed from LRAT to BHP
    Well 109 control mode changed from LRAT to BHP
    Well 108 control mode changed from LRAT to BHP
    Well 15 control mode changed from LRAT to BHP
    Well 30 control mode changed from LRAT to BHP
 Newton its= 3, linearizations= 4 (1.8sec), linear its=  4 (2.0sec)

Report step 180/371 at day 6697/12511, date = 01-Oct-2009

Starting time step 0, stepsize 31 days, at day 6697/6728, date = 01-Oct-2009
    Well 1 control mode changed from LRAT to BHP
    Well 2 control mode changed from LRAT to BHP
    Well 3 control mode changed from LRAT to BHP
    Well 52 control mode changed from LRAT to BHP
    Well 43 control mode changed from LRAT to BHP
    Well 78 control mode changed from LRAT to BHP
    Well 66 control mode changed from LRAT to BHP
    Well 88 control mode changed from LRAT to BHP
    Well 94 control mode changed from LRAT to BHP
    Well 56 control mode changed from LRAT to BHP
    Well 58 control mode changed from LRAT to BHP
    Well 67 control mode changed from LRAT to BHP
    Well 79 control mode changed from LRAT to BHP
    Well 95 control mode changed from LRAT to BHP
    Well 68 control mode changed from LRAT to BHP
    Well 89 control mode changed from LRAT to BHP
    Well 80 control mode changed from LRAT to BHP
    Well 63 control mode changed from LRAT to BHP
    Well 74 control mode changed from LRAT to BHP
    Well 75 control mode changed from LRAT to BHP
    Well 64 control mode changed from LRAT to BHP
    Well 100 control mode changed from LRAT to BHP
    Well 81 control mode changed from LRAT to BHP
    Well 92 control mode changed from LRAT to BHP
    Well 55 control mode changed from LRAT to BHP
    Well 101 control mode changed from LRAT to BHP
    Well 93 control mode changed from LRAT to BHP
    Well 82 control mode changed from LRAT to BHP
    Well 48 control mode changed from LRAT to BHP
    Well 54 control mode changed from LRAT to BHP
    Well 47 control mode changed from LRAT to BHP
    Well 90 control mode changed from LRAT to BHP
    Well 85 control mode changed from LRAT to BHP
    Well 11 control mode changed from LRAT to BHP
    Well 23 control mode changed from LRAT to BHP
    Well 104 control mode changed from LRAT to BHP
    Well 106 control mode changed from LRAT to BHP
    Well 107 control mode changed from LRAT to BHP
    Well 109 control mode changed from LRAT to BHP
    Well 108 control mode changed from LRAT to BHP
    Well 15 control mode changed from LRAT to BHP
    Well 30 control mode changed from LRAT to BHP
 Newton its= 2, linearizations= 3 (1.3sec), linear its=  2 (1.2sec)

Report step 181/371 at day 6728/12511, date = 01-Nov-2009

Starting time step 0, stepsize 30 days, at day 6728/6758, date = 01-Nov-2009
    Well 1 control mode changed from LRAT to BHP
    Well 2 control mode changed from LRAT to BHP
    Well 3 control mode changed from LRAT to BHP
    Well 52 control mode changed from LRAT to BHP
    Well 43 control mode changed from LRAT to BHP
    Well 78 control mode changed from LRAT to BHP
    Well 66 control mode changed from LRAT to BHP
    Well 88 control mode changed from LRAT to BHP
    Well 94 control mode changed from LRAT to BHP
    Well 56 control mode changed from LRAT to BHP
    Well 58 control mode changed from LRAT to BHP
    Well 67 control mode changed from LRAT to BHP
    Well 79 control mode changed from LRAT to BHP
    Well 95 control mode changed from LRAT to BHP
    Well 68 control mode changed from LRAT to BHP
    Well 89 control mode changed from LRAT to BHP
    Well 80 control mode changed from LRAT to BHP
    Well 63 control mode changed from LRAT to BHP
    Well 74 control mode changed from LRAT to BHP
    Well 75 control mode changed from LRAT to BHP
    Well 64 control mode changed from LRAT to BHP
    Well 100 control mode changed from LRAT to BHP
    Well 81 control mode changed from LRAT to BHP
    Well 92 control mode changed from LRAT to BHP
    Well 55 control mode changed from LRAT to BHP
    Well 101 control mode changed from LRAT to BHP
    Well 93 control mode changed from LRAT to BHP
    Well 82 control mode changed from LRAT to BHP
    Well 48 control mode changed from LRAT to BHP
    Well 54 control mode changed from LRAT to BHP
    Well 47 control mode changed from LRAT to BHP
    Well 90 control mode changed from LRAT to BHP
    Well 85 control mode changed from LRAT to BHP
    Well 11 control mode changed from LRAT to BHP
    Well 23 control mode changed from LRAT to BHP
    Well 104 control mode changed from LRAT to BHP
    Well 106 control mode changed from LRAT to BHP
    Well 107 control mode changed from LRAT to BHP
    Well 109 control mode changed from LRAT to BHP
    Well 108 control mode changed from LRAT to BHP
    Well 15 control mode changed from LRAT to BHP
    Well 30 control mode changed from LRAT to BHP
 Newton its= 2, linearizations= 3 (1.3sec), linear its=  2 (1.4sec)

Report step 182/371 at day 6758/12511, date = 01-Dec-2009

Starting time step 0, stepsize 31 days, at day 6758/6789, date = 01-Dec-2009
    Well 1 control mode changed from LRAT to BHP
    Well 2 control mode changed from LRAT to BHP
    Well 3 control mode changed from LRAT to BHP
    Well 52 control mode changed from LRAT to BHP
    Well 43 control mode changed from LRAT to BHP
    Well 78 control mode changed from LRAT to BHP
    Well 66 control mode changed from LRAT to BHP
    Well 88 control mode changed from LRAT to BHP
    Well 94 control mode changed from LRAT to BHP
    Well 56 control mode changed from LRAT to BHP
    Well 58 control mode changed from LRAT to BHP
    Well 67 control mode changed from LRAT to BHP
    Well 79 control mode changed from LRAT to BHP
    Well 95 control mode changed from LRAT to BHP
    Well 68 control mode changed from LRAT to BHP
    Well 89 control mode changed from LRAT to BHP
    Well 80 control mode changed from LRAT to BHP
    Well 63 control mode changed from LRAT to BHP
    Well 74 control mode changed from LRAT to BHP
    Well 75 control mode changed from LRAT to BHP
    Well 64 control mode changed from LRAT to BHP
    Well 100 control mode changed from LRAT to BHP
    Well 81 control mode changed from LRAT to BHP
    Well 92 control mode changed from LRAT to BHP
    Well 55 control mode changed from LRAT to BHP
    Well 101 control mode changed from LRAT to BHP
    Well 93 control mode changed from LRAT to BHP
    Well 82 control mode changed from LRAT to BHP
    Well 48 control mode changed from LRAT to BHP
    Well 54 control mode changed from LRAT to BHP
    Well 47 control mode changed from LRAT to BHP
    Well 90 control mode changed from LRAT to BHP
    Well 85 control mode changed from LRAT to BHP
    Well 11 control mode changed from LRAT to BHP
    Well 23 control mode changed from LRAT to BHP
    Well 104 control mode changed from LRAT to BHP
    Well 106 control mode changed from LRAT to BHP
    Well 107 control mode changed from LRAT to BHP
    Well 109 control mode changed from LRAT to BHP
    Well 108 control mode changed from LRAT to BHP
    Well 15 control mode changed from LRAT to BHP
    Well 30 control mode changed from LRAT to BHP
 Newton its= 3, linearizations= 4 (1.6sec), linear its=  4 (1.9sec)

Report step 183/371 at day 6789/12511, date = 01-Jan-2010

Starting time step 0, stepsize 31 days, at day 6789/6820, date = 01-Jan-2010
    Well 1 control mode changed from LRAT to BHP
    Well 2 control mode changed from LRAT to BHP
    Well 3 control mode changed from LRAT to BHP
    Well 52 control mode changed from LRAT to BHP
    Well 43 control mode changed from LRAT to BHP
    Well 78 control mode changed from LRAT to BHP
    Well 66 control mode changed from LRAT to BHP
    Well 88 control mode changed from LRAT to BHP
    Well 94 control mode changed from LRAT to BHP
    Well 56 control mode changed from LRAT to BHP
    Well 58 control mode changed from LRAT to BHP
    Well 67 control mode changed from LRAT to BHP
    Well 79 control mode changed from LRAT to BHP
    Well 95 control mode changed from LRAT to BHP
    Well 68 control mode changed from LRAT to BHP
    Well 89 control mode changed from LRAT to BHP
    Well 80 control mode changed from LRAT to BHP
    Well 63 control mode changed from LRAT to BHP
    Well 74 control mode changed from LRAT to BHP
    Well 75 control mode changed from LRAT to BHP
    Well 64 control mode changed from LRAT to BHP
    Well 100 control mode changed from LRAT to BHP
    Well 81 control mode changed from LRAT to BHP
    Well 92 control mode changed from LRAT to BHP
    Well 55 control mode changed from LRAT to BHP
    Well 101 control mode changed from LRAT to BHP
    Well 93 control mode changed from LRAT to BHP
    Well 82 control mode changed from LRAT to BHP
    Well 48 control mode changed from LRAT to BHP
    Well 54 control mode changed from LRAT to BHP
    Well 47 control mode changed from LRAT to BHP
    Well 90 control mode changed from LRAT to BHP
    Well 85 control mode changed from LRAT to BHP
    Well 11 control mode changed from LRAT to BHP
    Well 23 control mode changed from LRAT to BHP
    Well 104 control mode changed from LRAT to BHP
    Well 106 control mode changed from LRAT to BHP
    Well 107 control mode changed from LRAT to BHP
    Well 109 control mode changed from LRAT to BHP
    Well 108 control mode changed from LRAT to BHP
    Well 15 control mode changed from LRAT to BHP
    Well 30 control mode changed from LRAT to BHP
 Newton its= 2, linearizations= 3 (1.4sec), linear its=  3 (1.7sec)

Report step 184/371 at day 6820/12511, date = 01-Feb-2010

Starting time step 0, stepsize 28 days, at day 6820/6848, date = 01-Feb-2010
    Well 1 control mode changed from LRAT to BHP
    Well 2 control mode changed from LRAT to BHP
    Well 3 control mode changed from LRAT to BHP
    Well 53 control mode changed from RATE to BHP
    Well 52 control mode changed from LRAT to BHP
    Well 43 control mode changed from LRAT to BHP
    Well 78 control mode changed from LRAT to BHP
    Well 66 control mode changed from LRAT to BHP
    Well 88 control mode changed from LRAT to BHP
    Well 94 control mode changed from LRAT to BHP
    Well 56 control mode changed from LRAT to BHP
    Well 58 control mode changed from LRAT to BHP
    Well 67 control mode changed from LRAT to BHP
    Well 79 control mode changed from LRAT to BHP
    Well 95 control mode changed from LRAT to BHP
    Well 68 control mode changed from LRAT to BHP
    Well 89 control mode changed from LRAT to BHP
    Well 76 control mode changed from RATE to BHP
    Well 80 control mode changed from LRAT to BHP
    Well 63 control mode changed from LRAT to BHP
    Well 74 control mode changed from LRAT to BHP
    Well 75 control mode changed from LRAT to BHP
    Well 64 control mode changed from LRAT to BHP
    Well 100 control mode changed from LRAT to BHP
    Well 81 control mode changed from LRAT to BHP
    Well 92 control mode changed from LRAT to BHP
    Well 55 control mode changed from LRAT to BHP
    Well 101 control mode changed from LRAT to BHP
    Well 93 control mode changed from LRAT to BHP
    Well 82 control mode changed from LRAT to BHP
    Well 48 control mode changed from LRAT to BHP
    Well 54 control mode changed from LRAT to BHP
    Well 47 control mode changed from LRAT to BHP
    Well 90 control mode changed from LRAT to BHP
    Well 85 control mode changed from LRAT to BHP
    Well 11 control mode changed from LRAT to BHP
    Well 23 control mode changed from LRAT to BHP
    Well 104 control mode changed from LRAT to BHP
    Well 106 control mode changed from LRAT to BHP
    Well 107 control mode changed from LRAT to BHP
    Well 109 control mode changed from LRAT to BHP
    Well 108 control mode changed from LRAT to BHP
    Well 15 control mode changed from LRAT to BHP
    Well 30 control mode changed from LRAT to BHP
 Newton its= 2, linearizations= 3 (1.3sec), linear its=  3 (1.5sec)

Report step 185/371 at day 6848/12511, date = 01-Mar-2010

Starting time step 0, stepsize 31 days, at day 6848/6879, date = 01-Mar-2010
    Well 1 control mode changed from LRAT to BHP
    Well 2 control mode changed from LRAT to BHP
    Well 3 control mode changed from LRAT to BHP
    Well 52 control mode changed from LRAT to BHP
    Well 43 control mode changed from LRAT to BHP
    Well 78 control mode changed from LRAT to BHP
    Well 66 control mode changed from LRAT to BHP
    Well 88 control mode changed from LRAT to BHP
    Well 94 control mode changed from LRAT to BHP
    Well 56 control mode changed from LRAT to BHP
    Well 58 control mode changed from LRAT to BHP
    Well 67 control mode changed from LRAT to BHP
    Well 79 control mode changed from LRAT to BHP
    Well 95 control mode changed from LRAT to BHP
    Well 68 control mode changed from LRAT to BHP
    Well 89 control mode changed from LRAT to BHP
    Well 80 control mode changed from LRAT to BHP
    Well 63 control mode changed from LRAT to BHP
    Well 74 control mode changed from LRAT to BHP
    Well 75 control mode changed from LRAT to BHP
    Well 64 control mode changed from LRAT to BHP
    Well 100 control mode changed from LRAT to BHP
    Well 81 control mode changed from LRAT to BHP
    Well 92 control mode changed from LRAT to BHP
    Well 55 control mode changed from LRAT to BHP
    Well 101 control mode changed from LRAT to BHP
    Well 93 control mode changed from LRAT to BHP
    Well 82 control mode changed from LRAT to BHP
    Well 48 control mode changed from LRAT to BHP
    Well 54 control mode changed from LRAT to BHP
    Well 47 control mode changed from LRAT to BHP
    Well 90 control mode changed from LRAT to BHP
    Well 85 control mode changed from LRAT to BHP
    Well 11 control mode changed from LRAT to BHP
    Well 23 control mode changed from LRAT to BHP
    Well 104 control mode changed from LRAT to BHP
    Well 106 control mode changed from LRAT to BHP
    Well 107 control mode changed from LRAT to BHP
    Well 109 control mode changed from LRAT to BHP
    Well 108 control mode changed from LRAT to BHP
    Well 15 control mode changed from LRAT to BHP
    Well 30 control mode changed from LRAT to BHP
 Newton its= 3, linearizations= 4 (1.8sec), linear its=  6 (1.9sec)

Report step 186/371 at day 6879/12511, date = 01-Apr-2010

Starting time step 0, stepsize 30 days, at day 6879/6909, date = 01-Apr-2010
    Well 1 control mode changed from LRAT to BHP
    Well 2 control mode changed from LRAT to BHP
    Well 3 control mode changed from LRAT to BHP
    Well 52 control mode changed from LRAT to BHP
    Well 43 control mode changed from LRAT to BHP
    Well 78 control mode changed from LRAT to BHP
    Well 66 control mode changed from LRAT to BHP
    Well 88 control mode changed from LRAT to BHP
    Well 94 control mode changed from LRAT to BHP
    Well 56 control mode changed from LRAT to BHP
    Well 58 control mode changed from LRAT to BHP
    Well 67 control mode changed from LRAT to BHP
    Well 79 control mode changed from LRAT to BHP
    Well 95 control mode changed from LRAT to BHP
    Well 68 control mode changed from LRAT to BHP
    Well 89 control mode changed from LRAT to BHP
    Well 80 control mode changed from LRAT to BHP
    Well 63 control mode changed from LRAT to BHP
    Well 74 control mode changed from LRAT to BHP
    Well 75 control mode changed from LRAT to BHP
    Well 64 control mode changed from LRAT to BHP
    Well 100 control mode changed from LRAT to BHP
    Well 81 control mode changed from LRAT to BHP
    Well 92 control mode changed from LRAT to BHP
    Well 55 control mode changed from LRAT to BHP
    Well 101 control mode changed from LRAT to BHP
    Well 93 control mode changed from LRAT to BHP
    Well 82 control mode changed from LRAT to BHP
    Well 48 control mode changed from LRAT to BHP
    Well 54 control mode changed from LRAT to BHP
    Well 47 control mode changed from LRAT to BHP
    Well 90 control mode changed from LRAT to BHP
    Well 85 control mode changed from LRAT to BHP
    Well 11 control mode changed from LRAT to BHP
    Well 23 control mode changed from LRAT to BHP
    Well 104 control mode changed from LRAT to BHP
    Well 106 control mode changed from LRAT to BHP
    Well 107 control mode changed from LRAT to BHP
    Well 109 control mode changed from LRAT to BHP
    Well 108 control mode changed from LRAT to BHP
    Well 110 control mode changed from RATE to BHP
    Well 15 control mode changed from LRAT to BHP
    Well 30 control mode changed from LRAT to BHP
    Well 32 control mode changed from LRAT to BHP
 Newton its= 3, linearizations= 4 (1.9sec), linear its=  5 (1.9sec)

Report step 187/371 at day 6909/12511, date = 01-May-2010

Starting time step 0, stepsize 31 days, at day 6909/6940, date = 01-May-2010
    Well 1 control mode changed from LRAT to BHP
    Well 2 control mode changed from LRAT to BHP
    Well 3 control mode changed from LRAT to BHP
    Well 52 control mode changed from LRAT to BHP
    Well 43 control mode changed from LRAT to BHP
    Well 78 control mode changed from LRAT to BHP
    Well 66 control mode changed from LRAT to BHP
    Well 88 control mode changed from LRAT to BHP
    Well 94 control mode changed from LRAT to BHP
    Well 56 control mode changed from LRAT to BHP
    Well 58 control mode changed from LRAT to BHP
    Well 67 control mode changed from LRAT to BHP
    Well 79 control mode changed from LRAT to BHP
    Well 95 control mode changed from LRAT to BHP
    Well 68 control mode changed from LRAT to BHP
    Well 89 control mode changed from LRAT to BHP
    Well 76 control mode changed from BHP to RATE
    Well 80 control mode changed from LRAT to BHP
    Well 63 control mode changed from LRAT to BHP
    Well 74 control mode changed from LRAT to BHP
    Well 75 control mode changed from LRAT to BHP
    Well 64 control mode changed from LRAT to BHP
    Well 100 control mode changed from LRAT to BHP
    Well 81 control mode changed from LRAT to BHP
    Well 92 control mode changed from LRAT to BHP
    Well 55 control mode changed from LRAT to BHP
    Well 101 control mode changed from LRAT to BHP
    Well 93 control mode changed from LRAT to BHP
    Well 82 control mode changed from LRAT to BHP
    Well 48 control mode changed from LRAT to BHP
    Well 54 control mode changed from LRAT to BHP
    Well 47 control mode changed from LRAT to BHP
    Well 90 control mode changed from LRAT to BHP
    Well 85 control mode changed from LRAT to BHP
    Well 11 control mode changed from LRAT to BHP
    Well 23 control mode changed from LRAT to BHP
    Well 98 control mode changed from LRAT to BHP
    Well 104 control mode changed from LRAT to BHP
    Well 106 control mode changed from LRAT to BHP
    Well 107 control mode changed from LRAT to BHP
    Well 109 control mode changed from LRAT to BHP
    Well 108 control mode changed from LRAT to BHP
    Well 15 control mode changed from LRAT to BHP
    Well 30 control mode changed from LRAT to BHP
    Well 32 control mode changed from LRAT to BHP
 Newton its= 3, linearizations= 4 (1.8sec), linear its=  6 (2.0sec)

Report step 188/371 at day 6940/12511, date = 01-Jun-2010

Starting time step 0, stepsize 30 days, at day 6940/6970, date = 01-Jun-2010
    Well 1 control mode changed from LRAT to BHP
    Well 2 control mode changed from LRAT to BHP
    Well 3 control mode changed from LRAT to BHP
    Well 52 control mode changed from LRAT to BHP
    Well 43 control mode changed from LRAT to BHP
    Well 78 control mode changed from LRAT to BHP
    Well 65 control mode changed from BHP to RATE
    Well 66 control mode changed from LRAT to BHP
    Well 88 control mode changed from LRAT to BHP
    Well 94 control mode changed from LRAT to BHP
    Well 56 control mode changed from LRAT to BHP
    Well 58 control mode changed from LRAT to BHP
    Well 67 control mode changed from LRAT to BHP
    Well 79 control mode changed from LRAT to BHP
    Well 95 control mode changed from LRAT to BHP
    Well 68 control mode changed from LRAT to BHP
    Well 89 control mode changed from LRAT to BHP
    Well 80 control mode changed from LRAT to BHP
    Well 63 control mode changed from LRAT to BHP
    Well 74 control mode changed from LRAT to BHP
    Well 75 control mode changed from LRAT to BHP
    Well 64 control mode changed from LRAT to BHP
    Well 100 control mode changed from LRAT to BHP
    Well 81 control mode changed from LRAT to BHP
    Well 92 control mode changed from LRAT to BHP
    Well 55 control mode changed from LRAT to BHP
    Well 101 control mode changed from LRAT to BHP
    Well 93 control mode changed from LRAT to BHP
    Well 82 control mode changed from LRAT to BHP
    Well 48 control mode changed from LRAT to BHP
    Well 54 control mode changed from LRAT to BHP
    Well 47 control mode changed from LRAT to BHP
    Well 90 control mode changed from LRAT to BHP
    Well 85 control mode changed from LRAT to BHP
    Well 103 control mode changed from LRAT to BHP
    Well 11 control mode changed from LRAT to BHP
    Well 23 control mode changed from LRAT to BHP
    Well 98 control mode changed from LRAT to BHP
    Well 104 control mode changed from LRAT to BHP
    Well 106 control mode changed from LRAT to BHP
    Well 107 control mode changed from LRAT to BHP
    Well 109 control mode changed from LRAT to BHP
    Well 108 control mode changed from LRAT to BHP
    Well 15 control mode changed from LRAT to BHP
    Well 30 control mode changed from LRAT to BHP
    Well 32 control mode changed from LRAT to BHP
 Newton its= 2, linearizations= 3 (1.4sec), linear its=  3 (1.3sec)

Report step 189/371 at day 6970/12511, date = 01-Jul-2010

Starting time step 0, stepsize 31 days, at day 6970/7001, date = 01-Jul-2010
    Well 1 control mode changed from LRAT to BHP
    Well 2 control mode changed from LRAT to BHP
    Well 3 control mode changed from LRAT to BHP
    Well 52 control mode changed from LRAT to BHP
    Well 43 control mode changed from LRAT to BHP
    Well 78 control mode changed from LRAT to BHP
    Well 66 control mode changed from LRAT to BHP
    Well 88 control mode changed from LRAT to BHP
    Well 94 control mode changed from LRAT to BHP
    Well 56 control mode changed from LRAT to BHP
    Well 58 control mode changed from LRAT to BHP
    Well 67 control mode changed from LRAT to BHP
    Well 79 control mode changed from LRAT to BHP
    Well 95 control mode changed from LRAT to BHP
    Well 68 control mode changed from LRAT to BHP
    Well 89 control mode changed from LRAT to BHP
    Well 80 control mode changed from LRAT to BHP
    Well 63 control mode changed from LRAT to BHP
    Well 74 control mode changed from LRAT to BHP
    Well 75 control mode changed from LRAT to BHP
    Well 64 control mode changed from LRAT to BHP
    Well 100 control mode changed from LRAT to BHP
    Well 92 control mode changed from LRAT to BHP
    Well 55 control mode changed from LRAT to BHP
    Well 101 control mode changed from LRAT to BHP
    Well 93 control mode changed from LRAT to BHP
    Well 82 control mode changed from LRAT to BHP
    Well 48 control mode changed from LRAT to BHP
    Well 54 control mode changed from LRAT to BHP
    Well 47 control mode changed from LRAT to BHP
    Well 90 control mode changed from LRAT to BHP
    Well 85 control mode changed from LRAT to BHP
    Well 103 control mode changed from LRAT to BHP
    Well 11 control mode changed from LRAT to BHP
    Well 23 control mode changed from LRAT to BHP
    Well 98 control mode changed from LRAT to BHP
    Well 104 control mode changed from LRAT to BHP
    Well 106 control mode changed from LRAT to BHP
    Well 107 control mode changed from LRAT to BHP
    Well 109 control mode changed from LRAT to BHP
    Well 108 control mode changed from LRAT to BHP
    Well 15 control mode changed from LRAT to BHP
    Well 30 control mode changed from LRAT to BHP
    Well 32 control mode changed from LRAT to BHP
 Newton its= 2, linearizations= 3 (1.2sec), linear its=  3 (1.1sec)

Report step 190/371 at day 7001/12511, date = 01-Aug-2010

Starting time step 0, stepsize 31 days, at day 7001/7032, date = 01-Aug-2010
    Oscillating behavior detected: Relaxation set to 0.900000
    Well 1 control mode changed from LRAT to BHP
    Well 2 control mode changed from LRAT to BHP
    Well 3 control mode changed from LRAT to BHP
    Well 52 control mode changed from LRAT to BHP
    Well 43 control mode changed from LRAT to BHP
    Well 78 control mode changed from LRAT to BHP
    Well 66 control mode changed from LRAT to BHP
    Well 88 control mode changed from LRAT to BHP
    Well 94 control mode changed from LRAT to BHP
    Well 56 control mode changed from LRAT to BHP
    Well 58 control mode changed from LRAT to BHP
    Well 67 control mode changed from LRAT to BHP
    Well 79 control mode changed from LRAT to BHP
    Well 95 control mode changed from LRAT to BHP
    Well 68 control mode changed from LRAT to BHP
    Well 89 control mode changed from LRAT to BHP
    Well 80 control mode changed from LRAT to BHP
    Well 63 control mode changed from LRAT to BHP
    Well 74 control mode changed from LRAT to BHP
    Well 75 control mode changed from LRAT to BHP
    Well 64 control mode changed from LRAT to BHP
    Well 100 control mode changed from LRAT to BHP
    Well 92 control mode changed from LRAT to BHP
    Well 55 control mode changed from LRAT to BHP
    Well 101 control mode changed from LRAT to BHP
    Well 93 control mode changed from LRAT to BHP
    Well 82 control mode changed from LRAT to BHP
    Well 54 control mode changed from LRAT to BHP
    Well 47 control mode changed from LRAT to BHP
    Well 90 control mode changed from LRAT to BHP
    Well 85 control mode changed from LRAT to BHP
    Well 103 control mode changed from LRAT to BHP
    Well 11 control mode changed from LRAT to BHP
    Well 23 control mode changed from LRAT to BHP
    Well 98 control mode changed from LRAT to BHP
    Well 104 control mode changed from LRAT to BHP
    Well 106 control mode changed from LRAT to BHP
    Well 107 control mode changed from LRAT to BHP
    Well 109 control mode changed from LRAT to BHP
    Well 108 control mode changed from LRAT to BHP
    Well 15 control mode changed from LRAT to BHP
    Well 30 control mode changed from LRAT to BHP
    Well 32 control mode changed from LRAT to BHP
 Newton its= 3, linearizations= 4 (1.8sec), linear its=  4 (1.7sec)

Report step 191/371 at day 7032/12511, date = 01-Sep-2010

Starting time step 0, stepsize 30 days, at day 7032/7062, date = 01-Sep-2010
    Well 1 control mode changed from LRAT to BHP
    Well 3 control mode changed from LRAT to BHP
    Well 52 control mode changed from LRAT to BHP
    Well 43 control mode changed from LRAT to BHP
    Well 78 control mode changed from LRAT to BHP
    Well 66 control mode changed from LRAT to BHP
    Well 88 control mode changed from LRAT to BHP
    Well 94 control mode changed from LRAT to BHP
    Well 56 control mode changed from LRAT to BHP
    Well 58 control mode changed from LRAT to BHP
    Well 67 control mode changed from LRAT to BHP
    Well 79 control mode changed from LRAT to BHP
    Well 95 control mode changed from LRAT to BHP
    Well 68 control mode changed from LRAT to BHP
    Well 89 control mode changed from LRAT to BHP
    Well 80 control mode changed from LRAT to BHP
    Well 63 control mode changed from LRAT to BHP
    Well 74 control mode changed from LRAT to BHP
    Well 75 control mode changed from LRAT to BHP
    Well 64 control mode changed from LRAT to BHP
    Well 100 control mode changed from LRAT to BHP
    Well 92 control mode changed from LRAT to BHP
    Well 55 control mode changed from LRAT to BHP
    Well 101 control mode changed from LRAT to BHP
    Well 93 control mode changed from LRAT to BHP
    Well 82 control mode changed from LRAT to BHP
    Well 48 control mode changed from LRAT to BHP
    Well 54 control mode changed from LRAT to BHP
    Well 47 control mode changed from LRAT to BHP
    Well 90 control mode changed from LRAT to BHP
    Well 85 control mode changed from LRAT to BHP
    Well 103 control mode changed from LRAT to BHP
    Well 11 control mode changed from LRAT to BHP
    Well 23 control mode changed from LRAT to BHP
    Well 98 control mode changed from LRAT to BHP
    Well 104 control mode changed from LRAT to BHP
    Well 106 control mode changed from LRAT to BHP
    Well 107 control mode changed from LRAT to BHP
    Well 109 control mode changed from LRAT to BHP
    Well 108 control mode changed from LRAT to BHP
    Well 15 control mode changed from LRAT to BHP
    Well 30 control mode changed from LRAT to BHP
    Well 32 control mode changed from LRAT to BHP
 Newton its= 2, linearizations= 3 (1.3sec), linear its=  4 (1.2sec)

Report step 192/371 at day 7062/12511, date = 01-Oct-2010

Starting time step 0, stepsize 31 days, at day 7062/7093, date = 01-Oct-2010
    Well 1 control mode changed from LRAT to BHP
    Well 3 control mode changed from LRAT to BHP
    Well 52 control mode changed from LRAT to BHP
    Well 43 control mode changed from LRAT to BHP
    Well 78 control mode changed from LRAT to BHP
    Well 66 control mode changed from LRAT to BHP
    Well 88 control mode changed from LRAT to BHP
    Well 94 control mode changed from LRAT to BHP
    Well 56 control mode changed from LRAT to BHP
    Well 58 control mode changed from LRAT to BHP
    Well 67 control mode changed from LRAT to BHP
    Well 79 control mode changed from LRAT to BHP
    Well 95 control mode changed from LRAT to BHP
    Well 68 control mode changed from LRAT to BHP
    Well 89 control mode changed from LRAT to BHP
    Well 80 control mode changed from LRAT to BHP
    Well 63 control mode changed from LRAT to BHP
    Well 74 control mode changed from LRAT to BHP
    Well 75 control mode changed from LRAT to BHP
    Well 64 control mode changed from LRAT to BHP
    Well 100 control mode changed from LRAT to BHP
    Well 92 control mode changed from LRAT to BHP
    Well 55 control mode changed from LRAT to BHP
    Well 101 control mode changed from LRAT to BHP
    Well 93 control mode changed from LRAT to BHP
    Well 82 control mode changed from LRAT to BHP
    Well 48 control mode changed from LRAT to BHP
    Well 54 control mode changed from LRAT to BHP
    Well 47 control mode changed from LRAT to BHP
    Well 90 control mode changed from LRAT to BHP
    Well 85 control mode changed from LRAT to BHP
    Well 103 control mode changed from LRAT to BHP
    Well 11 control mode changed from LRAT to BHP
    Well 23 control mode changed from LRAT to BHP
    Well 98 control mode changed from LRAT to BHP
    Well 104 control mode changed from LRAT to BHP
    Well 107 control mode changed from LRAT to BHP
    Well 109 control mode changed from LRAT to BHP
    Well 108 control mode changed from LRAT to BHP
    Well 15 control mode changed from LRAT to BHP
    Well 30 control mode changed from LRAT to BHP
    Well 32 control mode changed from LRAT to BHP
 Newton its= 2, linearizations= 3 (1.4sec), linear its=  4 (1.5sec)

Report step 193/371 at day 7093/12511, date = 01-Nov-2010

Starting time step 0, stepsize 30 days, at day 7093/7123, date = 01-Nov-2010
    Well 1 control mode changed from LRAT to BHP
    Well 3 control mode changed from LRAT to BHP
    Well 52 control mode changed from LRAT to BHP
    Well 43 control mode changed from LRAT to BHP
    Well 78 control mode changed from LRAT to BHP
    Well 66 control mode changed from LRAT to BHP
    Well 88 control mode changed from LRAT to BHP
    Well 94 control mode changed from LRAT to BHP
    Well 56 control mode changed from LRAT to BHP
    Well 58 control mode changed from LRAT to BHP
    Well 67 control mode changed from LRAT to BHP
    Well 79 control mode changed from LRAT to BHP
    Well 95 control mode changed from LRAT to BHP
    Well 68 control mode changed from LRAT to BHP
    Well 89 control mode changed from LRAT to BHP
    Well 80 control mode changed from LRAT to BHP
    Well 63 control mode changed from LRAT to BHP
    Well 74 control mode changed from LRAT to BHP
    Well 75 control mode changed from LRAT to BHP
    Well 64 control mode changed from LRAT to BHP
    Well 100 control mode changed from LRAT to BHP
    Well 92 control mode changed from LRAT to BHP
    Well 55 control mode changed from LRAT to BHP
    Well 101 control mode changed from LRAT to BHP
    Well 93 control mode changed from LRAT to BHP
    Well 82 control mode changed from LRAT to BHP
    Well 48 control mode changed from LRAT to BHP
    Well 54 control mode changed from LRAT to BHP
    Well 47 control mode changed from LRAT to BHP
    Well 90 control mode changed from LRAT to BHP
    Well 85 control mode changed from LRAT to BHP
    Well 103 control mode changed from LRAT to BHP
    Well 11 control mode changed from LRAT to BHP
    Well 23 control mode changed from LRAT to BHP
    Well 98 control mode changed from LRAT to BHP
    Well 104 control mode changed from LRAT to BHP
    Well 107 control mode changed from LRAT to BHP
    Well 109 control mode changed from LRAT to BHP
    Well 108 control mode changed from LRAT to BHP
    Well 15 control mode changed from LRAT to BHP
    Well 30 control mode changed from LRAT to BHP
    Well 32 control mode changed from LRAT to BHP
 Newton its= 2, linearizations= 3 (1.3sec), linear its=  3 (1.3sec)

Report step 194/371 at day 7123/12511, date = 01-Dec-2010

Starting time step 0, stepsize 31 days, at day 7123/7154, date = 01-Dec-2010
    Well 1 control mode changed from LRAT to BHP
    Well 3 control mode changed from LRAT to BHP
    Well 52 control mode changed from LRAT to BHP
    Well 43 control mode changed from LRAT to BHP
    Well 78 control mode changed from LRAT to BHP
    Well 66 control mode changed from LRAT to BHP
    Well 88 control mode changed from LRAT to BHP
    Well 94 control mode changed from LRAT to BHP
    Well 56 control mode changed from LRAT to BHP
    Well 58 control mode changed from LRAT to BHP
    Well 67 control mode changed from LRAT to BHP
    Well 79 control mode changed from LRAT to BHP
    Well 95 control mode changed from LRAT to BHP
    Well 68 control mode changed from LRAT to BHP
    Well 89 control mode changed from LRAT to BHP
    Well 80 control mode changed from LRAT to BHP
    Well 63 control mode changed from LRAT to BHP
    Well 74 control mode changed from LRAT to BHP
    Well 75 control mode changed from LRAT to BHP
    Well 64 control mode changed from LRAT to BHP
    Well 100 control mode changed from LRAT to BHP
    Well 92 control mode changed from LRAT to BHP
    Well 55 control mode changed from LRAT to BHP
    Well 101 control mode changed from LRAT to BHP
    Well 93 control mode changed from LRAT to BHP
    Well 82 control mode changed from LRAT to BHP
    Well 48 control mode changed from LRAT to BHP
    Well 54 control mode changed from LRAT to BHP
    Well 47 control mode changed from LRAT to BHP
    Well 90 control mode changed from LRAT to BHP
    Well 85 control mode changed from LRAT to BHP
    Well 103 control mode changed from LRAT to BHP
    Well 11 control mode changed from LRAT to BHP
    Well 23 control mode changed from LRAT to BHP
    Well 98 control mode changed from LRAT to BHP
    Well 104 control mode changed from LRAT to BHP
    Well 107 control mode changed from LRAT to BHP
    Well 109 control mode changed from LRAT to BHP
    Well 108 control mode changed from LRAT to BHP
    Well 15 control mode changed from LRAT to BHP
    Well 30 control mode changed from LRAT to BHP
    Well 32 control mode changed from LRAT to BHP
    Well 21 control mode changed from LRAT to BHP
    Well 26 control mode changed from RATE to BHP
 Newton its= 2, linearizations= 3 (1.7sec), linear its=  3 (1.5sec)

Report step 195/371 at day 7154/12511, date = 01-Jan-2011

Starting time step 0, stepsize 31 days, at day 7154/7185, date = 01-Jan-2011
    Oscillating behavior detected: Relaxation set to 0.900000
    Well 1 control mode changed from LRAT to BHP
    Well 3 control mode changed from LRAT to BHP
    Well 52 control mode changed from LRAT to BHP
    Well 43 control mode changed from LRAT to BHP
    Well 78 control mode changed from LRAT to BHP
    Well 66 control mode changed from LRAT to BHP
    Well 88 control mode changed from LRAT to BHP
    Well 94 control mode changed from LRAT to BHP
    Well 56 control mode changed from LRAT to BHP
    Well 58 control mode changed from LRAT to BHP
    Well 67 control mode changed from LRAT to BHP
    Well 79 control mode changed from LRAT to BHP
    Well 95 control mode changed from LRAT to BHP
    Well 68 control mode changed from LRAT to BHP
    Well 89 control mode changed from LRAT to BHP
    Well 80 control mode changed from LRAT to BHP
    Well 63 control mode changed from LRAT to BHP
    Well 74 control mode changed from LRAT to BHP
    Well 75 control mode changed from LRAT to BHP
    Well 64 control mode changed from LRAT to BHP
    Well 100 control mode changed from LRAT to BHP
    Well 92 control mode changed from LRAT to BHP
    Well 55 control mode changed from LRAT to BHP
    Well 101 control mode changed from LRAT to BHP
    Well 93 control mode changed from LRAT to BHP
    Well 82 control mode changed from LRAT to BHP
    Well 54 control mode changed from LRAT to BHP
    Well 47 control mode changed from LRAT to BHP
    Well 90 control mode changed from LRAT to BHP
    Well 85 control mode changed from LRAT to BHP
    Well 103 control mode changed from LRAT to BHP
    Well 11 control mode changed from LRAT to BHP
    Well 23 control mode changed from LRAT to BHP
    Well 98 control mode changed from LRAT to BHP
    Well 104 control mode changed from LRAT to BHP
    Well 107 control mode changed from LRAT to BHP
    Well 109 control mode changed from LRAT to BHP
    Well 108 control mode changed from LRAT to BHP
    Well 15 control mode changed from LRAT to BHP
    Well 30 control mode changed from LRAT to BHP
    Well 32 control mode changed from LRAT to BHP
    Well 21 control mode changed from LRAT to BHP
 Newton its= 3, linearizations= 4 (2.0sec), linear its=  5 (2.5sec)

Report step 196/371 at day 7185/12511, date = 01-Feb-2011

Starting time step 0, stepsize 28 days, at day 7185/7213, date = 01-Feb-2011
    Well 1 control mode changed from LRAT to BHP
    Well 3 control mode changed from LRAT to BHP
    Well 52 control mode changed from LRAT to BHP
    Well 43 control mode changed from LRAT to BHP
    Well 78 control mode changed from LRAT to BHP
    Well 66 control mode changed from LRAT to BHP
    Well 88 control mode changed from LRAT to BHP
    Well 94 control mode changed from LRAT to BHP
    Well 56 control mode changed from LRAT to BHP
    Well 58 control mode changed from LRAT to BHP
    Well 67 control mode changed from LRAT to BHP
    Well 79 control mode changed from LRAT to BHP
    Well 95 control mode changed from LRAT to BHP
    Well 68 control mode changed from LRAT to BHP
    Well 89 control mode changed from LRAT to BHP
    Well 80 control mode changed from LRAT to BHP
    Well 63 control mode changed from LRAT to BHP
    Well 74 control mode changed from LRAT to BHP
    Well 75 control mode changed from LRAT to BHP
    Well 64 control mode changed from LRAT to BHP
    Well 100 control mode changed from LRAT to BHP
    Well 92 control mode changed from LRAT to BHP
    Well 55 control mode changed from LRAT to BHP
    Well 101 control mode changed from LRAT to BHP
    Well 93 control mode changed from LRAT to BHP
    Well 82 control mode changed from LRAT to BHP
    Well 54 control mode changed from LRAT to BHP
    Well 47 control mode changed from LRAT to BHP
    Well 90 control mode changed from LRAT to BHP
    Well 85 control mode changed from LRAT to BHP
    Well 103 control mode changed from LRAT to BHP
    Well 11 control mode changed from LRAT to BHP
    Well 23 control mode changed from LRAT to BHP
    Well 98 control mode changed from LRAT to BHP
    Well 104 control mode changed from LRAT to BHP
    Well 107 control mode changed from LRAT to BHP
    Well 109 control mode changed from LRAT to BHP
    Well 108 control mode changed from LRAT to BHP
    Well 15 control mode changed from LRAT to BHP
    Well 30 control mode changed from LRAT to BHP
    Well 32 control mode changed from LRAT to BHP
    Well 21 control mode changed from LRAT to BHP
 Newton its= 3, linearizations= 4 (1.8sec), linear its=  3 (1.6sec)

Report step 197/371 at day 7213/12511, date = 01-Mar-2011

Starting time step 0, stepsize 31 days, at day 7213/7244, date = 01-Mar-2011
    Well 1 control mode changed from LRAT to BHP
    Well 3 control mode changed from LRAT to BHP
    Well 52 control mode changed from LRAT to BHP
    Well 43 control mode changed from LRAT to BHP
    Well 78 control mode changed from LRAT to BHP
    Well 66 control mode changed from LRAT to BHP
    Well 88 control mode changed from LRAT to BHP
    Well 94 control mode changed from LRAT to BHP
    Well 56 control mode changed from LRAT to BHP
    Well 58 control mode changed from LRAT to BHP
    Well 67 control mode changed from LRAT to BHP
    Well 79 control mode changed from LRAT to BHP
    Well 95 control mode changed from LRAT to BHP
    Well 68 control mode changed from LRAT to BHP
    Well 89 control mode changed from LRAT to BHP
    Well 80 control mode changed from LRAT to BHP
    Well 63 control mode changed from LRAT to BHP
    Well 74 control mode changed from LRAT to BHP
    Well 75 control mode changed from LRAT to BHP
    Well 64 control mode changed from LRAT to BHP
    Well 100 control mode changed from LRAT to BHP
    Well 92 control mode changed from LRAT to BHP
    Well 55 control mode changed from LRAT to BHP
    Well 101 control mode changed from LRAT to BHP
    Well 93 control mode changed from LRAT to BHP
    Well 82 control mode changed from LRAT to BHP
    Well 54 control mode changed from LRAT to BHP
    Well 47 control mode changed from LRAT to BHP
    Well 90 control mode changed from LRAT to BHP
    Well 85 control mode changed from LRAT to BHP
    Well 103 control mode changed from LRAT to BHP
    Well 11 control mode changed from LRAT to BHP
    Well 23 control mode changed from LRAT to BHP
    Well 98 control mode changed from LRAT to BHP
    Well 104 control mode changed from LRAT to BHP
    Well 107 control mode changed from LRAT to BHP
    Well 109 control mode changed from LRAT to BHP
    Well 108 control mode changed from LRAT to BHP
    Well 15 control mode changed from LRAT to BHP
    Well 30 control mode changed from LRAT to BHP
    Well 32 control mode changed from LRAT to BHP
    Well 21 control mode changed from LRAT to BHP
 Newton its= 2, linearizations= 3 (1.4sec), linear its=  2 (1.2sec)

Report step 198/371 at day 7244/12511, date = 01-Apr-2011

Starting time step 0, stepsize 30 days, at day 7244/7274, date = 01-Apr-2011
    Oscillating behavior detected: Relaxation set to 0.900000
    Well 1 control mode changed from LRAT to BHP
    Well 3 control mode changed from LRAT to BHP
    Well 52 control mode changed from LRAT to BHP
    Well 43 control mode changed from LRAT to BHP
    Well 78 control mode changed from LRAT to BHP
    Well 66 control mode changed from LRAT to BHP
    Well 88 control mode changed from LRAT to BHP
    Well 94 control mode changed from LRAT to BHP
    Well 56 control mode changed from LRAT to BHP
    Well 58 control mode changed from LRAT to BHP
    Well 67 control mode changed from LRAT to BHP
    Well 79 control mode changed from LRAT to BHP
    Well 95 control mode changed from LRAT to BHP
    Well 68 control mode changed from LRAT to BHP
    Well 89 control mode changed from LRAT to BHP
    Well 80 control mode changed from LRAT to BHP
    Well 63 control mode changed from LRAT to BHP
    Well 74 control mode changed from LRAT to BHP
    Well 75 control mode changed from LRAT to BHP
    Well 64 control mode changed from LRAT to BHP
    Well 100 control mode changed from LRAT to BHP
    Well 92 control mode changed from LRAT to BHP
    Well 55 control mode changed from LRAT to BHP
    Well 101 control mode changed from LRAT to BHP
    Well 93 control mode changed from LRAT to BHP
    Well 82 control mode changed from LRAT to BHP
    Well 54 control mode changed from LRAT to BHP
    Well 47 control mode changed from LRAT to BHP
    Well 90 control mode changed from LRAT to BHP
    Well 85 control mode changed from LRAT to BHP
    Well 103 control mode changed from LRAT to BHP
    Well 11 control mode changed from LRAT to BHP
    Well 23 control mode changed from LRAT to BHP
    Well 104 control mode changed from LRAT to BHP
    Well 107 control mode changed from LRAT to BHP
    Well 109 control mode changed from LRAT to BHP
    Well 108 control mode changed from LRAT to BHP
    Well 15 control mode changed from LRAT to BHP
    Well 30 control mode changed from LRAT to BHP
    Well 32 control mode changed from LRAT to BHP
    Well 21 control mode changed from LRAT to BHP
 Newton its= 3, linearizations= 4 (1.8sec), linear its=  3 (1.6sec)

Report step 199/371 at day 7274/12511, date = 01-May-2011

Starting time step 0, stepsize 31 days, at day 7274/7305, date = 01-May-2011
    Well 1 control mode changed from LRAT to BHP
    Well 3 control mode changed from LRAT to BHP
    Well 52 control mode changed from LRAT to BHP
    Well 43 control mode changed from LRAT to BHP
    Well 78 control mode changed from LRAT to BHP
    Well 66 control mode changed from LRAT to BHP
    Well 88 control mode changed from LRAT to BHP
    Well 94 control mode changed from LRAT to BHP
    Well 56 control mode changed from LRAT to BHP
    Well 58 control mode changed from LRAT to BHP
    Well 67 control mode changed from LRAT to BHP
    Well 79 control mode changed from LRAT to BHP
    Well 95 control mode changed from LRAT to BHP
    Well 68 control mode changed from LRAT to BHP
    Well 89 control mode changed from LRAT to BHP
    Well 80 control mode changed from LRAT to BHP
    Well 63 control mode changed from LRAT to BHP
    Well 74 control mode changed from LRAT to BHP
    Well 75 control mode changed from LRAT to BHP
    Well 64 control mode changed from LRAT to BHP
    Well 92 control mode changed from LRAT to BHP
    Well 55 control mode changed from LRAT to BHP
    Well 101 control mode changed from LRAT to BHP
    Well 93 control mode changed from LRAT to BHP
    Well 82 control mode changed from LRAT to BHP
    Well 54 control mode changed from LRAT to BHP
    Well 47 control mode changed from LRAT to BHP
    Well 90 control mode changed from LRAT to BHP
    Well 85 control mode changed from LRAT to BHP
    Well 103 control mode changed from LRAT to BHP
    Well 11 control mode changed from LRAT to BHP
    Well 23 control mode changed from LRAT to BHP
    Well 104 control mode changed from LRAT to BHP
    Well 107 control mode changed from LRAT to BHP
    Well 109 control mode changed from LRAT to BHP
    Well 108 control mode changed from LRAT to BHP
    Well 15 control mode changed from LRAT to BHP
    Well 30 control mode changed from LRAT to BHP
    Well 32 control mode changed from LRAT to BHP
    Well 21 control mode changed from LRAT to BHP
 Newton its= 3, linearizations= 4 (1.7sec), linear its=  3 (1.7sec)

Report step 200/371 at day 7305/12511, date = 01-Jun-2011

Starting time step 0, stepsize 30 days, at day 7305/7335, date = 01-Jun-2011
    Well 1 control mode changed from LRAT to BHP
    Well 3 control mode changed from LRAT to BHP
    Well 52 control mode changed from LRAT to BHP
    Well 43 control mode changed from LRAT to BHP
    Well 78 control mode changed from LRAT to BHP
    Well 66 control mode changed from LRAT to BHP
    Well 88 control mode changed from LRAT to BHP
    Well 94 control mode changed from LRAT to BHP
    Well 56 control mode changed from LRAT to BHP
    Well 58 control mode changed from LRAT to BHP
    Well 67 control mode changed from LRAT to BHP
    Well 79 control mode changed from LRAT to BHP
    Well 95 control mode changed from LRAT to BHP
    Well 68 control mode changed from LRAT to BHP
    Well 89 control mode changed from LRAT to BHP
    Well 80 control mode changed from LRAT to BHP
    Well 63 control mode changed from LRAT to BHP
    Well 74 control mode changed from LRAT to BHP
    Well 75 control mode changed from LRAT to BHP
    Well 64 control mode changed from LRAT to BHP
    Well 92 control mode changed from LRAT to BHP
    Well 55 control mode changed from LRAT to BHP
    Well 101 control mode changed from LRAT to BHP
    Well 93 control mode changed from LRAT to BHP
    Well 82 control mode changed from LRAT to BHP
    Well 54 control mode changed from LRAT to BHP
    Well 47 control mode changed from LRAT to BHP
    Well 90 control mode changed from LRAT to BHP
    Well 85 control mode changed from LRAT to BHP
    Well 103 control mode changed from LRAT to BHP
    Well 11 control mode changed from LRAT to BHP
    Well 23 control mode changed from LRAT to BHP
    Well 104 control mode changed from LRAT to BHP
    Well 107 control mode changed from LRAT to BHP
    Well 109 control mode changed from LRAT to BHP
    Well 108 control mode changed from LRAT to BHP
    Well 15 control mode changed from LRAT to BHP
    Well 30 control mode changed from LRAT to BHP
    Well 32 control mode changed from LRAT to BHP
    Well 21 control mode changed from LRAT to BHP
 Newton its= 3, linearizations= 4 (1.7sec), linear its=  3 (1.9sec)

Report step 201/371 at day 7335/12511, date = 01-Jul-2011

Starting time step 0, stepsize 31 days, at day 7335/7366, date = 01-Jul-2011
    Well 1 control mode changed from LRAT to BHP
    Well 3 control mode changed from LRAT to BHP
    Well 52 control mode changed from LRAT to BHP
    Well 43 control mode changed from LRAT to BHP
    Well 78 control mode changed from LRAT to BHP
    Well 66 control mode changed from LRAT to BHP
    Well 88 control mode changed from LRAT to BHP
    Well 94 control mode changed from LRAT to BHP
    Well 56 control mode changed from LRAT to BHP
    Well 58 control mode changed from LRAT to BHP
    Well 67 control mode changed from LRAT to BHP
    Well 79 control mode changed from LRAT to BHP
    Well 95 control mode changed from LRAT to BHP
    Well 68 control mode changed from LRAT to BHP
    Well 89 control mode changed from LRAT to BHP
    Well 80 control mode changed from LRAT to BHP
    Well 63 control mode changed from LRAT to BHP
    Well 74 control mode changed from LRAT to BHP
    Well 75 control mode changed from LRAT to BHP
    Well 64 control mode changed from LRAT to BHP
    Well 92 control mode changed from LRAT to BHP
    Well 55 control mode changed from LRAT to BHP
    Well 101 control mode changed from LRAT to BHP
    Well 93 control mode changed from LRAT to BHP
    Well 82 control mode changed from LRAT to BHP
    Well 54 control mode changed from LRAT to BHP
    Well 47 control mode changed from LRAT to BHP
    Well 90 control mode changed from LRAT to BHP
    Well 85 control mode changed from LRAT to BHP
    Well 103 control mode changed from LRAT to BHP
    Well 11 control mode changed from LRAT to BHP
    Well 111 control mode changed from LRAT to BHP
    Well 23 control mode changed from LRAT to BHP
    Well 97 control mode changed from LRAT to BHP
    Well 104 control mode changed from LRAT to BHP
    Well 107 control mode changed from LRAT to BHP
    Well 109 control mode changed from LRAT to BHP
    Well 108 control mode changed from LRAT to BHP
    Well 15 control mode changed from LRAT to BHP
    Well 30 control mode changed from LRAT to BHP
    Well 32 control mode changed from LRAT to BHP
 Newton its= 3, linearizations= 4 (1.8sec), linear its=  3 (1.4sec)

Report step 202/371 at day 7366/12511, date = 01-Aug-2011

Starting time step 0, stepsize 31 days, at day 7366/7397, date = 01-Aug-2011
    Well 1 control mode changed from LRAT to BHP
    Well 3 control mode changed from LRAT to BHP
    Well 52 control mode changed from LRAT to BHP
    Well 43 control mode changed from LRAT to BHP
    Well 78 control mode changed from LRAT to BHP
    Well 66 control mode changed from LRAT to BHP
    Well 88 control mode changed from LRAT to BHP
    Well 94 control mode changed from LRAT to BHP
    Well 56 control mode changed from LRAT to BHP
    Well 58 control mode changed from LRAT to BHP
    Well 67 control mode changed from LRAT to BHP
    Well 79 control mode changed from LRAT to BHP
    Well 95 control mode changed from LRAT to BHP
    Well 68 control mode changed from LRAT to BHP
    Well 89 control mode changed from LRAT to BHP
    Well 80 control mode changed from LRAT to BHP
    Well 63 control mode changed from LRAT to BHP
    Well 74 control mode changed from LRAT to BHP
    Well 75 control mode changed from LRAT to BHP
    Well 64 control mode changed from LRAT to BHP
    Well 92 control mode changed from LRAT to BHP
    Well 55 control mode changed from LRAT to BHP
    Well 101 control mode changed from LRAT to BHP
    Well 93 control mode changed from LRAT to BHP
    Well 82 control mode changed from LRAT to BHP
    Well 54 control mode changed from LRAT to BHP
    Well 47 control mode changed from LRAT to BHP
    Well 90 control mode changed from LRAT to BHP
    Well 85 control mode changed from LRAT to BHP
    Well 103 control mode changed from LRAT to BHP
    Well 11 control mode changed from LRAT to BHP
    Well 111 control mode changed from LRAT to BHP
    Well 23 control mode changed from LRAT to BHP
    Well 97 control mode changed from LRAT to BHP
    Well 104 control mode changed from LRAT to BHP
    Well 107 control mode changed from LRAT to BHP
    Well 109 control mode changed from LRAT to BHP
    Well 108 control mode changed from LRAT to BHP
    Well 15 control mode changed from LRAT to BHP
    Well 30 control mode changed from LRAT to BHP
    Well 32 control mode changed from LRAT to BHP
 Newton its= 2, linearizations= 3 (1.5sec), linear its=  2 (1.2sec)

Report step 203/371 at day 7397/12511, date = 01-Sep-2011

Starting time step 0, stepsize 30 days, at day 7397/7427, date = 01-Sep-2011
    Well 1 control mode changed from LRAT to BHP
    Well 3 control mode changed from LRAT to BHP
    Well 52 control mode changed from LRAT to BHP
    Well 43 control mode changed from LRAT to BHP
    Well 78 control mode changed from LRAT to BHP
    Well 66 control mode changed from LRAT to BHP
    Well 88 control mode changed from LRAT to BHP
    Well 56 control mode changed from LRAT to BHP
    Well 58 control mode changed from LRAT to BHP
    Well 67 control mode changed from LRAT to BHP
    Well 79 control mode changed from LRAT to BHP
    Well 95 control mode changed from LRAT to BHP
    Well 68 control mode changed from LRAT to BHP
    Well 89 control mode changed from LRAT to BHP
    Well 80 control mode changed from LRAT to BHP
    Well 27 control mode changed from RATE to BHP
    Well 63 control mode changed from LRAT to BHP
    Well 74 control mode changed from LRAT to BHP
    Well 75 control mode changed from LRAT to BHP
    Well 64 control mode changed from LRAT to BHP
    Well 92 control mode changed from LRAT to BHP
    Well 55 control mode changed from LRAT to BHP
    Well 101 control mode changed from LRAT to BHP
    Well 93 control mode changed from LRAT to BHP
    Well 82 control mode changed from LRAT to BHP
    Well 54 control mode changed from LRAT to BHP
    Well 47 control mode changed from LRAT to BHP
    Well 90 control mode changed from LRAT to BHP
    Well 85 control mode changed from LRAT to BHP
    Well 103 control mode changed from LRAT to BHP
    Well 11 control mode changed from LRAT to BHP
    Well 111 control mode changed from LRAT to BHP
    Well 23 control mode changed from LRAT to BHP
    Well 97 control mode changed from LRAT to BHP
    Well 104 control mode changed from LRAT to BHP
    Well 107 control mode changed from LRAT to BHP
    Well 109 control mode changed from LRAT to BHP
    Well 108 control mode changed from LRAT to BHP
    Well 15 control mode changed from LRAT to BHP
    Well 30 control mode changed from LRAT to BHP
    Well 32 control mode changed from LRAT to BHP
 Newton its= 2, linearizations= 3 (1.3sec), linear its=  3 (1.2sec)

Report step 204/371 at day 7427/12511, date = 01-Oct-2011

Starting time step 0, stepsize 31 days, at day 7427/7458, date = 01-Oct-2011
    Well 1 control mode changed from LRAT to BHP
    Well 3 control mode changed from LRAT to BHP
    Well 52 control mode changed from LRAT to BHP
    Well 43 control mode changed from LRAT to BHP
    Well 78 control mode changed from LRAT to BHP
    Well 66 control mode changed from LRAT to BHP
    Well 88 control mode changed from LRAT to BHP
    Well 56 control mode changed from LRAT to BHP
    Well 58 control mode changed from LRAT to BHP
    Well 67 control mode changed from LRAT to BHP
    Well 79 control mode changed from LRAT to BHP
    Well 95 control mode changed from LRAT to BHP
    Well 68 control mode changed from LRAT to BHP
    Well 89 control mode changed from LRAT to BHP
    Well 80 control mode changed from LRAT to BHP
    Well 63 control mode changed from LRAT to BHP
    Well 74 control mode changed from LRAT to BHP
    Well 75 control mode changed from LRAT to BHP
    Well 64 control mode changed from LRAT to BHP
    Well 92 control mode changed from LRAT to BHP
    Well 55 control mode changed from LRAT to BHP
    Well 101 control mode changed from LRAT to BHP
    Well 93 control mode changed from LRAT to BHP
    Well 82 control mode changed from LRAT to BHP
    Well 54 control mode changed from LRAT to BHP
    Well 47 control mode changed from LRAT to BHP
    Well 90 control mode changed from LRAT to BHP
    Well 85 control mode changed from LRAT to BHP
    Well 103 control mode changed from LRAT to BHP
    Well 11 control mode changed from LRAT to BHP
    Well 111 control mode changed from LRAT to BHP
    Well 23 control mode changed from LRAT to BHP
    Well 97 control mode changed from LRAT to BHP
    Well 104 control mode changed from LRAT to BHP
    Well 107 control mode changed from LRAT to BHP
    Well 109 control mode changed from LRAT to BHP
    Well 108 control mode changed from LRAT to BHP
    Well 15 control mode changed from LRAT to BHP
    Well 30 control mode changed from LRAT to BHP
    Well 32 control mode changed from LRAT to BHP
 Newton its= 2, linearizations= 3 (1.5sec), linear its=  6 (1.6sec)

Report step 205/371 at day 7458/12511, date = 01-Nov-2011

Starting time step 0, stepsize 30 days, at day 7458/7488, date = 01-Nov-2011
